Copyright 1986-2022 Xilinx, Inc. All Rights Reserved. Copyright 2022-2025 Advanced Micro Devices, Inc. All Rights Reserved.
------------------------------------------------------------------------------------------------------------------------------------------------------------------------------------------------------
| Tool Version : Vivado v.2025.2 (win64) Build 6299465 Fri Nov 14 19:35:11 GMT 2025
| Date         : Mon Apr  6 01:15:56 2026
| Host         : ZHOU-1 running 64-bit major release  (build 9200)
| Command      : report_timing_summary -max_paths 10 -report_unconstrained -file top_timing_summary_routed.rpt -pb top_timing_summary_routed.pb -rpx top_timing_summary_routed.rpx -warn_on_violation
| Design       : top
| Device       : 7k325t-ffg900
| Speed File   : -2  PRODUCTION 1.12 2017-02-17
| Design State : Routed
------------------------------------------------------------------------------------------------------------------------------------------------------------------------------------------------------

Timing Summary Report

------------------------------------------------------------------------------------------------
| Timer Settings
| --------------
------------------------------------------------------------------------------------------------

  Enable Multi Corner Analysis               :  Yes
  Enable Pessimism Removal                   :  Yes
  Pessimism Removal Resolution               :  Nearest Common Node
  Enable Input Delay Default Clock           :  No
  Enable Preset / Clear Arcs                 :  No
  Disable Flight Delays                      :  No
  Ignore I/O Paths                           :  No
  Timing Early Launch at Borrowing Latches   :  No
  Borrow Time for Max Delay Exceptions       :  Yes
  Merge Timing Exceptions                    :  Yes
  Inter-SLR Compensation                     :  Conservative

  Corner  Analyze    Analyze    
  Name    Max Paths  Min Paths  
  ------  ---------  ---------  
  Slow    Yes        Yes        
  Fast    Yes        Yes        


------------------------------------------------------------------------------------------------
| Report Methodology
| ------------------
------------------------------------------------------------------------------------------------

Rule       Severity  Description                                  Violations  
---------  --------  -------------------------------------------  ----------  
TIMING-20  Warning   Non-clocked latch                            1           
ULMTCS-1   Warning   Control Sets use limits recommend reduction  1           
LATCH-1    Advisory  Existing latches in the design               1           

Note: This report is based on the most recent report_methodology run and may not be up-to-date. Run report_methodology on the current design for the latest report.



check_timing report

Table of Contents
-----------------
1. checking no_clock (7)
2. checking constant_clock (0)
3. checking pulse_width_clock (0)
4. checking unconstrained_internal_endpoints (1)
5. checking no_input_delay (1)
6. checking no_output_delay (69)
7. checking multiple_clock (0)
8. checking generated_clocks (0)
9. checking loops (0)
10. checking partial_input_delay (0)
11. checking partial_output_delay (0)
12. checking latch_loops (0)

1. checking no_clock (7)
------------------------
 There is 1 register/latch pin with no clock driven by root clock pin: student_top_inst/Core_cpu/ins_reg[0]/Q (HIGH)

 There is 1 register/latch pin with no clock driven by root clock pin: student_top_inst/Core_cpu/ins_reg[1]/Q (HIGH)

 There is 1 register/latch pin with no clock driven by root clock pin: student_top_inst/Core_cpu/ins_reg[2]/Q (HIGH)

 There is 1 register/latch pin with no clock driven by root clock pin: student_top_inst/Core_cpu/ins_reg[3]/Q (HIGH)

 There is 1 register/latch pin with no clock driven by root clock pin: student_top_inst/Core_cpu/ins_reg[4]/Q (HIGH)

 There is 1 register/latch pin with no clock driven by root clock pin: student_top_inst/Core_cpu/ins_reg[5]/Q (HIGH)

 There is 1 register/latch pin with no clock driven by root clock pin: student_top_inst/Core_cpu/ins_reg[6]/Q (HIGH)


2. checking constant_clock (0)
------------------------------
 There are 0 register/latch pins with constant_clock.


3. checking pulse_width_clock (0)
---------------------------------
 There are 0 register/latch pins which need pulse_width check


4. checking unconstrained_internal_endpoints (1)
------------------------------------------------
 There is 1 pin that is not constrained for maximum delay. (HIGH)

 There are 0 pins that are not constrained for maximum delay due to constant clock.


5. checking no_input_delay (1)
------------------------------
 There is 1 input port with no input delay specified. (HIGH)

 There are 0 input ports with no input delay but user has a false path constraint.


6. checking no_output_delay (69)
--------------------------------
 There are 69 ports with no output delay specified. (HIGH)

 There are 0 ports with no output delay but user has a false path constraint

 There are 0 ports with no output delay but with a timing clock defined on it or propagating through it


7. checking multiple_clock (0)
------------------------------
 There are 0 register/latch pins with multiple clocks.


8. checking generated_clocks (0)
--------------------------------
 There are 0 generated clocks that are not connected to a clock source.


9. checking loops (0)
---------------------
 There are 0 combinational loops in the design.


10. checking partial_input_delay (0)
------------------------------------
 There are 0 input ports with partial input delay specified.


11. checking partial_output_delay (0)
-------------------------------------
 There are 0 ports with partial output delay specified.


12. checking latch_loops (0)
----------------------------
 There are 0 combinational latch loops in the design through latch input



------------------------------------------------------------------------------------------------
| Design Timing Summary
| ---------------------
------------------------------------------------------------------------------------------------

    WNS(ns)      TNS(ns)  TNS Failing Endpoints  TNS Total Endpoints      WHS(ns)      THS(ns)  THS Failing Endpoints  THS Total Endpoints     WPWS(ns)     TPWS(ns)  TPWS Failing Endpoints  TPWS Total Endpoints  
    -------      -------  ---------------------  -------------------      -------      -------  ---------------------  -------------------     --------     --------  ----------------------  --------------------  
      4.394        0.000                      0               330911        0.103        0.000                      0               330911        1.100        0.000                       0                 34585  


All user specified timing constraints are met.


------------------------------------------------------------------------------------------------
| Clock Summary
| -------------
------------------------------------------------------------------------------------------------

Clock           Waveform(ns)         Period(ns)      Frequency(MHz)
-----           ------------         ----------      --------------
i_sys_clk_p     {0.000 2.500}        5.000           200.000         
  clk_out1_pll  {0.000 10.000}       20.000          50.000          
  clk_out2_pll  {0.000 10.000}       20.000          50.000          
  clkfbout_pll  {0.000 10.000}       20.000          50.000          


------------------------------------------------------------------------------------------------
| Intra Clock Table
| -----------------
------------------------------------------------------------------------------------------------

Clock               WNS(ns)      TNS(ns)  TNS Failing Endpoints  TNS Total Endpoints      WHS(ns)      THS(ns)  THS Failing Endpoints  THS Total Endpoints     WPWS(ns)     TPWS(ns)  TPWS Failing Endpoints  TPWS Total Endpoints  
-----               -------      -------  ---------------------  -------------------      -------      -------  ---------------------  -------------------     --------     --------  ----------------------  --------------------  
i_sys_clk_p                                                                                                                                                       1.100        0.000                       0                     2  
  clk_out1_pll       16.329        0.000                      0                  558        0.125        0.000                      0                  558        9.600        0.000                       0                   355  
  clk_out2_pll        4.394        0.000                      0               330291        0.122        0.000                      0               330291        9.232        0.000                       0                 34225  
  clkfbout_pll                                                                                                                                                   18.591        0.000                       0                     3  


------------------------------------------------------------------------------------------------
| Inter Clock Table
| -----------------
------------------------------------------------------------------------------------------------

From Clock    To Clock          WNS(ns)      TNS(ns)  TNS Failing Endpoints  TNS Total Endpoints      WHS(ns)      THS(ns)  THS Failing Endpoints  THS Total Endpoints  
----------    --------          -------      -------  ---------------------  -------------------      -------      -------  ---------------------  -------------------  
clk_out2_pll  clk_out1_pll       12.952        0.000                      0                   63        0.140        0.000                      0                   63  
clk_out1_pll  clk_out2_pll       16.832        0.000                      0                   32        0.103        0.000                      0                   32  


------------------------------------------------------------------------------------------------
| Other Path Groups Table
| -----------------------
------------------------------------------------------------------------------------------------

Path Group    From Clock    To Clock          WNS(ns)      TNS(ns)  TNS Failing Endpoints  TNS Total Endpoints      WHS(ns)      THS(ns)  THS Failing Endpoints  THS Total Endpoints  
----------    ----------    --------          -------      -------  ---------------------  -------------------      -------      -------  ---------------------  -------------------  


------------------------------------------------------------------------------------------------
| User Ignored Path Table
| -----------------------
------------------------------------------------------------------------------------------------

Path Group    From Clock    To Clock    
----------    ----------    --------    


------------------------------------------------------------------------------------------------
| Unconstrained Path Table
| ------------------------
------------------------------------------------------------------------------------------------

Path Group    From Clock    To Clock    
----------    ----------    --------    
(none)        clk_out1_pll                
(none)        clk_out2_pll                
(none)                      clk_out1_pll  
(none)                      clk_out2_pll  


------------------------------------------------------------------------------------------------
| Timing Details
| --------------
------------------------------------------------------------------------------------------------


---------------------------------------------------------------------------------------------------
From Clock:  i_sys_clk_p
  To Clock:  i_sys_clk_p

Setup :           NA  Failing Endpoints,  Worst Slack           NA  ,  Total Violation           NA
Hold  :           NA  Failing Endpoints,  Worst Slack           NA  ,  Total Violation           NA
PW    :            0  Failing Endpoints,  Worst Slack        1.100ns,  Total Violation        0.000ns
---------------------------------------------------------------------------------------------------


Pulse Width Checks
--------------------------------------------------------------------------------------
Clock Name:         i_sys_clk_p
Waveform(ns):       { 0.000 2.500 }
Period(ns):         5.000
Sources:            { i_sys_clk_p }

Check Type        Corner  Lib Pin           Reference Pin  Required(ns)  Actual(ns)  Slack(ns)  Location        Pin
Min Period        n/a     BUFG/I            n/a            1.408         5.000       3.591      BUFGCTRL_X0Y3   pll_inst/inst/clkin1_bufg1/I
Min Period        n/a     PLLE2_ADV/CLKIN1  n/a            1.071         5.000       3.929      PLLE2_ADV_X1Y0  pll_inst/inst/plle2_adv_inst/CLKIN1
Max Period        n/a     PLLE2_ADV/CLKIN1  n/a            52.633        5.000       47.633     PLLE2_ADV_X1Y0  pll_inst/inst/plle2_adv_inst/CLKIN1
Low Pulse Width   Slow    PLLE2_ADV/CLKIN1  n/a            1.400         2.500       1.100      PLLE2_ADV_X1Y0  pll_inst/inst/plle2_adv_inst/CLKIN1
Low Pulse Width   Fast    PLLE2_ADV/CLKIN1  n/a            1.400         2.500       1.100      PLLE2_ADV_X1Y0  pll_inst/inst/plle2_adv_inst/CLKIN1
High Pulse Width  Slow    PLLE2_ADV/CLKIN1  n/a            1.400         2.500       1.100      PLLE2_ADV_X1Y0  pll_inst/inst/plle2_adv_inst/CLKIN1
High Pulse Width  Fast    PLLE2_ADV/CLKIN1  n/a            1.400         2.500       1.100      PLLE2_ADV_X1Y0  pll_inst/inst/plle2_adv_inst/CLKIN1



---------------------------------------------------------------------------------------------------
From Clock:  clk_out1_pll
  To Clock:  clk_out1_pll

Setup :            0  Failing Endpoints,  Worst Slack       16.329ns,  Total Violation        0.000ns
Hold  :            0  Failing Endpoints,  Worst Slack        0.125ns,  Total Violation        0.000ns
PW    :            0  Failing Endpoints,  Worst Slack        9.600ns,  Total Violation        0.000ns
---------------------------------------------------------------------------------------------------


Max Delay Paths
--------------------------------------------------------------------------------------
Slack (MET) :             16.329ns  (required time - arrival time)
  Source:                 uart_inst/tx_cnt_reg[7]/C
                            (rising edge-triggered cell FDCE clocked by clk_out1_pll  {rise@0.000ns fall@10.000ns period=20.000ns})
  Destination:            uart_inst/tx_bit_cnt_reg[0]/CE
                            (rising edge-triggered cell FDCE clocked by clk_out1_pll  {rise@0.000ns fall@10.000ns period=20.000ns})
  Path Group:             clk_out1_pll
  Path Type:              Setup (Max at Slow Process Corner)
  Requirement:            20.000ns  (clk_out1_pll rise@20.000ns - clk_out1_pll rise@0.000ns)
  Data Path Delay:        3.313ns  (logic 0.561ns (16.931%)  route 2.752ns (83.069%))
  Logic Levels:           4  (LUT3=1 LUT6=3)
  Clock Path Skew:        -0.051ns (DCD - SCD + CPR)
    Destination Clock Delay (DCD):    4.312ns = ( 24.312 - 20.000 ) 
    Source Clock Delay      (SCD):    4.725ns
    Clock Pessimism Removal (CPR):    0.361ns
  Clock Uncertainty:      0.105ns  ((TSJ^2 + DJ^2)^1/2) / 2 + PE
    Total System Jitter     (TSJ):    0.071ns
    Discrete Jitter          (DJ):    0.198ns
    Phase Error              (PE):    0.000ns

    Location             Delay type                Incr(ns)  Path(ns)    Netlist Resource(s)
  -------------------------------------------------------------------    -------------------
                         (clock clk_out1_pll rise edge)
                                                      0.000     0.000 r  
    AD12                                              0.000     0.000 r  i_sys_clk_p (IN)
                         net (fo=0)                   0.000     0.000    pll_inst/inst/clk_in1_p
    AD12                 IBUFDS (Prop_ibufds_I_O)     0.906     0.906 r  pll_inst/inst/clkin1_ibufgds/O
                         net (fo=1, routed)           2.299     3.205    pll_inst/inst/clk_in1_pll_buf
    BUFGCTRL_X0Y3        BUFG (Prop_bufg_I_O)         0.093     3.298 r  pll_inst/inst/clkin1_bufg1/O
                         net (fo=1, routed)           1.959     5.257    pll_inst/inst/clk_in1_pll
    PLLE2_ADV_X1Y0       PLLE2_ADV (Prop_plle2_adv_CLKIN1_CLKOUT0)
                                                     -4.519     0.738 r  pll_inst/inst/plle2_adv_inst/CLKOUT0
                         net (fo=1, routed)           2.467     3.205    pll_inst/inst/clk_out1_pll
    BUFGCTRL_X0Y1        BUFG (Prop_bufg_I_O)         0.093     3.298 r  pll_inst/inst/clkout1_buf/O
                         net (fo=353, routed)         1.427     4.725    uart_inst/clk_out1
    SLICE_X34Y271        FDCE                                         r  uart_inst/tx_cnt_reg[7]/C
  -------------------------------------------------------------------    -------------------
    SLICE_X34Y271        FDCE (Prop_fdce_C_Q)         0.204     4.929 f  uart_inst/tx_cnt_reg[7]/Q
                         net (fo=2, routed)           0.657     5.586    uart_inst/tx_cnt_reg_n_0_[7]
    SLICE_X31Y272        LUT6 (Prop_lut6_I1_O)        0.123     5.709 r  uart_inst/tx_i_2/O
                         net (fo=2, routed)           0.363     6.072    uart_inst/tx_i_2_n_0
    SLICE_X31Y272        LUT6 (Prop_lut6_I0_O)        0.043     6.115 r  uart_inst/tx_cnt[12]_i_3/O
                         net (fo=13, routed)          0.550     6.665    uart_inst/tx_cnt[12]_i_3_n_0
    SLICE_X35Y271        LUT3 (Prop_lut3_I0_O)        0.054     6.719 r  uart_inst/tx_shift[8]_i_1/O
                         net (fo=11, routed)          0.963     7.682    uart_inst/tx_shift[0]
    SLICE_X40Y275        LUT6 (Prop_lut6_I0_O)        0.137     7.819 r  uart_inst/tx_bit_cnt[3]_i_1/O
                         net (fo=4, routed)           0.220     8.038    uart_inst/tx_bit_cnt[0]
    SLICE_X40Y275        FDCE                                         r  uart_inst/tx_bit_cnt_reg[0]/CE
  -------------------------------------------------------------------    -------------------

                         (clock clk_out1_pll rise edge)
                                                     20.000    20.000 r  
    AD12                                              0.000    20.000 r  i_sys_clk_p (IN)
                         net (fo=0)                   0.000    20.000    pll_inst/inst/clk_in1_p
    AD12                 IBUFDS (Prop_ibufds_I_O)     0.803    20.803 r  pll_inst/inst/clkin1_ibufgds/O
                         net (fo=1, routed)           2.173    22.976    pll_inst/inst/clk_in1_pll_buf
    BUFGCTRL_X0Y3        BUFG (Prop_bufg_I_O)         0.083    23.059 r  pll_inst/inst/clkin1_bufg1/O
                         net (fo=1, routed)           1.796    24.855    pll_inst/inst/clk_in1_pll
    PLLE2_ADV_X1Y0       PLLE2_ADV (Prop_plle2_adv_CLKIN1_CLKOUT0)
                                                     -4.213    20.642 r  pll_inst/inst/plle2_adv_inst/CLKOUT0
                         net (fo=1, routed)           2.334    22.976    pll_inst/inst/clk_out1_pll
    BUFGCTRL_X0Y1        BUFG (Prop_bufg_I_O)         0.083    23.059 r  pll_inst/inst/clkout1_buf/O
                         net (fo=353, routed)         1.253    24.312    uart_inst/clk_out1
    SLICE_X40Y275        FDCE                                         r  uart_inst/tx_bit_cnt_reg[0]/C
                         clock pessimism              0.361    24.674    
                         clock uncertainty           -0.105    24.568    
    SLICE_X40Y275        FDCE (Setup_fdce_C_CE)      -0.201    24.367    uart_inst/tx_bit_cnt_reg[0]
  -------------------------------------------------------------------
                         required time                         24.367    
                         arrival time                          -8.038    
  -------------------------------------------------------------------
                         slack                                 16.329    

Slack (MET) :             16.329ns  (required time - arrival time)
  Source:                 uart_inst/tx_cnt_reg[7]/C
                            (rising edge-triggered cell FDCE clocked by clk_out1_pll  {rise@0.000ns fall@10.000ns period=20.000ns})
  Destination:            uart_inst/tx_bit_cnt_reg[1]/CE
                            (rising edge-triggered cell FDCE clocked by clk_out1_pll  {rise@0.000ns fall@10.000ns period=20.000ns})
  Path Group:             clk_out1_pll
  Path Type:              Setup (Max at Slow Process Corner)
  Requirement:            20.000ns  (clk_out1_pll rise@20.000ns - clk_out1_pll rise@0.000ns)
  Data Path Delay:        3.313ns  (logic 0.561ns (16.931%)  route 2.752ns (83.069%))
  Logic Levels:           4  (LUT3=1 LUT6=3)
  Clock Path Skew:        -0.051ns (DCD - SCD + CPR)
    Destination Clock Delay (DCD):    4.312ns = ( 24.312 - 20.000 ) 
    Source Clock Delay      (SCD):    4.725ns
    Clock Pessimism Removal (CPR):    0.361ns
  Clock Uncertainty:      0.105ns  ((TSJ^2 + DJ^2)^1/2) / 2 + PE
    Total System Jitter     (TSJ):    0.071ns
    Discrete Jitter          (DJ):    0.198ns
    Phase Error              (PE):    0.000ns

    Location             Delay type                Incr(ns)  Path(ns)    Netlist Resource(s)
  -------------------------------------------------------------------    -------------------
                         (clock clk_out1_pll rise edge)
                                                      0.000     0.000 r  
    AD12                                              0.000     0.000 r  i_sys_clk_p (IN)
                         net (fo=0)                   0.000     0.000    pll_inst/inst/clk_in1_p
    AD12                 IBUFDS (Prop_ibufds_I_O)     0.906     0.906 r  pll_inst/inst/clkin1_ibufgds/O
                         net (fo=1, routed)           2.299     3.205    pll_inst/inst/clk_in1_pll_buf
    BUFGCTRL_X0Y3        BUFG (Prop_bufg_I_O)         0.093     3.298 r  pll_inst/inst/clkin1_bufg1/O
                         net (fo=1, routed)           1.959     5.257    pll_inst/inst/clk_in1_pll
    PLLE2_ADV_X1Y0       PLLE2_ADV (Prop_plle2_adv_CLKIN1_CLKOUT0)
                                                     -4.519     0.738 r  pll_inst/inst/plle2_adv_inst/CLKOUT0
                         net (fo=1, routed)           2.467     3.205    pll_inst/inst/clk_out1_pll
    BUFGCTRL_X0Y1        BUFG (Prop_bufg_I_O)         0.093     3.298 r  pll_inst/inst/clkout1_buf/O
                         net (fo=353, routed)         1.427     4.725    uart_inst/clk_out1
    SLICE_X34Y271        FDCE                                         r  uart_inst/tx_cnt_reg[7]/C
  -------------------------------------------------------------------    -------------------
    SLICE_X34Y271        FDCE (Prop_fdce_C_Q)         0.204     4.929 f  uart_inst/tx_cnt_reg[7]/Q
                         net (fo=2, routed)           0.657     5.586    uart_inst/tx_cnt_reg_n_0_[7]
    SLICE_X31Y272        LUT6 (Prop_lut6_I1_O)        0.123     5.709 r  uart_inst/tx_i_2/O
                         net (fo=2, routed)           0.363     6.072    uart_inst/tx_i_2_n_0
    SLICE_X31Y272        LUT6 (Prop_lut6_I0_O)        0.043     6.115 r  uart_inst/tx_cnt[12]_i_3/O
                         net (fo=13, routed)          0.550     6.665    uart_inst/tx_cnt[12]_i_3_n_0
    SLICE_X35Y271        LUT3 (Prop_lut3_I0_O)        0.054     6.719 r  uart_inst/tx_shift[8]_i_1/O
                         net (fo=11, routed)          0.963     7.682    uart_inst/tx_shift[0]
    SLICE_X40Y275        LUT6 (Prop_lut6_I0_O)        0.137     7.819 r  uart_inst/tx_bit_cnt[3]_i_1/O
                         net (fo=4, routed)           0.220     8.038    uart_inst/tx_bit_cnt[0]
    SLICE_X40Y275        FDCE                                         r  uart_inst/tx_bit_cnt_reg[1]/CE
  -------------------------------------------------------------------    -------------------

                         (clock clk_out1_pll rise edge)
                                                     20.000    20.000 r  
    AD12                                              0.000    20.000 r  i_sys_clk_p (IN)
                         net (fo=0)                   0.000    20.000    pll_inst/inst/clk_in1_p
    AD12                 IBUFDS (Prop_ibufds_I_O)     0.803    20.803 r  pll_inst/inst/clkin1_ibufgds/O
                         net (fo=1, routed)           2.173    22.976    pll_inst/inst/clk_in1_pll_buf
    BUFGCTRL_X0Y3        BUFG (Prop_bufg_I_O)         0.083    23.059 r  pll_inst/inst/clkin1_bufg1/O
                         net (fo=1, routed)           1.796    24.855    pll_inst/inst/clk_in1_pll
    PLLE2_ADV_X1Y0       PLLE2_ADV (Prop_plle2_adv_CLKIN1_CLKOUT0)
                                                     -4.213    20.642 r  pll_inst/inst/plle2_adv_inst/CLKOUT0
                         net (fo=1, routed)           2.334    22.976    pll_inst/inst/clk_out1_pll
    BUFGCTRL_X0Y1        BUFG (Prop_bufg_I_O)         0.083    23.059 r  pll_inst/inst/clkout1_buf/O
                         net (fo=353, routed)         1.253    24.312    uart_inst/clk_out1
    SLICE_X40Y275        FDCE                                         r  uart_inst/tx_bit_cnt_reg[1]/C
                         clock pessimism              0.361    24.674    
                         clock uncertainty           -0.105    24.568    
    SLICE_X40Y275        FDCE (Setup_fdce_C_CE)      -0.201    24.367    uart_inst/tx_bit_cnt_reg[1]
  -------------------------------------------------------------------
                         required time                         24.367    
                         arrival time                          -8.038    
  -------------------------------------------------------------------
                         slack                                 16.329    

Slack (MET) :             16.329ns  (required time - arrival time)
  Source:                 uart_inst/tx_cnt_reg[7]/C
                            (rising edge-triggered cell FDCE clocked by clk_out1_pll  {rise@0.000ns fall@10.000ns period=20.000ns})
  Destination:            uart_inst/tx_bit_cnt_reg[2]/CE
                            (rising edge-triggered cell FDCE clocked by clk_out1_pll  {rise@0.000ns fall@10.000ns period=20.000ns})
  Path Group:             clk_out1_pll
  Path Type:              Setup (Max at Slow Process Corner)
  Requirement:            20.000ns  (clk_out1_pll rise@20.000ns - clk_out1_pll rise@0.000ns)
  Data Path Delay:        3.313ns  (logic 0.561ns (16.931%)  route 2.752ns (83.069%))
  Logic Levels:           4  (LUT3=1 LUT6=3)
  Clock Path Skew:        -0.051ns (DCD - SCD + CPR)
    Destination Clock Delay (DCD):    4.312ns = ( 24.312 - 20.000 ) 
    Source Clock Delay      (SCD):    4.725ns
    Clock Pessimism Removal (CPR):    0.361ns
  Clock Uncertainty:      0.105ns  ((TSJ^2 + DJ^2)^1/2) / 2 + PE
    Total System Jitter     (TSJ):    0.071ns
    Discrete Jitter          (DJ):    0.198ns
    Phase Error              (PE):    0.000ns

    Location             Delay type                Incr(ns)  Path(ns)    Netlist Resource(s)
  -------------------------------------------------------------------    -------------------
                         (clock clk_out1_pll rise edge)
                                                      0.000     0.000 r  
    AD12                                              0.000     0.000 r  i_sys_clk_p (IN)
                         net (fo=0)                   0.000     0.000    pll_inst/inst/clk_in1_p
    AD12                 IBUFDS (Prop_ibufds_I_O)     0.906     0.906 r  pll_inst/inst/clkin1_ibufgds/O
                         net (fo=1, routed)           2.299     3.205    pll_inst/inst/clk_in1_pll_buf
    BUFGCTRL_X0Y3        BUFG (Prop_bufg_I_O)         0.093     3.298 r  pll_inst/inst/clkin1_bufg1/O
                         net (fo=1, routed)           1.959     5.257    pll_inst/inst/clk_in1_pll
    PLLE2_ADV_X1Y0       PLLE2_ADV (Prop_plle2_adv_CLKIN1_CLKOUT0)
                                                     -4.519     0.738 r  pll_inst/inst/plle2_adv_inst/CLKOUT0
                         net (fo=1, routed)           2.467     3.205    pll_inst/inst/clk_out1_pll
    BUFGCTRL_X0Y1        BUFG (Prop_bufg_I_O)         0.093     3.298 r  pll_inst/inst/clkout1_buf/O
                         net (fo=353, routed)         1.427     4.725    uart_inst/clk_out1
    SLICE_X34Y271        FDCE                                         r  uart_inst/tx_cnt_reg[7]/C
  -------------------------------------------------------------------    -------------------
    SLICE_X34Y271        FDCE (Prop_fdce_C_Q)         0.204     4.929 f  uart_inst/tx_cnt_reg[7]/Q
                         net (fo=2, routed)           0.657     5.586    uart_inst/tx_cnt_reg_n_0_[7]
    SLICE_X31Y272        LUT6 (Prop_lut6_I1_O)        0.123     5.709 r  uart_inst/tx_i_2/O
                         net (fo=2, routed)           0.363     6.072    uart_inst/tx_i_2_n_0
    SLICE_X31Y272        LUT6 (Prop_lut6_I0_O)        0.043     6.115 r  uart_inst/tx_cnt[12]_i_3/O
                         net (fo=13, routed)          0.550     6.665    uart_inst/tx_cnt[12]_i_3_n_0
    SLICE_X35Y271        LUT3 (Prop_lut3_I0_O)        0.054     6.719 r  uart_inst/tx_shift[8]_i_1/O
                         net (fo=11, routed)          0.963     7.682    uart_inst/tx_shift[0]
    SLICE_X40Y275        LUT6 (Prop_lut6_I0_O)        0.137     7.819 r  uart_inst/tx_bit_cnt[3]_i_1/O
                         net (fo=4, routed)           0.220     8.038    uart_inst/tx_bit_cnt[0]
    SLICE_X40Y275        FDCE                                         r  uart_inst/tx_bit_cnt_reg[2]/CE
  -------------------------------------------------------------------    -------------------

                         (clock clk_out1_pll rise edge)
                                                     20.000    20.000 r  
    AD12                                              0.000    20.000 r  i_sys_clk_p (IN)
                         net (fo=0)                   0.000    20.000    pll_inst/inst/clk_in1_p
    AD12                 IBUFDS (Prop_ibufds_I_O)     0.803    20.803 r  pll_inst/inst/clkin1_ibufgds/O
                         net (fo=1, routed)           2.173    22.976    pll_inst/inst/clk_in1_pll_buf
    BUFGCTRL_X0Y3        BUFG (Prop_bufg_I_O)         0.083    23.059 r  pll_inst/inst/clkin1_bufg1/O
                         net (fo=1, routed)           1.796    24.855    pll_inst/inst/clk_in1_pll
    PLLE2_ADV_X1Y0       PLLE2_ADV (Prop_plle2_adv_CLKIN1_CLKOUT0)
                                                     -4.213    20.642 r  pll_inst/inst/plle2_adv_inst/CLKOUT0
                         net (fo=1, routed)           2.334    22.976    pll_inst/inst/clk_out1_pll
    BUFGCTRL_X0Y1        BUFG (Prop_bufg_I_O)         0.083    23.059 r  pll_inst/inst/clkout1_buf/O
                         net (fo=353, routed)         1.253    24.312    uart_inst/clk_out1
    SLICE_X40Y275        FDCE                                         r  uart_inst/tx_bit_cnt_reg[2]/C
                         clock pessimism              0.361    24.674    
                         clock uncertainty           -0.105    24.568    
    SLICE_X40Y275        FDCE (Setup_fdce_C_CE)      -0.201    24.367    uart_inst/tx_bit_cnt_reg[2]
  -------------------------------------------------------------------
                         required time                         24.367    
                         arrival time                          -8.038    
  -------------------------------------------------------------------
                         slack                                 16.329    

Slack (MET) :             16.329ns  (required time - arrival time)
  Source:                 uart_inst/tx_cnt_reg[7]/C
                            (rising edge-triggered cell FDCE clocked by clk_out1_pll  {rise@0.000ns fall@10.000ns period=20.000ns})
  Destination:            uart_inst/tx_bit_cnt_reg[3]/CE
                            (rising edge-triggered cell FDCE clocked by clk_out1_pll  {rise@0.000ns fall@10.000ns period=20.000ns})
  Path Group:             clk_out1_pll
  Path Type:              Setup (Max at Slow Process Corner)
  Requirement:            20.000ns  (clk_out1_pll rise@20.000ns - clk_out1_pll rise@0.000ns)
  Data Path Delay:        3.313ns  (logic 0.561ns (16.931%)  route 2.752ns (83.069%))
  Logic Levels:           4  (LUT3=1 LUT6=3)
  Clock Path Skew:        -0.051ns (DCD - SCD + CPR)
    Destination Clock Delay (DCD):    4.312ns = ( 24.312 - 20.000 ) 
    Source Clock Delay      (SCD):    4.725ns
    Clock Pessimism Removal (CPR):    0.361ns
  Clock Uncertainty:      0.105ns  ((TSJ^2 + DJ^2)^1/2) / 2 + PE
    Total System Jitter     (TSJ):    0.071ns
    Discrete Jitter          (DJ):    0.198ns
    Phase Error              (PE):    0.000ns

    Location             Delay type                Incr(ns)  Path(ns)    Netlist Resource(s)
  -------------------------------------------------------------------    -------------------
                         (clock clk_out1_pll rise edge)
                                                      0.000     0.000 r  
    AD12                                              0.000     0.000 r  i_sys_clk_p (IN)
                         net (fo=0)                   0.000     0.000    pll_inst/inst/clk_in1_p
    AD12                 IBUFDS (Prop_ibufds_I_O)     0.906     0.906 r  pll_inst/inst/clkin1_ibufgds/O
                         net (fo=1, routed)           2.299     3.205    pll_inst/inst/clk_in1_pll_buf
    BUFGCTRL_X0Y3        BUFG (Prop_bufg_I_O)         0.093     3.298 r  pll_inst/inst/clkin1_bufg1/O
                         net (fo=1, routed)           1.959     5.257    pll_inst/inst/clk_in1_pll
    PLLE2_ADV_X1Y0       PLLE2_ADV (Prop_plle2_adv_CLKIN1_CLKOUT0)
                                                     -4.519     0.738 r  pll_inst/inst/plle2_adv_inst/CLKOUT0
                         net (fo=1, routed)           2.467     3.205    pll_inst/inst/clk_out1_pll
    BUFGCTRL_X0Y1        BUFG (Prop_bufg_I_O)         0.093     3.298 r  pll_inst/inst/clkout1_buf/O
                         net (fo=353, routed)         1.427     4.725    uart_inst/clk_out1
    SLICE_X34Y271        FDCE                                         r  uart_inst/tx_cnt_reg[7]/C
  -------------------------------------------------------------------    -------------------
    SLICE_X34Y271        FDCE (Prop_fdce_C_Q)         0.204     4.929 f  uart_inst/tx_cnt_reg[7]/Q
                         net (fo=2, routed)           0.657     5.586    uart_inst/tx_cnt_reg_n_0_[7]
    SLICE_X31Y272        LUT6 (Prop_lut6_I1_O)        0.123     5.709 r  uart_inst/tx_i_2/O
                         net (fo=2, routed)           0.363     6.072    uart_inst/tx_i_2_n_0
    SLICE_X31Y272        LUT6 (Prop_lut6_I0_O)        0.043     6.115 r  uart_inst/tx_cnt[12]_i_3/O
                         net (fo=13, routed)          0.550     6.665    uart_inst/tx_cnt[12]_i_3_n_0
    SLICE_X35Y271        LUT3 (Prop_lut3_I0_O)        0.054     6.719 r  uart_inst/tx_shift[8]_i_1/O
                         net (fo=11, routed)          0.963     7.682    uart_inst/tx_shift[0]
    SLICE_X40Y275        LUT6 (Prop_lut6_I0_O)        0.137     7.819 r  uart_inst/tx_bit_cnt[3]_i_1/O
                         net (fo=4, routed)           0.220     8.038    uart_inst/tx_bit_cnt[0]
    SLICE_X40Y275        FDCE                                         r  uart_inst/tx_bit_cnt_reg[3]/CE
  -------------------------------------------------------------------    -------------------

                         (clock clk_out1_pll rise edge)
                                                     20.000    20.000 r  
    AD12                                              0.000    20.000 r  i_sys_clk_p (IN)
                         net (fo=0)                   0.000    20.000    pll_inst/inst/clk_in1_p
    AD12                 IBUFDS (Prop_ibufds_I_O)     0.803    20.803 r  pll_inst/inst/clkin1_ibufgds/O
                         net (fo=1, routed)           2.173    22.976    pll_inst/inst/clk_in1_pll_buf
    BUFGCTRL_X0Y3        BUFG (Prop_bufg_I_O)         0.083    23.059 r  pll_inst/inst/clkin1_bufg1/O
                         net (fo=1, routed)           1.796    24.855    pll_inst/inst/clk_in1_pll
    PLLE2_ADV_X1Y0       PLLE2_ADV (Prop_plle2_adv_CLKIN1_CLKOUT0)
                                                     -4.213    20.642 r  pll_inst/inst/plle2_adv_inst/CLKOUT0
                         net (fo=1, routed)           2.334    22.976    pll_inst/inst/clk_out1_pll
    BUFGCTRL_X0Y1        BUFG (Prop_bufg_I_O)         0.083    23.059 r  pll_inst/inst/clkout1_buf/O
                         net (fo=353, routed)         1.253    24.312    uart_inst/clk_out1
    SLICE_X40Y275        FDCE                                         r  uart_inst/tx_bit_cnt_reg[3]/C
                         clock pessimism              0.361    24.674    
                         clock uncertainty           -0.105    24.568    
    SLICE_X40Y275        FDCE (Setup_fdce_C_CE)      -0.201    24.367    uart_inst/tx_bit_cnt_reg[3]
  -------------------------------------------------------------------
                         required time                         24.367    
                         arrival time                          -8.038    
  -------------------------------------------------------------------
                         slack                                 16.329    

Slack (MET) :             16.779ns  (required time - arrival time)
  Source:                 uart_inst/tx_cnt_reg[7]/C
                            (rising edge-triggered cell FDCE clocked by clk_out1_pll  {rise@0.000ns fall@10.000ns period=20.000ns})
  Destination:            uart_inst/FSM_sequential_tx_state_reg/D
                            (rising edge-triggered cell FDCE clocked by clk_out1_pll  {rise@0.000ns fall@10.000ns period=20.000ns})
  Path Group:             clk_out1_pll
  Path Type:              Setup (Max at Slow Process Corner)
  Requirement:            20.000ns  (clk_out1_pll rise@20.000ns - clk_out1_pll rise@0.000ns)
  Data Path Delay:        3.099ns  (logic 0.561ns (18.103%)  route 2.538ns (81.897%))
  Logic Levels:           4  (LUT3=1 LUT6=3)
  Clock Path Skew:        -0.051ns (DCD - SCD + CPR)
    Destination Clock Delay (DCD):    4.312ns = ( 24.312 - 20.000 ) 
    Source Clock Delay      (SCD):    4.725ns
    Clock Pessimism Removal (CPR):    0.361ns
  Clock Uncertainty:      0.105ns  ((TSJ^2 + DJ^2)^1/2) / 2 + PE
    Total System Jitter     (TSJ):    0.071ns
    Discrete Jitter          (DJ):    0.198ns
    Phase Error              (PE):    0.000ns

    Location             Delay type                Incr(ns)  Path(ns)    Netlist Resource(s)
  -------------------------------------------------------------------    -------------------
                         (clock clk_out1_pll rise edge)
                                                      0.000     0.000 r  
    AD12                                              0.000     0.000 r  i_sys_clk_p (IN)
                         net (fo=0)                   0.000     0.000    pll_inst/inst/clk_in1_p
    AD12                 IBUFDS (Prop_ibufds_I_O)     0.906     0.906 r  pll_inst/inst/clkin1_ibufgds/O
                         net (fo=1, routed)           2.299     3.205    pll_inst/inst/clk_in1_pll_buf
    BUFGCTRL_X0Y3        BUFG (Prop_bufg_I_O)         0.093     3.298 r  pll_inst/inst/clkin1_bufg1/O
                         net (fo=1, routed)           1.959     5.257    pll_inst/inst/clk_in1_pll
    PLLE2_ADV_X1Y0       PLLE2_ADV (Prop_plle2_adv_CLKIN1_CLKOUT0)
                                                     -4.519     0.738 r  pll_inst/inst/plle2_adv_inst/CLKOUT0
                         net (fo=1, routed)           2.467     3.205    pll_inst/inst/clk_out1_pll
    BUFGCTRL_X0Y1        BUFG (Prop_bufg_I_O)         0.093     3.298 r  pll_inst/inst/clkout1_buf/O
                         net (fo=353, routed)         1.427     4.725    uart_inst/clk_out1
    SLICE_X34Y271        FDCE                                         r  uart_inst/tx_cnt_reg[7]/C
  -------------------------------------------------------------------    -------------------
    SLICE_X34Y271        FDCE (Prop_fdce_C_Q)         0.204     4.929 f  uart_inst/tx_cnt_reg[7]/Q
                         net (fo=2, routed)           0.657     5.586    uart_inst/tx_cnt_reg_n_0_[7]
    SLICE_X31Y272        LUT6 (Prop_lut6_I1_O)        0.123     5.709 r  uart_inst/tx_i_2/O
                         net (fo=2, routed)           0.363     6.072    uart_inst/tx_i_2_n_0
    SLICE_X31Y272        LUT6 (Prop_lut6_I0_O)        0.043     6.115 r  uart_inst/tx_cnt[12]_i_3/O
                         net (fo=13, routed)          0.550     6.665    uart_inst/tx_cnt[12]_i_3_n_0
    SLICE_X35Y271        LUT3 (Prop_lut3_I0_O)        0.054     6.719 r  uart_inst/tx_shift[8]_i_1/O
                         net (fo=11, routed)          0.968     7.687    uart_inst/tx_shift[0]
    SLICE_X39Y275        LUT6 (Prop_lut6_I4_O)        0.137     7.824 r  uart_inst/FSM_sequential_tx_state_i_1/O
                         net (fo=1, routed)           0.000     7.824    uart_inst/FSM_sequential_tx_state_i_1_n_0
    SLICE_X39Y275        FDCE                                         r  uart_inst/FSM_sequential_tx_state_reg/D
  -------------------------------------------------------------------    -------------------

                         (clock clk_out1_pll rise edge)
                                                     20.000    20.000 r  
    AD12                                              0.000    20.000 r  i_sys_clk_p (IN)
                         net (fo=0)                   0.000    20.000    pll_inst/inst/clk_in1_p
    AD12                 IBUFDS (Prop_ibufds_I_O)     0.803    20.803 r  pll_inst/inst/clkin1_ibufgds/O
                         net (fo=1, routed)           2.173    22.976    pll_inst/inst/clk_in1_pll_buf
    BUFGCTRL_X0Y3        BUFG (Prop_bufg_I_O)         0.083    23.059 r  pll_inst/inst/clkin1_bufg1/O
                         net (fo=1, routed)           1.796    24.855    pll_inst/inst/clk_in1_pll
    PLLE2_ADV_X1Y0       PLLE2_ADV (Prop_plle2_adv_CLKIN1_CLKOUT0)
                                                     -4.213    20.642 r  pll_inst/inst/plle2_adv_inst/CLKOUT0
                         net (fo=1, routed)           2.334    22.976    pll_inst/inst/clk_out1_pll
    BUFGCTRL_X0Y1        BUFG (Prop_bufg_I_O)         0.083    23.059 r  pll_inst/inst/clkout1_buf/O
                         net (fo=353, routed)         1.253    24.312    uart_inst/clk_out1
    SLICE_X39Y275        FDCE                                         r  uart_inst/FSM_sequential_tx_state_reg/C
                         clock pessimism              0.361    24.674    
                         clock uncertainty           -0.105    24.568    
    SLICE_X39Y275        FDCE (Setup_fdce_C_D)        0.034    24.602    uart_inst/FSM_sequential_tx_state_reg
  -------------------------------------------------------------------
                         required time                         24.602    
                         arrival time                          -7.824    
  -------------------------------------------------------------------
                         slack                                 16.779    

Slack (MET) :             16.887ns  (required time - arrival time)
  Source:                 uart_inst/rx_data_reg[2]/C
                            (rising edge-triggered cell FDCE clocked by clk_out1_pll  {rise@0.000ns fall@10.000ns period=20.000ns})
  Destination:            twin_controller_inst/status_buffer_reg[0][0]/CE
                            (rising edge-triggered cell FDCE clocked by clk_out1_pll  {rise@0.000ns fall@10.000ns period=20.000ns})
  Path Group:             clk_out1_pll
  Path Type:              Setup (Max at Slow Process Corner)
  Requirement:            20.000ns  (clk_out1_pll rise@20.000ns - clk_out1_pll rise@0.000ns)
  Data Path Delay:        2.674ns  (logic 0.318ns (11.893%)  route 2.356ns (88.107%))
  Logic Levels:           2  (LUT5=1 LUT6=1)
  Clock Path Skew:        -0.040ns (DCD - SCD + CPR)
    Destination Clock Delay (DCD):    4.320ns = ( 24.320 - 20.000 ) 
    Source Clock Delay      (SCD):    4.722ns
    Clock Pessimism Removal (CPR):    0.361ns
  Clock Uncertainty:      0.105ns  ((TSJ^2 + DJ^2)^1/2) / 2 + PE
    Total System Jitter     (TSJ):    0.071ns
    Discrete Jitter          (DJ):    0.198ns
    Phase Error              (PE):    0.000ns

    Location             Delay type                Incr(ns)  Path(ns)    Netlist Resource(s)
  -------------------------------------------------------------------    -------------------
                         (clock clk_out1_pll rise edge)
                                                      0.000     0.000 r  
    AD12                                              0.000     0.000 r  i_sys_clk_p (IN)
                         net (fo=0)                   0.000     0.000    pll_inst/inst/clk_in1_p
    AD12                 IBUFDS (Prop_ibufds_I_O)     0.906     0.906 r  pll_inst/inst/clkin1_ibufgds/O
                         net (fo=1, routed)           2.299     3.205    pll_inst/inst/clk_in1_pll_buf
    BUFGCTRL_X0Y3        BUFG (Prop_bufg_I_O)         0.093     3.298 r  pll_inst/inst/clkin1_bufg1/O
                         net (fo=1, routed)           1.959     5.257    pll_inst/inst/clk_in1_pll
    PLLE2_ADV_X1Y0       PLLE2_ADV (Prop_plle2_adv_CLKIN1_CLKOUT0)
                                                     -4.519     0.738 r  pll_inst/inst/plle2_adv_inst/CLKOUT0
                         net (fo=1, routed)           2.467     3.205    pll_inst/inst/clk_out1_pll
    BUFGCTRL_X0Y1        BUFG (Prop_bufg_I_O)         0.093     3.298 r  pll_inst/inst/clkout1_buf/O
                         net (fo=353, routed)         1.424     4.722    uart_inst/clk_out1
    SLICE_X37Y271        FDCE                                         r  uart_inst/rx_data_reg[2]/C
  -------------------------------------------------------------------    -------------------
    SLICE_X37Y271        FDCE (Prop_fdce_C_Q)         0.223     4.945 f  uart_inst/rx_data_reg[2]/Q
                         net (fo=22, routed)          0.583     5.528    uart_inst/rx_data[2]
    SLICE_X37Y269        LUT6 (Prop_lut6_I3_O)        0.043     5.571 r  uart_inst/status_buffer[0][6]_i_2/O
                         net (fo=10, routed)          0.781     6.352    uart_inst/status_buffer[0][6]_i_2_n_0
    SLICE_X35Y272        LUT5 (Prop_lut5_I3_O)        0.052     6.404 r  uart_inst/status_buffer[0][6]_i_1/O
                         net (fo=134, routed)         0.992     7.396    twin_controller_inst/E[0]
    SLICE_X29Y272        FDCE                                         r  twin_controller_inst/status_buffer_reg[0][0]/CE
  -------------------------------------------------------------------    -------------------

                         (clock clk_out1_pll rise edge)
                                                     20.000    20.000 r  
    AD12                                              0.000    20.000 r  i_sys_clk_p (IN)
                         net (fo=0)                   0.000    20.000    pll_inst/inst/clk_in1_p
    AD12                 IBUFDS (Prop_ibufds_I_O)     0.803    20.803 r  pll_inst/inst/clkin1_ibufgds/O
                         net (fo=1, routed)           2.173    22.976    pll_inst/inst/clk_in1_pll_buf
    BUFGCTRL_X0Y3        BUFG (Prop_bufg_I_O)         0.083    23.059 r  pll_inst/inst/clkin1_bufg1/O
                         net (fo=1, routed)           1.796    24.855    pll_inst/inst/clk_in1_pll
    PLLE2_ADV_X1Y0       PLLE2_ADV (Prop_plle2_adv_CLKIN1_CLKOUT0)
                                                     -4.213    20.642 r  pll_inst/inst/plle2_adv_inst/CLKOUT0
                         net (fo=1, routed)           2.334    22.976    pll_inst/inst/clk_out1_pll
    BUFGCTRL_X0Y1        BUFG (Prop_bufg_I_O)         0.083    23.059 r  pll_inst/inst/clkout1_buf/O
                         net (fo=353, routed)         1.261    24.320    twin_controller_inst/CLK
    SLICE_X29Y272        FDCE                                         r  twin_controller_inst/status_buffer_reg[0][0]/C
                         clock pessimism              0.361    24.682    
                         clock uncertainty           -0.105    24.576    
    SLICE_X29Y272        FDCE (Setup_fdce_C_CE)      -0.294    24.282    twin_controller_inst/status_buffer_reg[0][0]
  -------------------------------------------------------------------
                         required time                         24.282    
                         arrival time                          -7.396    
  -------------------------------------------------------------------
                         slack                                 16.887    

Slack (MET) :             16.887ns  (required time - arrival time)
  Source:                 uart_inst/rx_data_reg[2]/C
                            (rising edge-triggered cell FDCE clocked by clk_out1_pll  {rise@0.000ns fall@10.000ns period=20.000ns})
  Destination:            twin_controller_inst/status_buffer_reg[0][1]/CE
                            (rising edge-triggered cell FDCE clocked by clk_out1_pll  {rise@0.000ns fall@10.000ns period=20.000ns})
  Path Group:             clk_out1_pll
  Path Type:              Setup (Max at Slow Process Corner)
  Requirement:            20.000ns  (clk_out1_pll rise@20.000ns - clk_out1_pll rise@0.000ns)
  Data Path Delay:        2.674ns  (logic 0.318ns (11.893%)  route 2.356ns (88.107%))
  Logic Levels:           2  (LUT5=1 LUT6=1)
  Clock Path Skew:        -0.040ns (DCD - SCD + CPR)
    Destination Clock Delay (DCD):    4.320ns = ( 24.320 - 20.000 ) 
    Source Clock Delay      (SCD):    4.722ns
    Clock Pessimism Removal (CPR):    0.361ns
  Clock Uncertainty:      0.105ns  ((TSJ^2 + DJ^2)^1/2) / 2 + PE
    Total System Jitter     (TSJ):    0.071ns
    Discrete Jitter          (DJ):    0.198ns
    Phase Error              (PE):    0.000ns

    Location             Delay type                Incr(ns)  Path(ns)    Netlist Resource(s)
  -------------------------------------------------------------------    -------------------
                         (clock clk_out1_pll rise edge)
                                                      0.000     0.000 r  
    AD12                                              0.000     0.000 r  i_sys_clk_p (IN)
                         net (fo=0)                   0.000     0.000    pll_inst/inst/clk_in1_p
    AD12                 IBUFDS (Prop_ibufds_I_O)     0.906     0.906 r  pll_inst/inst/clkin1_ibufgds/O
                         net (fo=1, routed)           2.299     3.205    pll_inst/inst/clk_in1_pll_buf
    BUFGCTRL_X0Y3        BUFG (Prop_bufg_I_O)         0.093     3.298 r  pll_inst/inst/clkin1_bufg1/O
                         net (fo=1, routed)           1.959     5.257    pll_inst/inst/clk_in1_pll
    PLLE2_ADV_X1Y0       PLLE2_ADV (Prop_plle2_adv_CLKIN1_CLKOUT0)
                                                     -4.519     0.738 r  pll_inst/inst/plle2_adv_inst/CLKOUT0
                         net (fo=1, routed)           2.467     3.205    pll_inst/inst/clk_out1_pll
    BUFGCTRL_X0Y1        BUFG (Prop_bufg_I_O)         0.093     3.298 r  pll_inst/inst/clkout1_buf/O
                         net (fo=353, routed)         1.424     4.722    uart_inst/clk_out1
    SLICE_X37Y271        FDCE                                         r  uart_inst/rx_data_reg[2]/C
  -------------------------------------------------------------------    -------------------
    SLICE_X37Y271        FDCE (Prop_fdce_C_Q)         0.223     4.945 f  uart_inst/rx_data_reg[2]/Q
                         net (fo=22, routed)          0.583     5.528    uart_inst/rx_data[2]
    SLICE_X37Y269        LUT6 (Prop_lut6_I3_O)        0.043     5.571 r  uart_inst/status_buffer[0][6]_i_2/O
                         net (fo=10, routed)          0.781     6.352    uart_inst/status_buffer[0][6]_i_2_n_0
    SLICE_X35Y272        LUT5 (Prop_lut5_I3_O)        0.052     6.404 r  uart_inst/status_buffer[0][6]_i_1/O
                         net (fo=134, routed)         0.992     7.396    twin_controller_inst/E[0]
    SLICE_X29Y272        FDCE                                         r  twin_controller_inst/status_buffer_reg[0][1]/CE
  -------------------------------------------------------------------    -------------------

                         (clock clk_out1_pll rise edge)
                                                     20.000    20.000 r  
    AD12                                              0.000    20.000 r  i_sys_clk_p (IN)
                         net (fo=0)                   0.000    20.000    pll_inst/inst/clk_in1_p
    AD12                 IBUFDS (Prop_ibufds_I_O)     0.803    20.803 r  pll_inst/inst/clkin1_ibufgds/O
                         net (fo=1, routed)           2.173    22.976    pll_inst/inst/clk_in1_pll_buf
    BUFGCTRL_X0Y3        BUFG (Prop_bufg_I_O)         0.083    23.059 r  pll_inst/inst/clkin1_bufg1/O
                         net (fo=1, routed)           1.796    24.855    pll_inst/inst/clk_in1_pll
    PLLE2_ADV_X1Y0       PLLE2_ADV (Prop_plle2_adv_CLKIN1_CLKOUT0)
                                                     -4.213    20.642 r  pll_inst/inst/plle2_adv_inst/CLKOUT0
                         net (fo=1, routed)           2.334    22.976    pll_inst/inst/clk_out1_pll
    BUFGCTRL_X0Y1        BUFG (Prop_bufg_I_O)         0.083    23.059 r  pll_inst/inst/clkout1_buf/O
                         net (fo=353, routed)         1.261    24.320    twin_controller_inst/CLK
    SLICE_X29Y272        FDCE                                         r  twin_controller_inst/status_buffer_reg[0][1]/C
                         clock pessimism              0.361    24.682    
                         clock uncertainty           -0.105    24.576    
    SLICE_X29Y272        FDCE (Setup_fdce_C_CE)      -0.294    24.282    twin_controller_inst/status_buffer_reg[0][1]
  -------------------------------------------------------------------
                         required time                         24.282    
                         arrival time                          -7.396    
  -------------------------------------------------------------------
                         slack                                 16.887    

Slack (MET) :             16.887ns  (required time - arrival time)
  Source:                 uart_inst/rx_data_reg[2]/C
                            (rising edge-triggered cell FDCE clocked by clk_out1_pll  {rise@0.000ns fall@10.000ns period=20.000ns})
  Destination:            twin_controller_inst/status_buffer_reg[11][0]/CE
                            (rising edge-triggered cell FDCE clocked by clk_out1_pll  {rise@0.000ns fall@10.000ns period=20.000ns})
  Path Group:             clk_out1_pll
  Path Type:              Setup (Max at Slow Process Corner)
  Requirement:            20.000ns  (clk_out1_pll rise@20.000ns - clk_out1_pll rise@0.000ns)
  Data Path Delay:        2.674ns  (logic 0.318ns (11.893%)  route 2.356ns (88.107%))
  Logic Levels:           2  (LUT5=1 LUT6=1)
  Clock Path Skew:        -0.040ns (DCD - SCD + CPR)
    Destination Clock Delay (DCD):    4.320ns = ( 24.320 - 20.000 ) 
    Source Clock Delay      (SCD):    4.722ns
    Clock Pessimism Removal (CPR):    0.361ns
  Clock Uncertainty:      0.105ns  ((TSJ^2 + DJ^2)^1/2) / 2 + PE
    Total System Jitter     (TSJ):    0.071ns
    Discrete Jitter          (DJ):    0.198ns
    Phase Error              (PE):    0.000ns

    Location             Delay type                Incr(ns)  Path(ns)    Netlist Resource(s)
  -------------------------------------------------------------------    -------------------
                         (clock clk_out1_pll rise edge)
                                                      0.000     0.000 r  
    AD12                                              0.000     0.000 r  i_sys_clk_p (IN)
                         net (fo=0)                   0.000     0.000    pll_inst/inst/clk_in1_p
    AD12                 IBUFDS (Prop_ibufds_I_O)     0.906     0.906 r  pll_inst/inst/clkin1_ibufgds/O
                         net (fo=1, routed)           2.299     3.205    pll_inst/inst/clk_in1_pll_buf
    BUFGCTRL_X0Y3        BUFG (Prop_bufg_I_O)         0.093     3.298 r  pll_inst/inst/clkin1_bufg1/O
                         net (fo=1, routed)           1.959     5.257    pll_inst/inst/clk_in1_pll
    PLLE2_ADV_X1Y0       PLLE2_ADV (Prop_plle2_adv_CLKIN1_CLKOUT0)
                                                     -4.519     0.738 r  pll_inst/inst/plle2_adv_inst/CLKOUT0
                         net (fo=1, routed)           2.467     3.205    pll_inst/inst/clk_out1_pll
    BUFGCTRL_X0Y1        BUFG (Prop_bufg_I_O)         0.093     3.298 r  pll_inst/inst/clkout1_buf/O
                         net (fo=353, routed)         1.424     4.722    uart_inst/clk_out1
    SLICE_X37Y271        FDCE                                         r  uart_inst/rx_data_reg[2]/C
  -------------------------------------------------------------------    -------------------
    SLICE_X37Y271        FDCE (Prop_fdce_C_Q)         0.223     4.945 f  uart_inst/rx_data_reg[2]/Q
                         net (fo=22, routed)          0.583     5.528    uart_inst/rx_data[2]
    SLICE_X37Y269        LUT6 (Prop_lut6_I3_O)        0.043     5.571 r  uart_inst/status_buffer[0][6]_i_2/O
                         net (fo=10, routed)          0.781     6.352    uart_inst/status_buffer[0][6]_i_2_n_0
    SLICE_X35Y272        LUT5 (Prop_lut5_I3_O)        0.052     6.404 r  uart_inst/status_buffer[0][6]_i_1/O
                         net (fo=134, routed)         0.992     7.396    twin_controller_inst/E[0]
    SLICE_X29Y272        FDCE                                         r  twin_controller_inst/status_buffer_reg[11][0]/CE
  -------------------------------------------------------------------    -------------------

                         (clock clk_out1_pll rise edge)
                                                     20.000    20.000 r  
    AD12                                              0.000    20.000 r  i_sys_clk_p (IN)
                         net (fo=0)                   0.000    20.000    pll_inst/inst/clk_in1_p
    AD12                 IBUFDS (Prop_ibufds_I_O)     0.803    20.803 r  pll_inst/inst/clkin1_ibufgds/O
                         net (fo=1, routed)           2.173    22.976    pll_inst/inst/clk_in1_pll_buf
    BUFGCTRL_X0Y3        BUFG (Prop_bufg_I_O)         0.083    23.059 r  pll_inst/inst/clkin1_bufg1/O
                         net (fo=1, routed)           1.796    24.855    pll_inst/inst/clk_in1_pll
    PLLE2_ADV_X1Y0       PLLE2_ADV (Prop_plle2_adv_CLKIN1_CLKOUT0)
                                                     -4.213    20.642 r  pll_inst/inst/plle2_adv_inst/CLKOUT0
                         net (fo=1, routed)           2.334    22.976    pll_inst/inst/clk_out1_pll
    BUFGCTRL_X0Y1        BUFG (Prop_bufg_I_O)         0.083    23.059 r  pll_inst/inst/clkout1_buf/O
                         net (fo=353, routed)         1.261    24.320    twin_controller_inst/CLK
    SLICE_X29Y272        FDCE                                         r  twin_controller_inst/status_buffer_reg[11][0]/C
                         clock pessimism              0.361    24.682    
                         clock uncertainty           -0.105    24.576    
    SLICE_X29Y272        FDCE (Setup_fdce_C_CE)      -0.294    24.282    twin_controller_inst/status_buffer_reg[11][0]
  -------------------------------------------------------------------
                         required time                         24.282    
                         arrival time                          -7.396    
  -------------------------------------------------------------------
                         slack                                 16.887    

Slack (MET) :             16.887ns  (required time - arrival time)
  Source:                 uart_inst/rx_data_reg[2]/C
                            (rising edge-triggered cell FDCE clocked by clk_out1_pll  {rise@0.000ns fall@10.000ns period=20.000ns})
  Destination:            twin_controller_inst/status_buffer_reg[12][0]/CE
                            (rising edge-triggered cell FDCE clocked by clk_out1_pll  {rise@0.000ns fall@10.000ns period=20.000ns})
  Path Group:             clk_out1_pll
  Path Type:              Setup (Max at Slow Process Corner)
  Requirement:            20.000ns  (clk_out1_pll rise@20.000ns - clk_out1_pll rise@0.000ns)
  Data Path Delay:        2.674ns  (logic 0.318ns (11.893%)  route 2.356ns (88.107%))
  Logic Levels:           2  (LUT5=1 LUT6=1)
  Clock Path Skew:        -0.040ns (DCD - SCD + CPR)
    Destination Clock Delay (DCD):    4.320ns = ( 24.320 - 20.000 ) 
    Source Clock Delay      (SCD):    4.722ns
    Clock Pessimism Removal (CPR):    0.361ns
  Clock Uncertainty:      0.105ns  ((TSJ^2 + DJ^2)^1/2) / 2 + PE
    Total System Jitter     (TSJ):    0.071ns
    Discrete Jitter          (DJ):    0.198ns
    Phase Error              (PE):    0.000ns

    Location             Delay type                Incr(ns)  Path(ns)    Netlist Resource(s)
  -------------------------------------------------------------------    -------------------
                         (clock clk_out1_pll rise edge)
                                                      0.000     0.000 r  
    AD12                                              0.000     0.000 r  i_sys_clk_p (IN)
                         net (fo=0)                   0.000     0.000    pll_inst/inst/clk_in1_p
    AD12                 IBUFDS (Prop_ibufds_I_O)     0.906     0.906 r  pll_inst/inst/clkin1_ibufgds/O
                         net (fo=1, routed)           2.299     3.205    pll_inst/inst/clk_in1_pll_buf
    BUFGCTRL_X0Y3        BUFG (Prop_bufg_I_O)         0.093     3.298 r  pll_inst/inst/clkin1_bufg1/O
                         net (fo=1, routed)           1.959     5.257    pll_inst/inst/clk_in1_pll
    PLLE2_ADV_X1Y0       PLLE2_ADV (Prop_plle2_adv_CLKIN1_CLKOUT0)
                                                     -4.519     0.738 r  pll_inst/inst/plle2_adv_inst/CLKOUT0
                         net (fo=1, routed)           2.467     3.205    pll_inst/inst/clk_out1_pll
    BUFGCTRL_X0Y1        BUFG (Prop_bufg_I_O)         0.093     3.298 r  pll_inst/inst/clkout1_buf/O
                         net (fo=353, routed)         1.424     4.722    uart_inst/clk_out1
    SLICE_X37Y271        FDCE                                         r  uart_inst/rx_data_reg[2]/C
  -------------------------------------------------------------------    -------------------
    SLICE_X37Y271        FDCE (Prop_fdce_C_Q)         0.223     4.945 f  uart_inst/rx_data_reg[2]/Q
                         net (fo=22, routed)          0.583     5.528    uart_inst/rx_data[2]
    SLICE_X37Y269        LUT6 (Prop_lut6_I3_O)        0.043     5.571 r  uart_inst/status_buffer[0][6]_i_2/O
                         net (fo=10, routed)          0.781     6.352    uart_inst/status_buffer[0][6]_i_2_n_0
    SLICE_X35Y272        LUT5 (Prop_lut5_I3_O)        0.052     6.404 r  uart_inst/status_buffer[0][6]_i_1/O
                         net (fo=134, routed)         0.992     7.396    twin_controller_inst/E[0]
    SLICE_X29Y272        FDCE                                         r  twin_controller_inst/status_buffer_reg[12][0]/CE
  -------------------------------------------------------------------    -------------------

                         (clock clk_out1_pll rise edge)
                                                     20.000    20.000 r  
    AD12                                              0.000    20.000 r  i_sys_clk_p (IN)
                         net (fo=0)                   0.000    20.000    pll_inst/inst/clk_in1_p
    AD12                 IBUFDS (Prop_ibufds_I_O)     0.803    20.803 r  pll_inst/inst/clkin1_ibufgds/O
                         net (fo=1, routed)           2.173    22.976    pll_inst/inst/clk_in1_pll_buf
    BUFGCTRL_X0Y3        BUFG (Prop_bufg_I_O)         0.083    23.059 r  pll_inst/inst/clkin1_bufg1/O
                         net (fo=1, routed)           1.796    24.855    pll_inst/inst/clk_in1_pll
    PLLE2_ADV_X1Y0       PLLE2_ADV (Prop_plle2_adv_CLKIN1_CLKOUT0)
                                                     -4.213    20.642 r  pll_inst/inst/plle2_adv_inst/CLKOUT0
                         net (fo=1, routed)           2.334    22.976    pll_inst/inst/clk_out1_pll
    BUFGCTRL_X0Y1        BUFG (Prop_bufg_I_O)         0.083    23.059 r  pll_inst/inst/clkout1_buf/O
                         net (fo=353, routed)         1.261    24.320    twin_controller_inst/CLK
    SLICE_X29Y272        FDCE                                         r  twin_controller_inst/status_buffer_reg[12][0]/C
                         clock pessimism              0.361    24.682    
                         clock uncertainty           -0.105    24.576    
    SLICE_X29Y272        FDCE (Setup_fdce_C_CE)      -0.294    24.282    twin_controller_inst/status_buffer_reg[12][0]
  -------------------------------------------------------------------
                         required time                         24.282    
                         arrival time                          -7.396    
  -------------------------------------------------------------------
                         slack                                 16.887    

Slack (MET) :             16.887ns  (required time - arrival time)
  Source:                 uart_inst/rx_data_reg[2]/C
                            (rising edge-triggered cell FDCE clocked by clk_out1_pll  {rise@0.000ns fall@10.000ns period=20.000ns})
  Destination:            twin_controller_inst/status_buffer_reg[13][4]/CE
                            (rising edge-triggered cell FDCE clocked by clk_out1_pll  {rise@0.000ns fall@10.000ns period=20.000ns})
  Path Group:             clk_out1_pll
  Path Type:              Setup (Max at Slow Process Corner)
  Requirement:            20.000ns  (clk_out1_pll rise@20.000ns - clk_out1_pll rise@0.000ns)
  Data Path Delay:        2.674ns  (logic 0.318ns (11.893%)  route 2.356ns (88.107%))
  Logic Levels:           2  (LUT5=1 LUT6=1)
  Clock Path Skew:        -0.040ns (DCD - SCD + CPR)
    Destination Clock Delay (DCD):    4.320ns = ( 24.320 - 20.000 ) 
    Source Clock Delay      (SCD):    4.722ns
    Clock Pessimism Removal (CPR):    0.361ns
  Clock Uncertainty:      0.105ns  ((TSJ^2 + DJ^2)^1/2) / 2 + PE
    Total System Jitter     (TSJ):    0.071ns
    Discrete Jitter          (DJ):    0.198ns
    Phase Error              (PE):    0.000ns

    Location             Delay type                Incr(ns)  Path(ns)    Netlist Resource(s)
  -------------------------------------------------------------------    -------------------
                         (clock clk_out1_pll rise edge)
                                                      0.000     0.000 r  
    AD12                                              0.000     0.000 r  i_sys_clk_p (IN)
                         net (fo=0)                   0.000     0.000    pll_inst/inst/clk_in1_p
    AD12                 IBUFDS (Prop_ibufds_I_O)     0.906     0.906 r  pll_inst/inst/clkin1_ibufgds/O
                         net (fo=1, routed)           2.299     3.205    pll_inst/inst/clk_in1_pll_buf
    BUFGCTRL_X0Y3        BUFG (Prop_bufg_I_O)         0.093     3.298 r  pll_inst/inst/clkin1_bufg1/O
                         net (fo=1, routed)           1.959     5.257    pll_inst/inst/clk_in1_pll
    PLLE2_ADV_X1Y0       PLLE2_ADV (Prop_plle2_adv_CLKIN1_CLKOUT0)
                                                     -4.519     0.738 r  pll_inst/inst/plle2_adv_inst/CLKOUT0
                         net (fo=1, routed)           2.467     3.205    pll_inst/inst/clk_out1_pll
    BUFGCTRL_X0Y1        BUFG (Prop_bufg_I_O)         0.093     3.298 r  pll_inst/inst/clkout1_buf/O
                         net (fo=353, routed)         1.424     4.722    uart_inst/clk_out1
    SLICE_X37Y271        FDCE                                         r  uart_inst/rx_data_reg[2]/C
  -------------------------------------------------------------------    -------------------
    SLICE_X37Y271        FDCE (Prop_fdce_C_Q)         0.223     4.945 f  uart_inst/rx_data_reg[2]/Q
                         net (fo=22, routed)          0.583     5.528    uart_inst/rx_data[2]
    SLICE_X37Y269        LUT6 (Prop_lut6_I3_O)        0.043     5.571 r  uart_inst/status_buffer[0][6]_i_2/O
                         net (fo=10, routed)          0.781     6.352    uart_inst/status_buffer[0][6]_i_2_n_0
    SLICE_X35Y272        LUT5 (Prop_lut5_I3_O)        0.052     6.404 r  uart_inst/status_buffer[0][6]_i_1/O
                         net (fo=134, routed)         0.992     7.396    twin_controller_inst/E[0]
    SLICE_X29Y272        FDCE                                         r  twin_controller_inst/status_buffer_reg[13][4]/CE
  -------------------------------------------------------------------    -------------------

                         (clock clk_out1_pll rise edge)
                                                     20.000    20.000 r  
    AD12                                              0.000    20.000 r  i_sys_clk_p (IN)
                         net (fo=0)                   0.000    20.000    pll_inst/inst/clk_in1_p
    AD12                 IBUFDS (Prop_ibufds_I_O)     0.803    20.803 r  pll_inst/inst/clkin1_ibufgds/O
                         net (fo=1, routed)           2.173    22.976    pll_inst/inst/clk_in1_pll_buf
    BUFGCTRL_X0Y3        BUFG (Prop_bufg_I_O)         0.083    23.059 r  pll_inst/inst/clkin1_bufg1/O
                         net (fo=1, routed)           1.796    24.855    pll_inst/inst/clk_in1_pll
    PLLE2_ADV_X1Y0       PLLE2_ADV (Prop_plle2_adv_CLKIN1_CLKOUT0)
                                                     -4.213    20.642 r  pll_inst/inst/plle2_adv_inst/CLKOUT0
                         net (fo=1, routed)           2.334    22.976    pll_inst/inst/clk_out1_pll
    BUFGCTRL_X0Y1        BUFG (Prop_bufg_I_O)         0.083    23.059 r  pll_inst/inst/clkout1_buf/O
                         net (fo=353, routed)         1.261    24.320    twin_controller_inst/CLK
    SLICE_X29Y272        FDCE                                         r  twin_controller_inst/status_buffer_reg[13][4]/C
                         clock pessimism              0.361    24.682    
                         clock uncertainty           -0.105    24.576    
    SLICE_X29Y272        FDCE (Setup_fdce_C_CE)      -0.294    24.282    twin_controller_inst/status_buffer_reg[13][4]
  -------------------------------------------------------------------
                         required time                         24.282    
                         arrival time                          -7.396    
  -------------------------------------------------------------------
                         slack                                 16.887    





Min Delay Paths
--------------------------------------------------------------------------------------
Slack (MET) :             0.125ns  (arrival time - required time)
  Source:                 twin_controller_inst/sw_reg[40]/C
                            (rising edge-triggered cell FDCE clocked by clk_out1_pll  {rise@0.000ns fall@10.000ns period=20.000ns})
  Destination:            twin_controller_inst/status_buffer_reg[11][0]/D
                            (rising edge-triggered cell FDCE clocked by clk_out1_pll  {rise@0.000ns fall@10.000ns period=20.000ns})
  Path Group:             clk_out1_pll
  Path Type:              Hold (Min at Fast Process Corner)
  Requirement:            0.000ns  (clk_out1_pll rise@0.000ns - clk_out1_pll rise@0.000ns)
  Data Path Delay:        0.169ns  (logic 0.100ns (59.204%)  route 0.069ns (40.796%))
  Logic Levels:           0  
  Clock Path Skew:        0.011ns (DCD - SCD - CPR)
    Destination Clock Delay (DCD):    2.517ns
    Source Clock Delay      (SCD):    2.136ns
    Clock Pessimism Removal (CPR):    0.369ns

    Location             Delay type                Incr(ns)  Path(ns)    Netlist Resource(s)
  -------------------------------------------------------------------    -------------------
                         (clock clk_out1_pll rise edge)
                                                      0.000     0.000 r  
    AD12                                              0.000     0.000 r  i_sys_clk_p (IN)
                         net (fo=0)                   0.000     0.000    pll_inst/inst/clk_in1_p
    AD12                 IBUFDS (Prop_ibufds_I_O)     0.388     0.388 r  pll_inst/inst/clkin1_ibufgds/O
                         net (fo=1, routed)           1.083     1.471    pll_inst/inst/clk_in1_pll_buf
    BUFGCTRL_X0Y3        BUFG (Prop_bufg_I_O)         0.026     1.497 r  pll_inst/inst/clkin1_bufg1/O
                         net (fo=1, routed)           0.767     2.264    pll_inst/inst/clk_in1_pll
    PLLE2_ADV_X1Y0       PLLE2_ADV (Prop_plle2_adv_CLKIN1_CLKOUT0)
                                                     -1.938     0.326 r  pll_inst/inst/plle2_adv_inst/CLKOUT0
                         net (fo=1, routed)           1.145     1.471    pll_inst/inst/clk_out1_pll
    BUFGCTRL_X0Y1        BUFG (Prop_bufg_I_O)         0.026     1.497 r  pll_inst/inst/clkout1_buf/O
                         net (fo=353, routed)         0.639     2.136    twin_controller_inst/CLK
    SLICE_X28Y272        FDCE                                         r  twin_controller_inst/sw_reg[40]/C
  -------------------------------------------------------------------    -------------------
    SLICE_X28Y272        FDCE (Prop_fdce_C_Q)         0.100     2.236 r  twin_controller_inst/sw_reg[40]/Q
                         net (fo=3, routed)           0.069     2.305    twin_controller_inst/virtual_sw[40]
    SLICE_X29Y272        FDCE                                         r  twin_controller_inst/status_buffer_reg[11][0]/D
  -------------------------------------------------------------------    -------------------

                         (clock clk_out1_pll rise edge)
                                                      0.000     0.000 r  
    AD12                                              0.000     0.000 r  i_sys_clk_p (IN)
                         net (fo=0)                   0.000     0.000    pll_inst/inst/clk_in1_p
    AD12                 IBUFDS (Prop_ibufds_I_O)     0.470     0.470 r  pll_inst/inst/clkin1_ibufgds/O
                         net (fo=1, routed)           1.154     1.624    pll_inst/inst/clk_in1_pll_buf
    BUFGCTRL_X0Y3        BUFG (Prop_bufg_I_O)         0.030     1.654 r  pll_inst/inst/clkin1_bufg1/O
                         net (fo=1, routed)           1.037     2.691    pll_inst/inst/clk_in1_pll
    PLLE2_ADV_X1Y0       PLLE2_ADV (Prop_plle2_adv_CLKIN1_CLKOUT0)
                                                     -2.283     0.408 r  pll_inst/inst/plle2_adv_inst/CLKOUT0
                         net (fo=1, routed)           1.216     1.624    pll_inst/inst/clk_out1_pll
    BUFGCTRL_X0Y1        BUFG (Prop_bufg_I_O)         0.030     1.654 r  pll_inst/inst/clkout1_buf/O
                         net (fo=353, routed)         0.863     2.517    twin_controller_inst/CLK
    SLICE_X29Y272        FDCE                                         r  twin_controller_inst/status_buffer_reg[11][0]/C
                         clock pessimism             -0.369     2.147    
    SLICE_X29Y272        FDCE (Hold_fdce_C_D)         0.033     2.180    twin_controller_inst/status_buffer_reg[11][0]
  -------------------------------------------------------------------
                         required time                         -2.180    
                         arrival time                           2.305    
  -------------------------------------------------------------------
                         slack                                  0.125    

Slack (MET) :             0.138ns  (arrival time - required time)
  Source:                 twin_controller_inst/status_buffer_reg[16][4]/C
                            (rising edge-triggered cell FDCE clocked by clk_out1_pll  {rise@0.000ns fall@10.000ns period=20.000ns})
  Destination:            twin_controller_inst/tx_data_reg[4]/D
                            (rising edge-triggered cell FDCE clocked by clk_out1_pll  {rise@0.000ns fall@10.000ns period=20.000ns})
  Path Group:             clk_out1_pll
  Path Type:              Hold (Min at Fast Process Corner)
  Requirement:            0.000ns  (clk_out1_pll rise@0.000ns - clk_out1_pll rise@0.000ns)
  Data Path Delay:        0.227ns  (logic 0.128ns (56.405%)  route 0.099ns (43.595%))
  Logic Levels:           1  (LUT5=1)
  Clock Path Skew:        0.029ns (DCD - SCD - CPR)
    Destination Clock Delay (DCD):    2.518ns
    Source Clock Delay      (SCD):    2.139ns
    Clock Pessimism Removal (CPR):    0.349ns

    Location             Delay type                Incr(ns)  Path(ns)    Netlist Resource(s)
  -------------------------------------------------------------------    -------------------
                         (clock clk_out1_pll rise edge)
                                                      0.000     0.000 r  
    AD12                                              0.000     0.000 r  i_sys_clk_p (IN)
                         net (fo=0)                   0.000     0.000    pll_inst/inst/clk_in1_p
    AD12                 IBUFDS (Prop_ibufds_I_O)     0.388     0.388 r  pll_inst/inst/clkin1_ibufgds/O
                         net (fo=1, routed)           1.083     1.471    pll_inst/inst/clk_in1_pll_buf
    BUFGCTRL_X0Y3        BUFG (Prop_bufg_I_O)         0.026     1.497 r  pll_inst/inst/clkin1_bufg1/O
                         net (fo=1, routed)           0.767     2.264    pll_inst/inst/clk_in1_pll
    PLLE2_ADV_X1Y0       PLLE2_ADV (Prop_plle2_adv_CLKIN1_CLKOUT0)
                                                     -1.938     0.326 r  pll_inst/inst/plle2_adv_inst/CLKOUT0
                         net (fo=1, routed)           1.145     1.471    pll_inst/inst/clk_out1_pll
    BUFGCTRL_X0Y1        BUFG (Prop_bufg_I_O)         0.026     1.497 r  pll_inst/inst/clkout1_buf/O
                         net (fo=353, routed)         0.642     2.139    twin_controller_inst/CLK
    SLICE_X30Y269        FDCE                                         r  twin_controller_inst/status_buffer_reg[16][4]/C
  -------------------------------------------------------------------    -------------------
    SLICE_X30Y269        FDCE (Prop_fdce_C_Q)         0.100     2.239 r  twin_controller_inst/status_buffer_reg[16][4]/Q
                         net (fo=1, routed)           0.099     2.338    twin_controller_inst/status_buffer_reg[16]_16[4]
    SLICE_X33Y269        LUT5 (Prop_lut5_I2_O)        0.028     2.366 r  twin_controller_inst/tx_data[4]_i_1/O
                         net (fo=1, routed)           0.000     2.366    twin_controller_inst/status_buffer[4]
    SLICE_X33Y269        FDCE                                         r  twin_controller_inst/tx_data_reg[4]/D
  -------------------------------------------------------------------    -------------------

                         (clock clk_out1_pll rise edge)
                                                      0.000     0.000 r  
    AD12                                              0.000     0.000 r  i_sys_clk_p (IN)
                         net (fo=0)                   0.000     0.000    pll_inst/inst/clk_in1_p
    AD12                 IBUFDS (Prop_ibufds_I_O)     0.470     0.470 r  pll_inst/inst/clkin1_ibufgds/O
                         net (fo=1, routed)           1.154     1.624    pll_inst/inst/clk_in1_pll_buf
    BUFGCTRL_X0Y3        BUFG (Prop_bufg_I_O)         0.030     1.654 r  pll_inst/inst/clkin1_bufg1/O
                         net (fo=1, routed)           1.037     2.691    pll_inst/inst/clk_in1_pll
    PLLE2_ADV_X1Y0       PLLE2_ADV (Prop_plle2_adv_CLKIN1_CLKOUT0)
                                                     -2.283     0.408 r  pll_inst/inst/plle2_adv_inst/CLKOUT0
                         net (fo=1, routed)           1.216     1.624    pll_inst/inst/clk_out1_pll
    BUFGCTRL_X0Y1        BUFG (Prop_bufg_I_O)         0.030     1.654 r  pll_inst/inst/clkout1_buf/O
                         net (fo=353, routed)         0.864     2.518    twin_controller_inst/CLK
    SLICE_X33Y269        FDCE                                         r  twin_controller_inst/tx_data_reg[4]/C
                         clock pessimism             -0.349     2.168    
    SLICE_X33Y269        FDCE (Hold_fdce_C_D)         0.060     2.228    twin_controller_inst/tx_data_reg[4]
  -------------------------------------------------------------------
                         required time                         -2.228    
                         arrival time                           2.366    
  -------------------------------------------------------------------
                         slack                                  0.138    

Slack (MET) :             0.146ns  (arrival time - required time)
  Source:                 uart_inst/rx_shift_reg[0]/C
                            (rising edge-triggered cell FDCE clocked by clk_out1_pll  {rise@0.000ns fall@10.000ns period=20.000ns})
  Destination:            uart_inst/rx_data_reg[0]/D
                            (rising edge-triggered cell FDCE clocked by clk_out1_pll  {rise@0.000ns fall@10.000ns period=20.000ns})
  Path Group:             clk_out1_pll
  Path Type:              Hold (Min at Fast Process Corner)
  Requirement:            0.000ns  (clk_out1_pll rise@0.000ns - clk_out1_pll rise@0.000ns)
  Data Path Delay:        0.196ns  (logic 0.100ns (51.054%)  route 0.096ns (48.946%))
  Logic Levels:           0  
  Clock Path Skew:        0.010ns (DCD - SCD - CPR)
    Destination Clock Delay (DCD):    2.511ns
    Source Clock Delay      (SCD):    2.132ns
    Clock Pessimism Removal (CPR):    0.368ns

    Location             Delay type                Incr(ns)  Path(ns)    Netlist Resource(s)
  -------------------------------------------------------------------    -------------------
                         (clock clk_out1_pll rise edge)
                                                      0.000     0.000 r  
    AD12                                              0.000     0.000 r  i_sys_clk_p (IN)
                         net (fo=0)                   0.000     0.000    pll_inst/inst/clk_in1_p
    AD12                 IBUFDS (Prop_ibufds_I_O)     0.388     0.388 r  pll_inst/inst/clkin1_ibufgds/O
                         net (fo=1, routed)           1.083     1.471    pll_inst/inst/clk_in1_pll_buf
    BUFGCTRL_X0Y3        BUFG (Prop_bufg_I_O)         0.026     1.497 r  pll_inst/inst/clkin1_bufg1/O
                         net (fo=1, routed)           0.767     2.264    pll_inst/inst/clk_in1_pll
    PLLE2_ADV_X1Y0       PLLE2_ADV (Prop_plle2_adv_CLKIN1_CLKOUT0)
                                                     -1.938     0.326 r  pll_inst/inst/plle2_adv_inst/CLKOUT0
                         net (fo=1, routed)           1.145     1.471    pll_inst/inst/clk_out1_pll
    BUFGCTRL_X0Y1        BUFG (Prop_bufg_I_O)         0.026     1.497 r  pll_inst/inst/clkout1_buf/O
                         net (fo=353, routed)         0.635     2.132    uart_inst/clk_out1
    SLICE_X37Y272        FDCE                                         r  uart_inst/rx_shift_reg[0]/C
  -------------------------------------------------------------------    -------------------
    SLICE_X37Y272        FDCE (Prop_fdce_C_Q)         0.100     2.232 r  uart_inst/rx_shift_reg[0]/Q
                         net (fo=1, routed)           0.096     2.328    uart_inst/rx_shift_reg_n_0_[0]
    SLICE_X37Y273        FDCE                                         r  uart_inst/rx_data_reg[0]/D
  -------------------------------------------------------------------    -------------------

                         (clock clk_out1_pll rise edge)
                                                      0.000     0.000 r  
    AD12                                              0.000     0.000 r  i_sys_clk_p (IN)
                         net (fo=0)                   0.000     0.000    pll_inst/inst/clk_in1_p
    AD12                 IBUFDS (Prop_ibufds_I_O)     0.470     0.470 r  pll_inst/inst/clkin1_ibufgds/O
                         net (fo=1, routed)           1.154     1.624    pll_inst/inst/clk_in1_pll_buf
    BUFGCTRL_X0Y3        BUFG (Prop_bufg_I_O)         0.030     1.654 r  pll_inst/inst/clkin1_bufg1/O
                         net (fo=1, routed)           1.037     2.691    pll_inst/inst/clk_in1_pll
    PLLE2_ADV_X1Y0       PLLE2_ADV (Prop_plle2_adv_CLKIN1_CLKOUT0)
                                                     -2.283     0.408 r  pll_inst/inst/plle2_adv_inst/CLKOUT0
                         net (fo=1, routed)           1.216     1.624    pll_inst/inst/clk_out1_pll
    BUFGCTRL_X0Y1        BUFG (Prop_bufg_I_O)         0.030     1.654 r  pll_inst/inst/clkout1_buf/O
                         net (fo=353, routed)         0.857     2.511    uart_inst/clk_out1
    SLICE_X37Y273        FDCE                                         r  uart_inst/rx_data_reg[0]/C
                         clock pessimism             -0.368     2.142    
    SLICE_X37Y273        FDCE (Hold_fdce_C_D)         0.040     2.182    uart_inst/rx_data_reg[0]
  -------------------------------------------------------------------
                         required time                         -2.182    
                         arrival time                           2.328    
  -------------------------------------------------------------------
                         slack                                  0.146    

Slack (MET) :             0.147ns  (arrival time - required time)
  Source:                 twin_controller_inst/status_buffer_reg[17][0]/C
                            (rising edge-triggered cell FDCE clocked by clk_out1_pll  {rise@0.000ns fall@10.000ns period=20.000ns})
  Destination:            twin_controller_inst/tx_data_reg[0]/D
                            (rising edge-triggered cell FDCE clocked by clk_out1_pll  {rise@0.000ns fall@10.000ns period=20.000ns})
  Path Group:             clk_out1_pll
  Path Type:              Hold (Min at Fast Process Corner)
  Requirement:            0.000ns  (clk_out1_pll rise@0.000ns - clk_out1_pll rise@0.000ns)
  Data Path Delay:        0.220ns  (logic 0.128ns (58.265%)  route 0.092ns (41.735%))
  Logic Levels:           1  (LUT5=1)
  Clock Path Skew:        0.013ns (DCD - SCD - CPR)
    Destination Clock Delay (DCD):    2.523ns
    Source Clock Delay      (SCD):    2.141ns
    Clock Pessimism Removal (CPR):    0.368ns

    Location             Delay type                Incr(ns)  Path(ns)    Netlist Resource(s)
  -------------------------------------------------------------------    -------------------
                         (clock clk_out1_pll rise edge)
                                                      0.000     0.000 r  
    AD12                                              0.000     0.000 r  i_sys_clk_p (IN)
                         net (fo=0)                   0.000     0.000    pll_inst/inst/clk_in1_p
    AD12                 IBUFDS (Prop_ibufds_I_O)     0.388     0.388 r  pll_inst/inst/clkin1_ibufgds/O
                         net (fo=1, routed)           1.083     1.471    pll_inst/inst/clk_in1_pll_buf
    BUFGCTRL_X0Y3        BUFG (Prop_bufg_I_O)         0.026     1.497 r  pll_inst/inst/clkin1_bufg1/O
                         net (fo=1, routed)           0.767     2.264    pll_inst/inst/clk_in1_pll
    PLLE2_ADV_X1Y0       PLLE2_ADV (Prop_plle2_adv_CLKIN1_CLKOUT0)
                                                     -1.938     0.326 r  pll_inst/inst/plle2_adv_inst/CLKOUT0
                         net (fo=1, routed)           1.145     1.471    pll_inst/inst/clk_out1_pll
    BUFGCTRL_X0Y1        BUFG (Prop_bufg_I_O)         0.026     1.497 r  pll_inst/inst/clkout1_buf/O
                         net (fo=353, routed)         0.644     2.141    twin_controller_inst/CLK
    SLICE_X31Y267        FDCE                                         r  twin_controller_inst/status_buffer_reg[17][0]/C
  -------------------------------------------------------------------    -------------------
    SLICE_X31Y267        FDCE (Prop_fdce_C_Q)         0.100     2.241 r  twin_controller_inst/status_buffer_reg[17][0]/Q
                         net (fo=1, routed)           0.092     2.333    twin_controller_inst/status_buffer_reg[17]_17[0]
    SLICE_X31Y266        LUT5 (Prop_lut5_I0_O)        0.028     2.361 r  twin_controller_inst/tx_data[0]_i_1/O
                         net (fo=1, routed)           0.000     2.361    twin_controller_inst/status_buffer[0]
    SLICE_X31Y266        FDCE                                         r  twin_controller_inst/tx_data_reg[0]/D
  -------------------------------------------------------------------    -------------------

                         (clock clk_out1_pll rise edge)
                                                      0.000     0.000 r  
    AD12                                              0.000     0.000 r  i_sys_clk_p (IN)
                         net (fo=0)                   0.000     0.000    pll_inst/inst/clk_in1_p
    AD12                 IBUFDS (Prop_ibufds_I_O)     0.470     0.470 r  pll_inst/inst/clkin1_ibufgds/O
                         net (fo=1, routed)           1.154     1.624    pll_inst/inst/clk_in1_pll_buf
    BUFGCTRL_X0Y3        BUFG (Prop_bufg_I_O)         0.030     1.654 r  pll_inst/inst/clkin1_bufg1/O
                         net (fo=1, routed)           1.037     2.691    pll_inst/inst/clk_in1_pll
    PLLE2_ADV_X1Y0       PLLE2_ADV (Prop_plle2_adv_CLKIN1_CLKOUT0)
                                                     -2.283     0.408 r  pll_inst/inst/plle2_adv_inst/CLKOUT0
                         net (fo=1, routed)           1.216     1.624    pll_inst/inst/clk_out1_pll
    BUFGCTRL_X0Y1        BUFG (Prop_bufg_I_O)         0.030     1.654 r  pll_inst/inst/clkout1_buf/O
                         net (fo=353, routed)         0.869     2.523    twin_controller_inst/CLK
    SLICE_X31Y266        FDCE                                         r  twin_controller_inst/tx_data_reg[0]/C
                         clock pessimism             -0.368     2.154    
    SLICE_X31Y266        FDCE (Hold_fdce_C_D)         0.060     2.214    twin_controller_inst/tx_data_reg[0]
  -------------------------------------------------------------------
                         required time                         -2.214    
                         arrival time                           2.361    
  -------------------------------------------------------------------
                         slack                                  0.147    

Slack (MET) :             0.154ns  (arrival time - required time)
  Source:                 twin_controller_inst/status_buffer_reg[16][7]/C
                            (rising edge-triggered cell FDCE clocked by clk_out1_pll  {rise@0.000ns fall@10.000ns period=20.000ns})
  Destination:            twin_controller_inst/tx_data_reg[7]/D
                            (rising edge-triggered cell FDCE clocked by clk_out1_pll  {rise@0.000ns fall@10.000ns period=20.000ns})
  Path Group:             clk_out1_pll
  Path Type:              Hold (Min at Fast Process Corner)
  Requirement:            0.000ns  (clk_out1_pll rise@0.000ns - clk_out1_pll rise@0.000ns)
  Data Path Delay:        0.225ns  (logic 0.128ns (56.976%)  route 0.097ns (43.024%))
  Logic Levels:           1  (LUT5=1)
  Clock Path Skew:        0.011ns (DCD - SCD - CPR)
    Destination Clock Delay (DCD):    2.516ns
    Source Clock Delay      (SCD):    2.137ns
    Clock Pessimism Removal (CPR):    0.367ns

    Location             Delay type                Incr(ns)  Path(ns)    Netlist Resource(s)
  -------------------------------------------------------------------    -------------------
                         (clock clk_out1_pll rise edge)
                                                      0.000     0.000 r  
    AD12                                              0.000     0.000 r  i_sys_clk_p (IN)
                         net (fo=0)                   0.000     0.000    pll_inst/inst/clk_in1_p
    AD12                 IBUFDS (Prop_ibufds_I_O)     0.388     0.388 r  pll_inst/inst/clkin1_ibufgds/O
                         net (fo=1, routed)           1.083     1.471    pll_inst/inst/clk_in1_pll_buf
    BUFGCTRL_X0Y3        BUFG (Prop_bufg_I_O)         0.026     1.497 r  pll_inst/inst/clkin1_bufg1/O
                         net (fo=1, routed)           0.767     2.264    pll_inst/inst/clk_in1_pll
    PLLE2_ADV_X1Y0       PLLE2_ADV (Prop_plle2_adv_CLKIN1_CLKOUT0)
                                                     -1.938     0.326 r  pll_inst/inst/plle2_adv_inst/CLKOUT0
                         net (fo=1, routed)           1.145     1.471    pll_inst/inst/clk_out1_pll
    BUFGCTRL_X0Y1        BUFG (Prop_bufg_I_O)         0.026     1.497 r  pll_inst/inst/clkout1_buf/O
                         net (fo=353, routed)         0.640     2.137    twin_controller_inst/CLK
    SLICE_X32Y270        FDCE                                         r  twin_controller_inst/status_buffer_reg[16][7]/C
  -------------------------------------------------------------------    -------------------
    SLICE_X32Y270        FDCE (Prop_fdce_C_Q)         0.100     2.237 r  twin_controller_inst/status_buffer_reg[16][7]/Q
                         net (fo=1, routed)           0.097     2.334    twin_controller_inst/status_buffer_reg[16]_16[7]
    SLICE_X35Y271        LUT5 (Prop_lut5_I2_O)        0.028     2.362 r  twin_controller_inst/tx_data[7]_i_1/O
                         net (fo=1, routed)           0.000     2.362    twin_controller_inst/status_buffer[7]
    SLICE_X35Y271        FDCE                                         r  twin_controller_inst/tx_data_reg[7]/D
  -------------------------------------------------------------------    -------------------

                         (clock clk_out1_pll rise edge)
                                                      0.000     0.000 r  
    AD12                                              0.000     0.000 r  i_sys_clk_p (IN)
                         net (fo=0)                   0.000     0.000    pll_inst/inst/clk_in1_p
    AD12                 IBUFDS (Prop_ibufds_I_O)     0.470     0.470 r  pll_inst/inst/clkin1_ibufgds/O
                         net (fo=1, routed)           1.154     1.624    pll_inst/inst/clk_in1_pll_buf
    BUFGCTRL_X0Y3        BUFG (Prop_bufg_I_O)         0.030     1.654 r  pll_inst/inst/clkin1_bufg1/O
                         net (fo=1, routed)           1.037     2.691    pll_inst/inst/clk_in1_pll
    PLLE2_ADV_X1Y0       PLLE2_ADV (Prop_plle2_adv_CLKIN1_CLKOUT0)
                                                     -2.283     0.408 r  pll_inst/inst/plle2_adv_inst/CLKOUT0
                         net (fo=1, routed)           1.216     1.624    pll_inst/inst/clk_out1_pll
    BUFGCTRL_X0Y1        BUFG (Prop_bufg_I_O)         0.030     1.654 r  pll_inst/inst/clkout1_buf/O
                         net (fo=353, routed)         0.862     2.516    twin_controller_inst/CLK
    SLICE_X35Y271        FDCE                                         r  twin_controller_inst/tx_data_reg[7]/C
                         clock pessimism             -0.367     2.148    
    SLICE_X35Y271        FDCE (Hold_fdce_C_D)         0.060     2.208    twin_controller_inst/tx_data_reg[7]
  -------------------------------------------------------------------
                         required time                         -2.208    
                         arrival time                           2.362    
  -------------------------------------------------------------------
                         slack                                  0.154    

Slack (MET) :             0.155ns  (arrival time - required time)
  Source:                 uart_inst/rx_shift_reg[1]/C
                            (rising edge-triggered cell FDCE clocked by clk_out1_pll  {rise@0.000ns fall@10.000ns period=20.000ns})
  Destination:            uart_inst/rx_data_reg[1]/D
                            (rising edge-triggered cell FDCE clocked by clk_out1_pll  {rise@0.000ns fall@10.000ns period=20.000ns})
  Path Group:             clk_out1_pll
  Path Type:              Hold (Min at Fast Process Corner)
  Requirement:            0.000ns  (clk_out1_pll rise@0.000ns - clk_out1_pll rise@0.000ns)
  Data Path Delay:        0.203ns  (logic 0.100ns (49.147%)  route 0.103ns (50.853%))
  Logic Levels:           0  
  Clock Path Skew:        0.010ns (DCD - SCD - CPR)
    Destination Clock Delay (DCD):    2.511ns
    Source Clock Delay      (SCD):    2.132ns
    Clock Pessimism Removal (CPR):    0.368ns

    Location             Delay type                Incr(ns)  Path(ns)    Netlist Resource(s)
  -------------------------------------------------------------------    -------------------
                         (clock clk_out1_pll rise edge)
                                                      0.000     0.000 r  
    AD12                                              0.000     0.000 r  i_sys_clk_p (IN)
                         net (fo=0)                   0.000     0.000    pll_inst/inst/clk_in1_p
    AD12                 IBUFDS (Prop_ibufds_I_O)     0.388     0.388 r  pll_inst/inst/clkin1_ibufgds/O
                         net (fo=1, routed)           1.083     1.471    pll_inst/inst/clk_in1_pll_buf
    BUFGCTRL_X0Y3        BUFG (Prop_bufg_I_O)         0.026     1.497 r  pll_inst/inst/clkin1_bufg1/O
                         net (fo=1, routed)           0.767     2.264    pll_inst/inst/clk_in1_pll
    PLLE2_ADV_X1Y0       PLLE2_ADV (Prop_plle2_adv_CLKIN1_CLKOUT0)
                                                     -1.938     0.326 r  pll_inst/inst/plle2_adv_inst/CLKOUT0
                         net (fo=1, routed)           1.145     1.471    pll_inst/inst/clk_out1_pll
    BUFGCTRL_X0Y1        BUFG (Prop_bufg_I_O)         0.026     1.497 r  pll_inst/inst/clkout1_buf/O
                         net (fo=353, routed)         0.635     2.132    uart_inst/clk_out1
    SLICE_X37Y272        FDCE                                         r  uart_inst/rx_shift_reg[1]/C
  -------------------------------------------------------------------    -------------------
    SLICE_X37Y272        FDCE (Prop_fdce_C_Q)         0.100     2.232 r  uart_inst/rx_shift_reg[1]/Q
                         net (fo=2, routed)           0.103     2.336    uart_inst/p_0_in[0]
    SLICE_X37Y273        FDCE                                         r  uart_inst/rx_data_reg[1]/D
  -------------------------------------------------------------------    -------------------

                         (clock clk_out1_pll rise edge)
                                                      0.000     0.000 r  
    AD12                                              0.000     0.000 r  i_sys_clk_p (IN)
                         net (fo=0)                   0.000     0.000    pll_inst/inst/clk_in1_p
    AD12                 IBUFDS (Prop_ibufds_I_O)     0.470     0.470 r  pll_inst/inst/clkin1_ibufgds/O
                         net (fo=1, routed)           1.154     1.624    pll_inst/inst/clk_in1_pll_buf
    BUFGCTRL_X0Y3        BUFG (Prop_bufg_I_O)         0.030     1.654 r  pll_inst/inst/clkin1_bufg1/O
                         net (fo=1, routed)           1.037     2.691    pll_inst/inst/clk_in1_pll
    PLLE2_ADV_X1Y0       PLLE2_ADV (Prop_plle2_adv_CLKIN1_CLKOUT0)
                                                     -2.283     0.408 r  pll_inst/inst/plle2_adv_inst/CLKOUT0
                         net (fo=1, routed)           1.216     1.624    pll_inst/inst/clk_out1_pll
    BUFGCTRL_X0Y1        BUFG (Prop_bufg_I_O)         0.030     1.654 r  pll_inst/inst/clkout1_buf/O
                         net (fo=353, routed)         0.857     2.511    uart_inst/clk_out1
    SLICE_X37Y273        FDCE                                         r  uart_inst/rx_data_reg[1]/C
                         clock pessimism             -0.368     2.142    
    SLICE_X37Y273        FDCE (Hold_fdce_C_D)         0.038     2.180    uart_inst/rx_data_reg[1]
  -------------------------------------------------------------------
                         required time                         -2.180    
                         arrival time                           2.336    
  -------------------------------------------------------------------
                         slack                                  0.155    

Slack (MET) :             0.159ns  (arrival time - required time)
  Source:                 uart_inst/rx_data_reg[7]/C
                            (rising edge-triggered cell FDCE clocked by clk_out1_pll  {rise@0.000ns fall@10.000ns period=20.000ns})
  Destination:            twin_controller_inst/sw_reg[51]/D
                            (rising edge-triggered cell FDCE clocked by clk_out1_pll  {rise@0.000ns fall@10.000ns period=20.000ns})
  Path Group:             clk_out1_pll
  Path Type:              Hold (Min at Fast Process Corner)
  Requirement:            0.000ns  (clk_out1_pll rise@0.000ns - clk_out1_pll rise@0.000ns)
  Data Path Delay:        0.249ns  (logic 0.128ns (51.331%)  route 0.121ns (48.669%))
  Logic Levels:           1  (LUT4=1)
  Clock Path Skew:        0.030ns (DCD - SCD - CPR)
    Destination Clock Delay (DCD):    2.511ns
    Source Clock Delay      (SCD):    2.131ns
    Clock Pessimism Removal (CPR):    0.349ns

    Location             Delay type                Incr(ns)  Path(ns)    Netlist Resource(s)
  -------------------------------------------------------------------    -------------------
                         (clock clk_out1_pll rise edge)
                                                      0.000     0.000 r  
    AD12                                              0.000     0.000 r  i_sys_clk_p (IN)
                         net (fo=0)                   0.000     0.000    pll_inst/inst/clk_in1_p
    AD12                 IBUFDS (Prop_ibufds_I_O)     0.388     0.388 r  pll_inst/inst/clkin1_ibufgds/O
                         net (fo=1, routed)           1.083     1.471    pll_inst/inst/clk_in1_pll_buf
    BUFGCTRL_X0Y3        BUFG (Prop_bufg_I_O)         0.026     1.497 r  pll_inst/inst/clkin1_bufg1/O
                         net (fo=1, routed)           0.767     2.264    pll_inst/inst/clk_in1_pll
    PLLE2_ADV_X1Y0       PLLE2_ADV (Prop_plle2_adv_CLKIN1_CLKOUT0)
                                                     -1.938     0.326 r  pll_inst/inst/plle2_adv_inst/CLKOUT0
                         net (fo=1, routed)           1.145     1.471    pll_inst/inst/clk_out1_pll
    BUFGCTRL_X0Y1        BUFG (Prop_bufg_I_O)         0.026     1.497 r  pll_inst/inst/clkout1_buf/O
                         net (fo=353, routed)         0.634     2.131    uart_inst/clk_out1
    SLICE_X37Y273        FDCE                                         r  uart_inst/rx_data_reg[7]/C
  -------------------------------------------------------------------    -------------------
    SLICE_X37Y273        FDCE (Prop_fdce_C_Q)         0.100     2.231 r  uart_inst/rx_data_reg[7]/Q
                         net (fo=74, routed)          0.121     2.353    uart_inst/rx_data[7]
    SLICE_X39Y272        LUT4 (Prop_lut4_I0_O)        0.028     2.381 r  uart_inst/sw[51]_i_1/O
                         net (fo=1, routed)           0.000     2.381    twin_controller_inst/sw_reg[51]_0
    SLICE_X39Y272        FDCE                                         r  twin_controller_inst/sw_reg[51]/D
  -------------------------------------------------------------------    -------------------

                         (clock clk_out1_pll rise edge)
                                                      0.000     0.000 r  
    AD12                                              0.000     0.000 r  i_sys_clk_p (IN)
                         net (fo=0)                   0.000     0.000    pll_inst/inst/clk_in1_p
    AD12                 IBUFDS (Prop_ibufds_I_O)     0.470     0.470 r  pll_inst/inst/clkin1_ibufgds/O
                         net (fo=1, routed)           1.154     1.624    pll_inst/inst/clk_in1_pll_buf
    BUFGCTRL_X0Y3        BUFG (Prop_bufg_I_O)         0.030     1.654 r  pll_inst/inst/clkin1_bufg1/O
                         net (fo=1, routed)           1.037     2.691    pll_inst/inst/clk_in1_pll
    PLLE2_ADV_X1Y0       PLLE2_ADV (Prop_plle2_adv_CLKIN1_CLKOUT0)
                                                     -2.283     0.408 r  pll_inst/inst/plle2_adv_inst/CLKOUT0
                         net (fo=1, routed)           1.216     1.624    pll_inst/inst/clk_out1_pll
    BUFGCTRL_X0Y1        BUFG (Prop_bufg_I_O)         0.030     1.654 r  pll_inst/inst/clkout1_buf/O
                         net (fo=353, routed)         0.857     2.511    twin_controller_inst/CLK
    SLICE_X39Y272        FDCE                                         r  twin_controller_inst/sw_reg[51]/C
                         clock pessimism             -0.349     2.161    
    SLICE_X39Y272        FDCE (Hold_fdce_C_D)         0.060     2.221    twin_controller_inst/sw_reg[51]
  -------------------------------------------------------------------
                         required time                         -2.221    
                         arrival time                           2.381    
  -------------------------------------------------------------------
                         slack                                  0.159    

Slack (MET) :             0.163ns  (arrival time - required time)
  Source:                 uart_inst/rx_shift_reg[3]/C
                            (rising edge-triggered cell FDCE clocked by clk_out1_pll  {rise@0.000ns fall@10.000ns period=20.000ns})
  Destination:            uart_inst/rx_shift_reg[2]/D
                            (rising edge-triggered cell FDCE clocked by clk_out1_pll  {rise@0.000ns fall@10.000ns period=20.000ns})
  Path Group:             clk_out1_pll
  Path Type:              Hold (Min at Fast Process Corner)
  Requirement:            0.000ns  (clk_out1_pll rise@0.000ns - clk_out1_pll rise@0.000ns)
  Data Path Delay:        0.196ns  (logic 0.100ns (51.089%)  route 0.096ns (48.911%))
  Logic Levels:           0  
  Clock Path Skew:        0.000ns (DCD - SCD - CPR)
    Destination Clock Delay (DCD):    2.513ns
    Source Clock Delay      (SCD):    2.132ns
    Clock Pessimism Removal (CPR):    0.380ns

    Location             Delay type                Incr(ns)  Path(ns)    Netlist Resource(s)
  -------------------------------------------------------------------    -------------------
                         (clock clk_out1_pll rise edge)
                                                      0.000     0.000 r  
    AD12                                              0.000     0.000 r  i_sys_clk_p (IN)
                         net (fo=0)                   0.000     0.000    pll_inst/inst/clk_in1_p
    AD12                 IBUFDS (Prop_ibufds_I_O)     0.388     0.388 r  pll_inst/inst/clkin1_ibufgds/O
                         net (fo=1, routed)           1.083     1.471    pll_inst/inst/clk_in1_pll_buf
    BUFGCTRL_X0Y3        BUFG (Prop_bufg_I_O)         0.026     1.497 r  pll_inst/inst/clkin1_bufg1/O
                         net (fo=1, routed)           0.767     2.264    pll_inst/inst/clk_in1_pll
    PLLE2_ADV_X1Y0       PLLE2_ADV (Prop_plle2_adv_CLKIN1_CLKOUT0)
                                                     -1.938     0.326 r  pll_inst/inst/plle2_adv_inst/CLKOUT0
                         net (fo=1, routed)           1.145     1.471    pll_inst/inst/clk_out1_pll
    BUFGCTRL_X0Y1        BUFG (Prop_bufg_I_O)         0.026     1.497 r  pll_inst/inst/clkout1_buf/O
                         net (fo=353, routed)         0.635     2.132    uart_inst/clk_out1
    SLICE_X37Y272        FDCE                                         r  uart_inst/rx_shift_reg[3]/C
  -------------------------------------------------------------------    -------------------
    SLICE_X37Y272        FDCE (Prop_fdce_C_Q)         0.100     2.232 r  uart_inst/rx_shift_reg[3]/Q
                         net (fo=2, routed)           0.096     2.328    uart_inst/p_0_in[2]
    SLICE_X37Y272        FDCE                                         r  uart_inst/rx_shift_reg[2]/D
  -------------------------------------------------------------------    -------------------

                         (clock clk_out1_pll rise edge)
                                                      0.000     0.000 r  
    AD12                                              0.000     0.000 r  i_sys_clk_p (IN)
                         net (fo=0)                   0.000     0.000    pll_inst/inst/clk_in1_p
    AD12                 IBUFDS (Prop_ibufds_I_O)     0.470     0.470 r  pll_inst/inst/clkin1_ibufgds/O
                         net (fo=1, routed)           1.154     1.624    pll_inst/inst/clk_in1_pll_buf
    BUFGCTRL_X0Y3        BUFG (Prop_bufg_I_O)         0.030     1.654 r  pll_inst/inst/clkin1_bufg1/O
                         net (fo=1, routed)           1.037     2.691    pll_inst/inst/clk_in1_pll
    PLLE2_ADV_X1Y0       PLLE2_ADV (Prop_plle2_adv_CLKIN1_CLKOUT0)
                                                     -2.283     0.408 r  pll_inst/inst/plle2_adv_inst/CLKOUT0
                         net (fo=1, routed)           1.216     1.624    pll_inst/inst/clk_out1_pll
    BUFGCTRL_X0Y1        BUFG (Prop_bufg_I_O)         0.030     1.654 r  pll_inst/inst/clkout1_buf/O
                         net (fo=353, routed)         0.859     2.513    uart_inst/clk_out1
    SLICE_X37Y272        FDCE                                         r  uart_inst/rx_shift_reg[2]/C
                         clock pessimism             -0.380     2.132    
    SLICE_X37Y272        FDCE (Hold_fdce_C_D)         0.033     2.165    uart_inst/rx_shift_reg[2]
  -------------------------------------------------------------------
                         required time                         -2.165    
                         arrival time                           2.328    
  -------------------------------------------------------------------
                         slack                                  0.163    

Slack (MET) :             0.165ns  (arrival time - required time)
  Source:                 uart_inst/rx_shift_reg[5]/C
                            (rising edge-triggered cell FDCE clocked by clk_out1_pll  {rise@0.000ns fall@10.000ns period=20.000ns})
  Destination:            uart_inst/rx_data_reg[5]/D
                            (rising edge-triggered cell FDCE clocked by clk_out1_pll  {rise@0.000ns fall@10.000ns period=20.000ns})
  Path Group:             clk_out1_pll
  Path Type:              Hold (Min at Fast Process Corner)
  Requirement:            0.000ns  (clk_out1_pll rise@0.000ns - clk_out1_pll rise@0.000ns)
  Data Path Delay:        0.185ns  (logic 0.091ns (49.160%)  route 0.094ns (50.840%))
  Logic Levels:           0  
  Clock Path Skew:        0.013ns (DCD - SCD - CPR)
    Destination Clock Delay (DCD):    2.514ns
    Source Clock Delay      (SCD):    2.132ns
    Clock Pessimism Removal (CPR):    0.368ns

    Location             Delay type                Incr(ns)  Path(ns)    Netlist Resource(s)
  -------------------------------------------------------------------    -------------------
                         (clock clk_out1_pll rise edge)
                                                      0.000     0.000 r  
    AD12                                              0.000     0.000 r  i_sys_clk_p (IN)
                         net (fo=0)                   0.000     0.000    pll_inst/inst/clk_in1_p
    AD12                 IBUFDS (Prop_ibufds_I_O)     0.388     0.388 r  pll_inst/inst/clkin1_ibufgds/O
                         net (fo=1, routed)           1.083     1.471    pll_inst/inst/clk_in1_pll_buf
    BUFGCTRL_X0Y3        BUFG (Prop_bufg_I_O)         0.026     1.497 r  pll_inst/inst/clkin1_bufg1/O
                         net (fo=1, routed)           0.767     2.264    pll_inst/inst/clk_in1_pll
    PLLE2_ADV_X1Y0       PLLE2_ADV (Prop_plle2_adv_CLKIN1_CLKOUT0)
                                                     -1.938     0.326 r  pll_inst/inst/plle2_adv_inst/CLKOUT0
                         net (fo=1, routed)           1.145     1.471    pll_inst/inst/clk_out1_pll
    BUFGCTRL_X0Y1        BUFG (Prop_bufg_I_O)         0.026     1.497 r  pll_inst/inst/clkout1_buf/O
                         net (fo=353, routed)         0.635     2.132    uart_inst/clk_out1
    SLICE_X37Y272        FDCE                                         r  uart_inst/rx_shift_reg[5]/C
  -------------------------------------------------------------------    -------------------
    SLICE_X37Y272        FDCE (Prop_fdce_C_Q)         0.091     2.223 r  uart_inst/rx_shift_reg[5]/Q
                         net (fo=2, routed)           0.094     2.318    uart_inst/p_0_in[4]
    SLICE_X37Y271        FDCE                                         r  uart_inst/rx_data_reg[5]/D
  -------------------------------------------------------------------    -------------------

                         (clock clk_out1_pll rise edge)
                                                      0.000     0.000 r  
    AD12                                              0.000     0.000 r  i_sys_clk_p (IN)
                         net (fo=0)                   0.000     0.000    pll_inst/inst/clk_in1_p
    AD12                 IBUFDS (Prop_ibufds_I_O)     0.470     0.470 r  pll_inst/inst/clkin1_ibufgds/O
                         net (fo=1, routed)           1.154     1.624    pll_inst/inst/clk_in1_pll_buf
    BUFGCTRL_X0Y3        BUFG (Prop_bufg_I_O)         0.030     1.654 r  pll_inst/inst/clkin1_bufg1/O
                         net (fo=1, routed)           1.037     2.691    pll_inst/inst/clk_in1_pll
    PLLE2_ADV_X1Y0       PLLE2_ADV (Prop_plle2_adv_CLKIN1_CLKOUT0)
                                                     -2.283     0.408 r  pll_inst/inst/plle2_adv_inst/CLKOUT0
                         net (fo=1, routed)           1.216     1.624    pll_inst/inst/clk_out1_pll
    BUFGCTRL_X0Y1        BUFG (Prop_bufg_I_O)         0.030     1.654 r  pll_inst/inst/clkout1_buf/O
                         net (fo=353, routed)         0.860     2.514    uart_inst/clk_out1
    SLICE_X37Y271        FDCE                                         r  uart_inst/rx_data_reg[5]/C
                         clock pessimism             -0.368     2.145    
    SLICE_X37Y271        FDCE (Hold_fdce_C_D)         0.007     2.152    uart_inst/rx_data_reg[5]
  -------------------------------------------------------------------
                         required time                         -2.152    
                         arrival time                           2.318    
  -------------------------------------------------------------------
                         slack                                  0.165    

Slack (MET) :             0.165ns  (arrival time - required time)
  Source:                 twin_controller_inst/sw_reg[34]/C
                            (rising edge-triggered cell FDCE clocked by clk_out1_pll  {rise@0.000ns fall@10.000ns period=20.000ns})
  Destination:            twin_controller_inst/status_buffer_reg[10][2]/D
                            (rising edge-triggered cell FDCE clocked by clk_out1_pll  {rise@0.000ns fall@10.000ns period=20.000ns})
  Path Group:             clk_out1_pll
  Path Type:              Hold (Min at Fast Process Corner)
  Requirement:            0.000ns  (clk_out1_pll rise@0.000ns - clk_out1_pll rise@0.000ns)
  Data Path Delay:        0.214ns  (logic 0.100ns (46.675%)  route 0.114ns (53.325%))
  Logic Levels:           0  
  Clock Path Skew:        0.011ns (DCD - SCD - CPR)
    Destination Clock Delay (DCD):    2.522ns
    Source Clock Delay      (SCD):    2.142ns
    Clock Pessimism Removal (CPR):    0.368ns

    Location             Delay type                Incr(ns)  Path(ns)    Netlist Resource(s)
  -------------------------------------------------------------------    -------------------
                         (clock clk_out1_pll rise edge)
                                                      0.000     0.000 r  
    AD12                                              0.000     0.000 r  i_sys_clk_p (IN)
                         net (fo=0)                   0.000     0.000    pll_inst/inst/clk_in1_p
    AD12                 IBUFDS (Prop_ibufds_I_O)     0.388     0.388 r  pll_inst/inst/clkin1_ibufgds/O
                         net (fo=1, routed)           1.083     1.471    pll_inst/inst/clk_in1_pll_buf
    BUFGCTRL_X0Y3        BUFG (Prop_bufg_I_O)         0.026     1.497 r  pll_inst/inst/clkin1_bufg1/O
                         net (fo=1, routed)           0.767     2.264    pll_inst/inst/clk_in1_pll
    PLLE2_ADV_X1Y0       PLLE2_ADV (Prop_plle2_adv_CLKIN1_CLKOUT0)
                                                     -1.938     0.326 r  pll_inst/inst/plle2_adv_inst/CLKOUT0
                         net (fo=1, routed)           1.145     1.471    pll_inst/inst/clk_out1_pll
    BUFGCTRL_X0Y1        BUFG (Prop_bufg_I_O)         0.026     1.497 r  pll_inst/inst/clkout1_buf/O
                         net (fo=353, routed)         0.645     2.142    twin_controller_inst/CLK
    SLICE_X30Y266        FDCE                                         r  twin_controller_inst/sw_reg[34]/C
  -------------------------------------------------------------------    -------------------
    SLICE_X30Y266        FDCE (Prop_fdce_C_Q)         0.100     2.242 r  twin_controller_inst/sw_reg[34]/Q
                         net (fo=3, routed)           0.114     2.357    twin_controller_inst/virtual_sw[34]
    SLICE_X30Y267        FDCE                                         r  twin_controller_inst/status_buffer_reg[10][2]/D
  -------------------------------------------------------------------    -------------------

                         (clock clk_out1_pll rise edge)
                                                      0.000     0.000 r  
    AD12                                              0.000     0.000 r  i_sys_clk_p (IN)
                         net (fo=0)                   0.000     0.000    pll_inst/inst/clk_in1_p
    AD12                 IBUFDS (Prop_ibufds_I_O)     0.470     0.470 r  pll_inst/inst/clkin1_ibufgds/O
                         net (fo=1, routed)           1.154     1.624    pll_inst/inst/clk_in1_pll_buf
    BUFGCTRL_X0Y3        BUFG (Prop_bufg_I_O)         0.030     1.654 r  pll_inst/inst/clkin1_bufg1/O
                         net (fo=1, routed)           1.037     2.691    pll_inst/inst/clk_in1_pll
    PLLE2_ADV_X1Y0       PLLE2_ADV (Prop_plle2_adv_CLKIN1_CLKOUT0)
                                                     -2.283     0.408 r  pll_inst/inst/plle2_adv_inst/CLKOUT0
                         net (fo=1, routed)           1.216     1.624    pll_inst/inst/clk_out1_pll
    BUFGCTRL_X0Y1        BUFG (Prop_bufg_I_O)         0.030     1.654 r  pll_inst/inst/clkout1_buf/O
                         net (fo=353, routed)         0.868     2.522    twin_controller_inst/CLK
    SLICE_X30Y267        FDCE                                         r  twin_controller_inst/status_buffer_reg[10][2]/C
                         clock pessimism             -0.368     2.153    
    SLICE_X30Y267        FDCE (Hold_fdce_C_D)         0.038     2.191    twin_controller_inst/status_buffer_reg[10][2]
  -------------------------------------------------------------------
                         required time                         -2.191    
                         arrival time                           2.357    
  -------------------------------------------------------------------
                         slack                                  0.165    





Pulse Width Checks
--------------------------------------------------------------------------------------
Clock Name:         clk_out1_pll
Waveform(ns):       { 0.000 10.000 }
Period(ns):         20.000
Sources:            { pll_inst/inst/plle2_adv_inst/CLKOUT0 }

Check Type        Corner  Lib Pin            Reference Pin  Required(ns)  Actual(ns)  Slack(ns)  Location        Pin
Min Period        n/a     BUFG/I             n/a            1.408         20.000      18.591     BUFGCTRL_X0Y1   pll_inst/inst/clkout1_buf/I
Min Period        n/a     PLLE2_ADV/CLKOUT0  n/a            1.071         20.000      18.929     PLLE2_ADV_X1Y0  pll_inst/inst/plle2_adv_inst/CLKOUT0
Min Period        n/a     FDCE/C             n/a            0.750         20.000      19.250     SLICE_X34Y270   twin_controller_inst/send_cnt_reg[1]/C
Min Period        n/a     FDCE/C             n/a            0.750         20.000      19.250     SLICE_X34Y270   twin_controller_inst/send_cnt_reg[3]/C
Min Period        n/a     FDCE/C             n/a            0.750         20.000      19.250     SLICE_X29Y272   twin_controller_inst/status_buffer_reg[13][4]/C
Min Period        n/a     FDCE/C             n/a            0.750         20.000      19.250     SLICE_X28Y269   twin_controller_inst/status_buffer_reg[15][2]/C
Min Period        n/a     FDCE/C             n/a            0.750         20.000      19.250     SLICE_X32Y266   twin_controller_inst/status_buffer_reg[16][6]/C
Min Period        n/a     FDCE/C             n/a            0.750         20.000      19.250     SLICE_X34Y266   twin_controller_inst/status_buffer_reg[17][3]/C
Min Period        n/a     FDCE/C             n/a            0.750         20.000      19.250     SLICE_X34Y266   twin_controller_inst/status_buffer_reg[17][5]/C
Min Period        n/a     FDCE/C             n/a            0.750         20.000      19.250     SLICE_X33Y268   twin_controller_inst/status_buffer_reg[17][6]/C
Max Period        n/a     PLLE2_ADV/CLKOUT0  n/a            160.000       20.000      140.000    PLLE2_ADV_X1Y0  pll_inst/inst/plle2_adv_inst/CLKOUT0
Low Pulse Width   Slow    FDCE/C             n/a            0.400         10.000      9.600      SLICE_X34Y270   twin_controller_inst/send_cnt_reg[1]/C
Low Pulse Width   Fast    FDCE/C             n/a            0.400         10.000      9.600      SLICE_X34Y270   twin_controller_inst/send_cnt_reg[1]/C
Low Pulse Width   Slow    FDCE/C             n/a            0.400         10.000      9.600      SLICE_X34Y270   twin_controller_inst/send_cnt_reg[3]/C
Low Pulse Width   Fast    FDCE/C             n/a            0.400         10.000      9.600      SLICE_X34Y270   twin_controller_inst/send_cnt_reg[3]/C
Low Pulse Width   Slow    FDCE/C             n/a            0.400         10.000      9.600      SLICE_X29Y272   twin_controller_inst/status_buffer_reg[13][4]/C
Low Pulse Width   Fast    FDCE/C             n/a            0.400         10.000      9.600      SLICE_X29Y272   twin_controller_inst/status_buffer_reg[13][4]/C
Low Pulse Width   Slow    FDCE/C             n/a            0.400         10.000      9.600      SLICE_X28Y269   twin_controller_inst/status_buffer_reg[15][2]/C
Low Pulse Width   Fast    FDCE/C             n/a            0.400         10.000      9.600      SLICE_X28Y269   twin_controller_inst/status_buffer_reg[15][2]/C
Low Pulse Width   Slow    FDCE/C             n/a            0.400         10.000      9.600      SLICE_X32Y266   twin_controller_inst/status_buffer_reg[16][6]/C
Low Pulse Width   Fast    FDCE/C             n/a            0.400         10.000      9.600      SLICE_X32Y266   twin_controller_inst/status_buffer_reg[16][6]/C
High Pulse Width  Slow    FDRE/C             n/a            0.350         10.000      9.650      SLICE_X33Y260   student_top_inst/bridge_inst/counter_inst/cnt_1ms_reg[0]/C
High Pulse Width  Fast    FDRE/C             n/a            0.350         10.000      9.650      SLICE_X33Y260   student_top_inst/bridge_inst/counter_inst/cnt_1ms_reg[0]/C
High Pulse Width  Slow    FDRE/C             n/a            0.350         10.000      9.650      SLICE_X33Y262   student_top_inst/bridge_inst/counter_inst/cnt_1ms_reg[10]/C
High Pulse Width  Fast    FDRE/C             n/a            0.350         10.000      9.650      SLICE_X33Y262   student_top_inst/bridge_inst/counter_inst/cnt_1ms_reg[10]/C
High Pulse Width  Slow    FDRE/C             n/a            0.350         10.000      9.650      SLICE_X33Y262   student_top_inst/bridge_inst/counter_inst/cnt_1ms_reg[11]/C
High Pulse Width  Fast    FDRE/C             n/a            0.350         10.000      9.650      SLICE_X33Y262   student_top_inst/bridge_inst/counter_inst/cnt_1ms_reg[11]/C
High Pulse Width  Slow    FDRE/C             n/a            0.350         10.000      9.650      SLICE_X33Y263   student_top_inst/bridge_inst/counter_inst/cnt_1ms_reg[12]/C
High Pulse Width  Fast    FDRE/C             n/a            0.350         10.000      9.650      SLICE_X33Y263   student_top_inst/bridge_inst/counter_inst/cnt_1ms_reg[12]/C
High Pulse Width  Slow    FDRE/C             n/a            0.350         10.000      9.650      SLICE_X33Y263   student_top_inst/bridge_inst/counter_inst/cnt_1ms_reg[13]/C
High Pulse Width  Fast    FDRE/C             n/a            0.350         10.000      9.650      SLICE_X33Y263   student_top_inst/bridge_inst/counter_inst/cnt_1ms_reg[13]/C



---------------------------------------------------------------------------------------------------
From Clock:  clk_out2_pll
  To Clock:  clk_out2_pll

Setup :            0  Failing Endpoints,  Worst Slack        4.394ns,  Total Violation        0.000ns
Hold  :            0  Failing Endpoints,  Worst Slack        0.122ns,  Total Violation        0.000ns
PW    :            0  Failing Endpoints,  Worst Slack        9.232ns,  Total Violation        0.000ns
---------------------------------------------------------------------------------------------------


Max Delay Paths
--------------------------------------------------------------------------------------
Slack (MET) :             4.394ns  (required time - arrival time)
  Source:                 student_top_inst/Core_cpu/imm_ex_reg[3]/C
                            (rising edge-triggered cell FDCE clocked by clk_out2_pll  {rise@0.000ns fall@10.000ns period=20.000ns})
  Destination:            top/student_top/perip_bridge/dram/DRAM1/<hidden>/<hidden>/<hidden>/<hidden>
                            (rising edge-triggered cell RAMS64E clocked by clk_out2_pll  {rise@0.000ns fall@10.000ns period=20.000ns})
  Path Group:             clk_out2_pll
  Path Type:              Setup (Max at Slow Process Corner)
  Requirement:            20.000ns  (clk_out2_pll rise@20.000ns - clk_out2_pll rise@0.000ns)
  Data Path Delay:        15.126ns  (logic 1.508ns (9.970%)  route 13.618ns (90.030%))
  Logic Levels:           17  (LUT3=1 LUT5=1 LUT6=8 MUXF7=3 MUXF8=3 RAMS64E=1)
  Clock Path Skew:        0.077ns (DCD - SCD + CPR)
    Destination Clock Delay (DCD):    4.409ns = ( 24.409 - 20.000 ) 
    Source Clock Delay      (SCD):    4.584ns
    Clock Pessimism Removal (CPR):    0.251ns
  Clock Uncertainty:      0.105ns  ((TSJ^2 + DJ^2)^1/2) / 2 + PE
    Total System Jitter     (TSJ):    0.071ns
    Discrete Jitter          (DJ):    0.198ns
    Phase Error              (PE):    0.000ns

    Location             Delay type                Incr(ns)  Path(ns)    Netlist Resource(s)
  -------------------------------------------------------------------    -------------------
                         (clock clk_out2_pll rise edge)
                                                      0.000     0.000 r  
    AD12                                              0.000     0.000 r  i_sys_clk_p (IN)
                         net (fo=0)                   0.000     0.000    pll_inst/inst/clk_in1_p
    AD12                 IBUFDS (Prop_ibufds_I_O)     0.906     0.906 r  pll_inst/inst/clkin1_ibufgds/O
                         net (fo=1, routed)           2.299     3.205    pll_inst/inst/clk_in1_pll_buf
    BUFGCTRL_X0Y3        BUFG (Prop_bufg_I_O)         0.093     3.298 r  pll_inst/inst/clkin1_bufg1/O
                         net (fo=1, routed)           1.959     5.257    pll_inst/inst/clk_in1_pll
    PLLE2_ADV_X1Y0       PLLE2_ADV (Prop_plle2_adv_CLKIN1_CLKOUT1)
                                                     -4.519     0.738 r  pll_inst/inst/plle2_adv_inst/CLKOUT1
                         net (fo=1, routed)           2.467     3.205    pll_inst/inst/clk_out2_pll
    BUFGCTRL_X0Y0        BUFG (Prop_bufg_I_O)         0.093     3.298 r  pll_inst/inst/clkout2_buf/O
                         net (fo=34223, routed)       1.286     4.584    student_top_inst/Core_cpu/clk_out2
    SLICE_X25Y244        FDCE                                         r  student_top_inst/Core_cpu/imm_ex_reg[3]/C
  -------------------------------------------------------------------    -------------------
    SLICE_X25Y244        FDCE (Prop_fdce_C_Q)         0.223     4.807 r  student_top_inst/Core_cpu/imm_ex_reg[3]/Q
                         net (fo=13, routed)          0.576     5.383    student_top_inst/Core_cpu/imm_ex[3]
    SLICE_X31Y241        LUT3 (Prop_lut3_I0_O)        0.051     5.434 r  student_top_inst/Core_cpu/Mem_DRAM_i_207/O
                         net (fo=89, routed)          0.774     6.208    student_top_inst/Core_cpu/Mem_DRAM_i_207_n_0
    SLICE_X49Y239        LUT5 (Prop_lut5_I3_O)        0.136     6.344 r  student_top_inst/Core_cpu/Mem_DRAM_i_280/O
                         net (fo=4, routed)           0.647     6.991    student_top_inst/Core_cpu/Mem_DRAM_i_280_n_0
    SLICE_X39Y238        LUT6 (Prop_lut6_I0_O)        0.043     7.034 r  student_top_inst/Core_cpu/Mem_DRAM_i_209/O
                         net (fo=2, routed)           0.262     7.296    student_top_inst/Core_cpu/Mem_DRAM_i_209_n_0
    SLICE_X36Y237        LUT6 (Prop_lut6_I5_O)        0.043     7.339 r  student_top_inst/Core_cpu/Mem_DRAM_i_223/O
                         net (fo=1, routed)           0.343     7.682    student_top_inst/Core_cpu/Mem_DRAM_i_223_n_0
    SLICE_X37Y237        LUT6 (Prop_lut6_I4_O)        0.043     7.725 r  student_top_inst/Core_cpu/Mem_DRAM_i_99/O
                         net (fo=1, routed)           0.101     7.826    student_top_inst/Core_cpu/Mem_DRAM_i_99_n_0
    SLICE_X37Y237        LUT6 (Prop_lut6_I5_O)        0.043     7.869 r  student_top_inst/Core_cpu/Mem_DRAM_i_16/O
                         net (fo=32797, routed)       4.252    12.120    top/student_top/perip_bridge/dram/DRAM1/<hidden>/<hidden>/<hidden>/<hidden>
    SLICE_X104Y332       RAMS64E (Prop_rams64e_ADR0_O)
                                                      0.043    12.163 r  top/student_top/perip_bridge/dram/DRAM1/<hidden>/<hidden>/<hidden>/<hidden>
                         net (fo=1, routed)           0.000    12.163    top/student_top/perip_bridge/dram/DRAM1/<hidden>/<hidden>/<hidden>/<hidden>
    SLICE_X104Y332       MUXF7 (Prop_muxf7_I0_O)      0.115    12.278 r  top/student_top/perip_bridge/dram/DRAM1/<hidden>/<hidden>/<hidden>/<hidden>
                         net (fo=1, routed)           0.000    12.278    top/student_top/perip_bridge/dram/DRAM1/<hidden>/<hidden>/<hidden>/<hidden>
    SLICE_X104Y332       MUXF8 (Prop_muxf8_I0_O)      0.046    12.324 r  top/student_top/perip_bridge/dram/DRAM1/<hidden>/<hidden>/<hidden>/<hidden>
                         net (fo=1, routed)           0.431    12.756    top/student_top/perip_bridge/dram/DRAM1/<hidden>/<hidden>/<hidden>
    SLICE_X109Y331       LUT6 (Prop_lut6_I5_O)        0.125    12.881 r  top/student_top/perip_bridge/dram/DRAM1/<hidden>/<hidden>/<hidden>
                         net (fo=1, routed)           0.000    12.881    top/student_top/perip_bridge/dram/DRAM1/<hidden>/<hidden>/<hidden>
    SLICE_X109Y331       MUXF7 (Prop_muxf7_I1_O)      0.108    12.989 r  top/student_top/perip_bridge/dram/DRAM1/<hidden>/<hidden>/<hidden>
                         net (fo=1, routed)           0.000    12.989    top/student_top/perip_bridge/dram/DRAM1/<hidden>/<hidden>/<hidden>
    SLICE_X109Y331       MUXF8 (Prop_muxf8_I1_O)      0.043    13.032 r  top/student_top/perip_bridge/dram/DRAM1/<hidden>/<hidden>/<hidden>
                         net (fo=1, routed)           1.309    14.340    top/student_top/perip_bridge/dram/DRAM1/<hidden>/<hidden>/<hidden>
    SLICE_X71Y310        LUT6 (Prop_lut6_I0_O)        0.126    14.466 r  top/student_top/perip_bridge/dram/DRAM1/<hidden>/<hidden>/<hidden>
                         net (fo=1, routed)           0.000    14.466    top/student_top/perip_bridge/dram/DRAM1/<hidden>/<hidden>/<hidden>
    SLICE_X71Y310        MUXF7 (Prop_muxf7_I1_O)      0.108    14.574 r  top/student_top/perip_bridge/dram/DRAM1/<hidden>/<hidden>/<hidden>
                         net (fo=1, routed)           0.000    14.574    top/student_top/perip_bridge/dram/DRAM1/<hidden>/<hidden>/<hidden>
    SLICE_X71Y310        MUXF8 (Prop_muxf8_I1_O)      0.043    14.617 r  top/student_top/perip_bridge/dram/DRAM1/<hidden>/<hidden>/<hidden>
                         net (fo=4, routed)           1.591    16.208    student_top_inst/Core_cpu/spo[30]
    SLICE_X49Y262        LUT6 (Prop_lut6_I5_O)        0.126    16.334 r  student_top_inst/Core_cpu/Mem_DRAM_i_104/O
                         net (fo=1, routed)           0.842    17.176    student_top_inst/Core_cpu/Mem_DRAM_i_104_n_0
    SLICE_X51Y282        LUT6 (Prop_lut6_I5_O)        0.043    17.219 r  student_top_inst/Core_cpu/Mem_DRAM_i_18/O
                         net (fo=1024, routed)        2.491    19.709    top/student_top/perip_bridge/dram/DRAM1/<hidden>/<hidden>/<hidden>/<hidden>
    SLICE_X104Y335       RAMS64E                                      r  top/student_top/perip_bridge/dram/DRAM1/<hidden>/<hidden>/<hidden>/<hidden>
  -------------------------------------------------------------------    -------------------

                         (clock clk_out2_pll rise edge)
                                                     20.000    20.000 r  
    AD12                                              0.000    20.000 r  i_sys_clk_p (IN)
                         net (fo=0)                   0.000    20.000    pll_inst/inst/clk_in1_p
    AD12                 IBUFDS (Prop_ibufds_I_O)     0.803    20.803 r  pll_inst/inst/clkin1_ibufgds/O
                         net (fo=1, routed)           2.173    22.976    pll_inst/inst/clk_in1_pll_buf
    BUFGCTRL_X0Y3        BUFG (Prop_bufg_I_O)         0.083    23.059 r  pll_inst/inst/clkin1_bufg1/O
                         net (fo=1, routed)           1.796    24.855    pll_inst/inst/clk_in1_pll
    PLLE2_ADV_X1Y0       PLLE2_ADV (Prop_plle2_adv_CLKIN1_CLKOUT1)
                                                     -4.213    20.642 r  pll_inst/inst/plle2_adv_inst/CLKOUT1
                         net (fo=1, routed)           2.334    22.976    pll_inst/inst/clk_out2_pll
    BUFGCTRL_X0Y0        BUFG (Prop_bufg_I_O)         0.083    23.059 r  pll_inst/inst/clkout2_buf/O
                         net (fo=34223, routed)       1.350    24.409    top/student_top/perip_bridge/dram/DRAM1/<hidden>/<hidden>/<hidden>/<hidden>
    SLICE_X104Y335       RAMS64E                                      r  top/student_top/perip_bridge/dram/DRAM1/<hidden>/<hidden>/<hidden>/<hidden>
                         clock pessimism              0.251    24.661    
                         clock uncertainty           -0.105    24.555    
    SLICE_X104Y335       RAMS64E (Setup_rams64e_CLK_I)
                                                     -0.452    24.103    top/student_top/perip_bridge/dram/DRAM1/<hidden>/<hidden>/<hidden>/<hidden>
  -------------------------------------------------------------------
                         required time                         24.103    
                         arrival time                         -19.709    
  -------------------------------------------------------------------
                         slack                                  4.394    

Slack (MET) :             4.398ns  (required time - arrival time)
  Source:                 student_top_inst/Core_cpu/imm_ex_reg[3]/C
                            (rising edge-triggered cell FDCE clocked by clk_out2_pll  {rise@0.000ns fall@10.000ns period=20.000ns})
  Destination:            top/student_top/perip_bridge/dram/DRAM1/<hidden>/<hidden>/<hidden>/<hidden>
                            (rising edge-triggered cell RAMS64E clocked by clk_out2_pll  {rise@0.000ns fall@10.000ns period=20.000ns})
  Path Group:             clk_out2_pll
  Path Type:              Setup (Max at Slow Process Corner)
  Requirement:            20.000ns  (clk_out2_pll rise@20.000ns - clk_out2_pll rise@0.000ns)
  Data Path Delay:        15.122ns  (logic 1.508ns (9.973%)  route 13.614ns (90.028%))
  Logic Levels:           17  (LUT3=1 LUT5=1 LUT6=8 MUXF7=3 MUXF8=3 RAMS64E=1)
  Clock Path Skew:        0.077ns (DCD - SCD + CPR)
    Destination Clock Delay (DCD):    4.409ns = ( 24.409 - 20.000 ) 
    Source Clock Delay      (SCD):    4.584ns
    Clock Pessimism Removal (CPR):    0.251ns
  Clock Uncertainty:      0.105ns  ((TSJ^2 + DJ^2)^1/2) / 2 + PE
    Total System Jitter     (TSJ):    0.071ns
    Discrete Jitter          (DJ):    0.198ns
    Phase Error              (PE):    0.000ns

    Location             Delay type                Incr(ns)  Path(ns)    Netlist Resource(s)
  -------------------------------------------------------------------    -------------------
                         (clock clk_out2_pll rise edge)
                                                      0.000     0.000 r  
    AD12                                              0.000     0.000 r  i_sys_clk_p (IN)
                         net (fo=0)                   0.000     0.000    pll_inst/inst/clk_in1_p
    AD12                 IBUFDS (Prop_ibufds_I_O)     0.906     0.906 r  pll_inst/inst/clkin1_ibufgds/O
                         net (fo=1, routed)           2.299     3.205    pll_inst/inst/clk_in1_pll_buf
    BUFGCTRL_X0Y3        BUFG (Prop_bufg_I_O)         0.093     3.298 r  pll_inst/inst/clkin1_bufg1/O
                         net (fo=1, routed)           1.959     5.257    pll_inst/inst/clk_in1_pll
    PLLE2_ADV_X1Y0       PLLE2_ADV (Prop_plle2_adv_CLKIN1_CLKOUT1)
                                                     -4.519     0.738 r  pll_inst/inst/plle2_adv_inst/CLKOUT1
                         net (fo=1, routed)           2.467     3.205    pll_inst/inst/clk_out2_pll
    BUFGCTRL_X0Y0        BUFG (Prop_bufg_I_O)         0.093     3.298 r  pll_inst/inst/clkout2_buf/O
                         net (fo=34223, routed)       1.286     4.584    student_top_inst/Core_cpu/clk_out2
    SLICE_X25Y244        FDCE                                         r  student_top_inst/Core_cpu/imm_ex_reg[3]/C
  -------------------------------------------------------------------    -------------------
    SLICE_X25Y244        FDCE (Prop_fdce_C_Q)         0.223     4.807 r  student_top_inst/Core_cpu/imm_ex_reg[3]/Q
                         net (fo=13, routed)          0.576     5.383    student_top_inst/Core_cpu/imm_ex[3]
    SLICE_X31Y241        LUT3 (Prop_lut3_I0_O)        0.051     5.434 r  student_top_inst/Core_cpu/Mem_DRAM_i_207/O
                         net (fo=89, routed)          0.774     6.208    student_top_inst/Core_cpu/Mem_DRAM_i_207_n_0
    SLICE_X49Y239        LUT5 (Prop_lut5_I3_O)        0.136     6.344 r  student_top_inst/Core_cpu/Mem_DRAM_i_280/O
                         net (fo=4, routed)           0.647     6.991    student_top_inst/Core_cpu/Mem_DRAM_i_280_n_0
    SLICE_X39Y238        LUT6 (Prop_lut6_I0_O)        0.043     7.034 r  student_top_inst/Core_cpu/Mem_DRAM_i_209/O
                         net (fo=2, routed)           0.262     7.296    student_top_inst/Core_cpu/Mem_DRAM_i_209_n_0
    SLICE_X36Y237        LUT6 (Prop_lut6_I5_O)        0.043     7.339 r  student_top_inst/Core_cpu/Mem_DRAM_i_223/O
                         net (fo=1, routed)           0.343     7.682    student_top_inst/Core_cpu/Mem_DRAM_i_223_n_0
    SLICE_X37Y237        LUT6 (Prop_lut6_I4_O)        0.043     7.725 r  student_top_inst/Core_cpu/Mem_DRAM_i_99/O
                         net (fo=1, routed)           0.101     7.826    student_top_inst/Core_cpu/Mem_DRAM_i_99_n_0
    SLICE_X37Y237        LUT6 (Prop_lut6_I5_O)        0.043     7.869 r  student_top_inst/Core_cpu/Mem_DRAM_i_16/O
                         net (fo=32797, routed)       4.252    12.120    top/student_top/perip_bridge/dram/DRAM1/<hidden>/<hidden>/<hidden>/<hidden>
    SLICE_X104Y332       RAMS64E (Prop_rams64e_ADR0_O)
                                                      0.043    12.163 r  top/student_top/perip_bridge/dram/DRAM1/<hidden>/<hidden>/<hidden>/<hidden>
                         net (fo=1, routed)           0.000    12.163    top/student_top/perip_bridge/dram/DRAM1/<hidden>/<hidden>/<hidden>/<hidden>
    SLICE_X104Y332       MUXF7 (Prop_muxf7_I0_O)      0.115    12.278 r  top/student_top/perip_bridge/dram/DRAM1/<hidden>/<hidden>/<hidden>/<hidden>
                         net (fo=1, routed)           0.000    12.278    top/student_top/perip_bridge/dram/DRAM1/<hidden>/<hidden>/<hidden>/<hidden>
    SLICE_X104Y332       MUXF8 (Prop_muxf8_I0_O)      0.046    12.324 r  top/student_top/perip_bridge/dram/DRAM1/<hidden>/<hidden>/<hidden>/<hidden>
                         net (fo=1, routed)           0.431    12.756    top/student_top/perip_bridge/dram/DRAM1/<hidden>/<hidden>/<hidden>
    SLICE_X109Y331       LUT6 (Prop_lut6_I5_O)        0.125    12.881 r  top/student_top/perip_bridge/dram/DRAM1/<hidden>/<hidden>/<hidden>
                         net (fo=1, routed)           0.000    12.881    top/student_top/perip_bridge/dram/DRAM1/<hidden>/<hidden>/<hidden>
    SLICE_X109Y331       MUXF7 (Prop_muxf7_I1_O)      0.108    12.989 r  top/student_top/perip_bridge/dram/DRAM1/<hidden>/<hidden>/<hidden>
                         net (fo=1, routed)           0.000    12.989    top/student_top/perip_bridge/dram/DRAM1/<hidden>/<hidden>/<hidden>
    SLICE_X109Y331       MUXF8 (Prop_muxf8_I1_O)      0.043    13.032 r  top/student_top/perip_bridge/dram/DRAM1/<hidden>/<hidden>/<hidden>
                         net (fo=1, routed)           1.309    14.340    top/student_top/perip_bridge/dram/DRAM1/<hidden>/<hidden>/<hidden>
    SLICE_X71Y310        LUT6 (Prop_lut6_I0_O)        0.126    14.466 r  top/student_top/perip_bridge/dram/DRAM1/<hidden>/<hidden>/<hidden>
                         net (fo=1, routed)           0.000    14.466    top/student_top/perip_bridge/dram/DRAM1/<hidden>/<hidden>/<hidden>
    SLICE_X71Y310        MUXF7 (Prop_muxf7_I1_O)      0.108    14.574 r  top/student_top/perip_bridge/dram/DRAM1/<hidden>/<hidden>/<hidden>
                         net (fo=1, routed)           0.000    14.574    top/student_top/perip_bridge/dram/DRAM1/<hidden>/<hidden>/<hidden>
    SLICE_X71Y310        MUXF8 (Prop_muxf8_I1_O)      0.043    14.617 r  top/student_top/perip_bridge/dram/DRAM1/<hidden>/<hidden>/<hidden>
                         net (fo=4, routed)           1.591    16.208    student_top_inst/Core_cpu/spo[30]
    SLICE_X49Y262        LUT6 (Prop_lut6_I5_O)        0.126    16.334 r  student_top_inst/Core_cpu/Mem_DRAM_i_104/O
                         net (fo=1, routed)           0.842    17.176    student_top_inst/Core_cpu/Mem_DRAM_i_104_n_0
    SLICE_X51Y282        LUT6 (Prop_lut6_I5_O)        0.043    17.219 r  student_top_inst/Core_cpu/Mem_DRAM_i_18/O
                         net (fo=1024, routed)        2.486    19.705    top/student_top/perip_bridge/dram/DRAM1/<hidden>/<hidden>/<hidden>/<hidden>
    SLICE_X110Y332       RAMS64E                                      r  top/student_top/perip_bridge/dram/DRAM1/<hidden>/<hidden>/<hidden>/<hidden>
  -------------------------------------------------------------------    -------------------

                         (clock clk_out2_pll rise edge)
                                                     20.000    20.000 r  
    AD12                                              0.000    20.000 r  i_sys_clk_p (IN)
                         net (fo=0)                   0.000    20.000    pll_inst/inst/clk_in1_p
    AD12                 IBUFDS (Prop_ibufds_I_O)     0.803    20.803 r  pll_inst/inst/clkin1_ibufgds/O
                         net (fo=1, routed)           2.173    22.976    pll_inst/inst/clk_in1_pll_buf
    BUFGCTRL_X0Y3        BUFG (Prop_bufg_I_O)         0.083    23.059 r  pll_inst/inst/clkin1_bufg1/O
                         net (fo=1, routed)           1.796    24.855    pll_inst/inst/clk_in1_pll
    PLLE2_ADV_X1Y0       PLLE2_ADV (Prop_plle2_adv_CLKIN1_CLKOUT1)
                                                     -4.213    20.642 r  pll_inst/inst/plle2_adv_inst/CLKOUT1
                         net (fo=1, routed)           2.334    22.976    pll_inst/inst/clk_out2_pll
    BUFGCTRL_X0Y0        BUFG (Prop_bufg_I_O)         0.083    23.059 r  pll_inst/inst/clkout2_buf/O
                         net (fo=34223, routed)       1.350    24.409    top/student_top/perip_bridge/dram/DRAM1/<hidden>/<hidden>/<hidden>/<hidden>
    SLICE_X110Y332       RAMS64E                                      r  top/student_top/perip_bridge/dram/DRAM1/<hidden>/<hidden>/<hidden>/<hidden>
                         clock pessimism              0.251    24.661    
                         clock uncertainty           -0.105    24.555    
    SLICE_X110Y332       RAMS64E (Setup_rams64e_CLK_I)
                                                     -0.452    24.103    top/student_top/perip_bridge/dram/DRAM1/<hidden>/<hidden>/<hidden>/<hidden>
  -------------------------------------------------------------------
                         required time                         24.103    
                         arrival time                         -19.705    
  -------------------------------------------------------------------
                         slack                                  4.398    

Slack (MET) :             4.407ns  (required time - arrival time)
  Source:                 student_top_inst/Core_cpu/imm_ex_reg[3]/C
                            (rising edge-triggered cell FDCE clocked by clk_out2_pll  {rise@0.000ns fall@10.000ns period=20.000ns})
  Destination:            top/student_top/perip_bridge/dram/DRAM1/<hidden>/<hidden>/<hidden>/<hidden>
                            (rising edge-triggered cell RAMS64E clocked by clk_out2_pll  {rise@0.000ns fall@10.000ns period=20.000ns})
  Path Group:             clk_out2_pll
  Path Type:              Setup (Max at Slow Process Corner)
  Requirement:            20.000ns  (clk_out2_pll rise@20.000ns - clk_out2_pll rise@0.000ns)
  Data Path Delay:        15.111ns  (logic 1.508ns (9.979%)  route 13.603ns (90.021%))
  Logic Levels:           17  (LUT3=1 LUT5=1 LUT6=8 MUXF7=3 MUXF8=3 RAMS64E=1)
  Clock Path Skew:        0.076ns (DCD - SCD + CPR)
    Destination Clock Delay (DCD):    4.408ns = ( 24.408 - 20.000 ) 
    Source Clock Delay      (SCD):    4.584ns
    Clock Pessimism Removal (CPR):    0.251ns
  Clock Uncertainty:      0.105ns  ((TSJ^2 + DJ^2)^1/2) / 2 + PE
    Total System Jitter     (TSJ):    0.071ns
    Discrete Jitter          (DJ):    0.198ns
    Phase Error              (PE):    0.000ns

    Location             Delay type                Incr(ns)  Path(ns)    Netlist Resource(s)
  -------------------------------------------------------------------    -------------------
                         (clock clk_out2_pll rise edge)
                                                      0.000     0.000 r  
    AD12                                              0.000     0.000 r  i_sys_clk_p (IN)
                         net (fo=0)                   0.000     0.000    pll_inst/inst/clk_in1_p
    AD12                 IBUFDS (Prop_ibufds_I_O)     0.906     0.906 r  pll_inst/inst/clkin1_ibufgds/O
                         net (fo=1, routed)           2.299     3.205    pll_inst/inst/clk_in1_pll_buf
    BUFGCTRL_X0Y3        BUFG (Prop_bufg_I_O)         0.093     3.298 r  pll_inst/inst/clkin1_bufg1/O
                         net (fo=1, routed)           1.959     5.257    pll_inst/inst/clk_in1_pll
    PLLE2_ADV_X1Y0       PLLE2_ADV (Prop_plle2_adv_CLKIN1_CLKOUT1)
                                                     -4.519     0.738 r  pll_inst/inst/plle2_adv_inst/CLKOUT1
                         net (fo=1, routed)           2.467     3.205    pll_inst/inst/clk_out2_pll
    BUFGCTRL_X0Y0        BUFG (Prop_bufg_I_O)         0.093     3.298 r  pll_inst/inst/clkout2_buf/O
                         net (fo=34223, routed)       1.286     4.584    student_top_inst/Core_cpu/clk_out2
    SLICE_X25Y244        FDCE                                         r  student_top_inst/Core_cpu/imm_ex_reg[3]/C
  -------------------------------------------------------------------    -------------------
    SLICE_X25Y244        FDCE (Prop_fdce_C_Q)         0.223     4.807 r  student_top_inst/Core_cpu/imm_ex_reg[3]/Q
                         net (fo=13, routed)          0.576     5.383    student_top_inst/Core_cpu/imm_ex[3]
    SLICE_X31Y241        LUT3 (Prop_lut3_I0_O)        0.051     5.434 r  student_top_inst/Core_cpu/Mem_DRAM_i_207/O
                         net (fo=89, routed)          0.774     6.208    student_top_inst/Core_cpu/Mem_DRAM_i_207_n_0
    SLICE_X49Y239        LUT5 (Prop_lut5_I3_O)        0.136     6.344 r  student_top_inst/Core_cpu/Mem_DRAM_i_280/O
                         net (fo=4, routed)           0.647     6.991    student_top_inst/Core_cpu/Mem_DRAM_i_280_n_0
    SLICE_X39Y238        LUT6 (Prop_lut6_I0_O)        0.043     7.034 r  student_top_inst/Core_cpu/Mem_DRAM_i_209/O
                         net (fo=2, routed)           0.262     7.296    student_top_inst/Core_cpu/Mem_DRAM_i_209_n_0
    SLICE_X36Y237        LUT6 (Prop_lut6_I5_O)        0.043     7.339 r  student_top_inst/Core_cpu/Mem_DRAM_i_223/O
                         net (fo=1, routed)           0.343     7.682    student_top_inst/Core_cpu/Mem_DRAM_i_223_n_0
    SLICE_X37Y237        LUT6 (Prop_lut6_I4_O)        0.043     7.725 r  student_top_inst/Core_cpu/Mem_DRAM_i_99/O
                         net (fo=1, routed)           0.101     7.826    student_top_inst/Core_cpu/Mem_DRAM_i_99_n_0
    SLICE_X37Y237        LUT6 (Prop_lut6_I5_O)        0.043     7.869 r  student_top_inst/Core_cpu/Mem_DRAM_i_16/O
                         net (fo=32797, routed)       4.252    12.120    top/student_top/perip_bridge/dram/DRAM1/<hidden>/<hidden>/<hidden>/<hidden>
    SLICE_X104Y332       RAMS64E (Prop_rams64e_ADR0_O)
                                                      0.043    12.163 r  top/student_top/perip_bridge/dram/DRAM1/<hidden>/<hidden>/<hidden>/<hidden>
                         net (fo=1, routed)           0.000    12.163    top/student_top/perip_bridge/dram/DRAM1/<hidden>/<hidden>/<hidden>/<hidden>
    SLICE_X104Y332       MUXF7 (Prop_muxf7_I0_O)      0.115    12.278 r  top/student_top/perip_bridge/dram/DRAM1/<hidden>/<hidden>/<hidden>/<hidden>
                         net (fo=1, routed)           0.000    12.278    top/student_top/perip_bridge/dram/DRAM1/<hidden>/<hidden>/<hidden>/<hidden>
    SLICE_X104Y332       MUXF8 (Prop_muxf8_I0_O)      0.046    12.324 r  top/student_top/perip_bridge/dram/DRAM1/<hidden>/<hidden>/<hidden>/<hidden>
                         net (fo=1, routed)           0.431    12.756    top/student_top/perip_bridge/dram/DRAM1/<hidden>/<hidden>/<hidden>
    SLICE_X109Y331       LUT6 (Prop_lut6_I5_O)        0.125    12.881 r  top/student_top/perip_bridge/dram/DRAM1/<hidden>/<hidden>/<hidden>
                         net (fo=1, routed)           0.000    12.881    top/student_top/perip_bridge/dram/DRAM1/<hidden>/<hidden>/<hidden>
    SLICE_X109Y331       MUXF7 (Prop_muxf7_I1_O)      0.108    12.989 r  top/student_top/perip_bridge/dram/DRAM1/<hidden>/<hidden>/<hidden>
                         net (fo=1, routed)           0.000    12.989    top/student_top/perip_bridge/dram/DRAM1/<hidden>/<hidden>/<hidden>
    SLICE_X109Y331       MUXF8 (Prop_muxf8_I1_O)      0.043    13.032 r  top/student_top/perip_bridge/dram/DRAM1/<hidden>/<hidden>/<hidden>
                         net (fo=1, routed)           1.309    14.340    top/student_top/perip_bridge/dram/DRAM1/<hidden>/<hidden>/<hidden>
    SLICE_X71Y310        LUT6 (Prop_lut6_I0_O)        0.126    14.466 r  top/student_top/perip_bridge/dram/DRAM1/<hidden>/<hidden>/<hidden>
                         net (fo=1, routed)           0.000    14.466    top/student_top/perip_bridge/dram/DRAM1/<hidden>/<hidden>/<hidden>
    SLICE_X71Y310        MUXF7 (Prop_muxf7_I1_O)      0.108    14.574 r  top/student_top/perip_bridge/dram/DRAM1/<hidden>/<hidden>/<hidden>
                         net (fo=1, routed)           0.000    14.574    top/student_top/perip_bridge/dram/DRAM1/<hidden>/<hidden>/<hidden>
    SLICE_X71Y310        MUXF8 (Prop_muxf8_I1_O)      0.043    14.617 r  top/student_top/perip_bridge/dram/DRAM1/<hidden>/<hidden>/<hidden>
                         net (fo=4, routed)           1.591    16.208    student_top_inst/Core_cpu/spo[30]
    SLICE_X49Y262        LUT6 (Prop_lut6_I5_O)        0.126    16.334 r  student_top_inst/Core_cpu/Mem_DRAM_i_104/O
                         net (fo=1, routed)           0.842    17.176    student_top_inst/Core_cpu/Mem_DRAM_i_104_n_0
    SLICE_X51Y282        LUT6 (Prop_lut6_I5_O)        0.043    17.219 r  student_top_inst/Core_cpu/Mem_DRAM_i_18/O
                         net (fo=1024, routed)        2.476    19.695    top/student_top/perip_bridge/dram/DRAM1/<hidden>/<hidden>/<hidden>/<hidden>
    SLICE_X104Y334       RAMS64E                                      r  top/student_top/perip_bridge/dram/DRAM1/<hidden>/<hidden>/<hidden>/<hidden>
  -------------------------------------------------------------------    -------------------

                         (clock clk_out2_pll rise edge)
                                                     20.000    20.000 r  
    AD12                                              0.000    20.000 r  i_sys_clk_p (IN)
                         net (fo=0)                   0.000    20.000    pll_inst/inst/clk_in1_p
    AD12                 IBUFDS (Prop_ibufds_I_O)     0.803    20.803 r  pll_inst/inst/clkin1_ibufgds/O
                         net (fo=1, routed)           2.173    22.976    pll_inst/inst/clk_in1_pll_buf
    BUFGCTRL_X0Y3        BUFG (Prop_bufg_I_O)         0.083    23.059 r  pll_inst/inst/clkin1_bufg1/O
                         net (fo=1, routed)           1.796    24.855    pll_inst/inst/clk_in1_pll
    PLLE2_ADV_X1Y0       PLLE2_ADV (Prop_plle2_adv_CLKIN1_CLKOUT1)
                                                     -4.213    20.642 r  pll_inst/inst/plle2_adv_inst/CLKOUT1
                         net (fo=1, routed)           2.334    22.976    pll_inst/inst/clk_out2_pll
    BUFGCTRL_X0Y0        BUFG (Prop_bufg_I_O)         0.083    23.059 r  pll_inst/inst/clkout2_buf/O
                         net (fo=34223, routed)       1.349    24.408    top/student_top/perip_bridge/dram/DRAM1/<hidden>/<hidden>/<hidden>/<hidden>
    SLICE_X104Y334       RAMS64E                                      r  top/student_top/perip_bridge/dram/DRAM1/<hidden>/<hidden>/<hidden>/<hidden>
                         clock pessimism              0.251    24.660    
                         clock uncertainty           -0.105    24.554    
    SLICE_X104Y334       RAMS64E (Setup_rams64e_CLK_I)
                                                     -0.452    24.102    top/student_top/perip_bridge/dram/DRAM1/<hidden>/<hidden>/<hidden>/<hidden>
  -------------------------------------------------------------------
                         required time                         24.102    
                         arrival time                         -19.695    
  -------------------------------------------------------------------
                         slack                                  4.407    

Slack (MET) :             4.457ns  (required time - arrival time)
  Source:                 student_top_inst/Core_cpu/imm_ex_reg[3]/C
                            (rising edge-triggered cell FDCE clocked by clk_out2_pll  {rise@0.000ns fall@10.000ns period=20.000ns})
  Destination:            top/student_top/perip_bridge/dram/DRAM1/<hidden>/<hidden>/<hidden>/<hidden>
                            (rising edge-triggered cell RAMS64E clocked by clk_out2_pll  {rise@0.000ns fall@10.000ns period=20.000ns})
  Path Group:             clk_out2_pll
  Path Type:              Setup (Max at Slow Process Corner)
  Requirement:            20.000ns  (clk_out2_pll rise@20.000ns - clk_out2_pll rise@0.000ns)
  Data Path Delay:        15.064ns  (logic 1.508ns (10.011%)  route 13.556ns (89.989%))
  Logic Levels:           17  (LUT3=1 LUT5=1 LUT6=8 MUXF7=3 MUXF8=3 RAMS64E=1)
  Clock Path Skew:        0.078ns (DCD - SCD + CPR)
    Destination Clock Delay (DCD):    4.410ns = ( 24.410 - 20.000 ) 
    Source Clock Delay      (SCD):    4.584ns
    Clock Pessimism Removal (CPR):    0.251ns
  Clock Uncertainty:      0.105ns  ((TSJ^2 + DJ^2)^1/2) / 2 + PE
    Total System Jitter     (TSJ):    0.071ns
    Discrete Jitter          (DJ):    0.198ns
    Phase Error              (PE):    0.000ns

    Location             Delay type                Incr(ns)  Path(ns)    Netlist Resource(s)
  -------------------------------------------------------------------    -------------------
                         (clock clk_out2_pll rise edge)
                                                      0.000     0.000 r  
    AD12                                              0.000     0.000 r  i_sys_clk_p (IN)
                         net (fo=0)                   0.000     0.000    pll_inst/inst/clk_in1_p
    AD12                 IBUFDS (Prop_ibufds_I_O)     0.906     0.906 r  pll_inst/inst/clkin1_ibufgds/O
                         net (fo=1, routed)           2.299     3.205    pll_inst/inst/clk_in1_pll_buf
    BUFGCTRL_X0Y3        BUFG (Prop_bufg_I_O)         0.093     3.298 r  pll_inst/inst/clkin1_bufg1/O
                         net (fo=1, routed)           1.959     5.257    pll_inst/inst/clk_in1_pll
    PLLE2_ADV_X1Y0       PLLE2_ADV (Prop_plle2_adv_CLKIN1_CLKOUT1)
                                                     -4.519     0.738 r  pll_inst/inst/plle2_adv_inst/CLKOUT1
                         net (fo=1, routed)           2.467     3.205    pll_inst/inst/clk_out2_pll
    BUFGCTRL_X0Y0        BUFG (Prop_bufg_I_O)         0.093     3.298 r  pll_inst/inst/clkout2_buf/O
                         net (fo=34223, routed)       1.286     4.584    student_top_inst/Core_cpu/clk_out2
    SLICE_X25Y244        FDCE                                         r  student_top_inst/Core_cpu/imm_ex_reg[3]/C
  -------------------------------------------------------------------    -------------------
    SLICE_X25Y244        FDCE (Prop_fdce_C_Q)         0.223     4.807 r  student_top_inst/Core_cpu/imm_ex_reg[3]/Q
                         net (fo=13, routed)          0.576     5.383    student_top_inst/Core_cpu/imm_ex[3]
    SLICE_X31Y241        LUT3 (Prop_lut3_I0_O)        0.051     5.434 r  student_top_inst/Core_cpu/Mem_DRAM_i_207/O
                         net (fo=89, routed)          0.774     6.208    student_top_inst/Core_cpu/Mem_DRAM_i_207_n_0
    SLICE_X49Y239        LUT5 (Prop_lut5_I3_O)        0.136     6.344 r  student_top_inst/Core_cpu/Mem_DRAM_i_280/O
                         net (fo=4, routed)           0.647     6.991    student_top_inst/Core_cpu/Mem_DRAM_i_280_n_0
    SLICE_X39Y238        LUT6 (Prop_lut6_I0_O)        0.043     7.034 r  student_top_inst/Core_cpu/Mem_DRAM_i_209/O
                         net (fo=2, routed)           0.262     7.296    student_top_inst/Core_cpu/Mem_DRAM_i_209_n_0
    SLICE_X36Y237        LUT6 (Prop_lut6_I5_O)        0.043     7.339 r  student_top_inst/Core_cpu/Mem_DRAM_i_223/O
                         net (fo=1, routed)           0.343     7.682    student_top_inst/Core_cpu/Mem_DRAM_i_223_n_0
    SLICE_X37Y237        LUT6 (Prop_lut6_I4_O)        0.043     7.725 r  student_top_inst/Core_cpu/Mem_DRAM_i_99/O
                         net (fo=1, routed)           0.101     7.826    student_top_inst/Core_cpu/Mem_DRAM_i_99_n_0
    SLICE_X37Y237        LUT6 (Prop_lut6_I5_O)        0.043     7.869 r  student_top_inst/Core_cpu/Mem_DRAM_i_16/O
                         net (fo=32797, routed)       4.252    12.120    top/student_top/perip_bridge/dram/DRAM1/<hidden>/<hidden>/<hidden>/<hidden>
    SLICE_X104Y332       RAMS64E (Prop_rams64e_ADR0_O)
                                                      0.043    12.163 r  top/student_top/perip_bridge/dram/DRAM1/<hidden>/<hidden>/<hidden>/<hidden>
                         net (fo=1, routed)           0.000    12.163    top/student_top/perip_bridge/dram/DRAM1/<hidden>/<hidden>/<hidden>/<hidden>
    SLICE_X104Y332       MUXF7 (Prop_muxf7_I0_O)      0.115    12.278 r  top/student_top/perip_bridge/dram/DRAM1/<hidden>/<hidden>/<hidden>/<hidden>
                         net (fo=1, routed)           0.000    12.278    top/student_top/perip_bridge/dram/DRAM1/<hidden>/<hidden>/<hidden>/<hidden>
    SLICE_X104Y332       MUXF8 (Prop_muxf8_I0_O)      0.046    12.324 r  top/student_top/perip_bridge/dram/DRAM1/<hidden>/<hidden>/<hidden>/<hidden>
                         net (fo=1, routed)           0.431    12.756    top/student_top/perip_bridge/dram/DRAM1/<hidden>/<hidden>/<hidden>
    SLICE_X109Y331       LUT6 (Prop_lut6_I5_O)        0.125    12.881 r  top/student_top/perip_bridge/dram/DRAM1/<hidden>/<hidden>/<hidden>
                         net (fo=1, routed)           0.000    12.881    top/student_top/perip_bridge/dram/DRAM1/<hidden>/<hidden>/<hidden>
    SLICE_X109Y331       MUXF7 (Prop_muxf7_I1_O)      0.108    12.989 r  top/student_top/perip_bridge/dram/DRAM1/<hidden>/<hidden>/<hidden>
                         net (fo=1, routed)           0.000    12.989    top/student_top/perip_bridge/dram/DRAM1/<hidden>/<hidden>/<hidden>
    SLICE_X109Y331       MUXF8 (Prop_muxf8_I1_O)      0.043    13.032 r  top/student_top/perip_bridge/dram/DRAM1/<hidden>/<hidden>/<hidden>
                         net (fo=1, routed)           1.309    14.340    top/student_top/perip_bridge/dram/DRAM1/<hidden>/<hidden>/<hidden>
    SLICE_X71Y310        LUT6 (Prop_lut6_I0_O)        0.126    14.466 r  top/student_top/perip_bridge/dram/DRAM1/<hidden>/<hidden>/<hidden>
                         net (fo=1, routed)           0.000    14.466    top/student_top/perip_bridge/dram/DRAM1/<hidden>/<hidden>/<hidden>
    SLICE_X71Y310        MUXF7 (Prop_muxf7_I1_O)      0.108    14.574 r  top/student_top/perip_bridge/dram/DRAM1/<hidden>/<hidden>/<hidden>
                         net (fo=1, routed)           0.000    14.574    top/student_top/perip_bridge/dram/DRAM1/<hidden>/<hidden>/<hidden>
    SLICE_X71Y310        MUXF8 (Prop_muxf8_I1_O)      0.043    14.617 r  top/student_top/perip_bridge/dram/DRAM1/<hidden>/<hidden>/<hidden>
                         net (fo=4, routed)           1.591    16.208    student_top_inst/Core_cpu/spo[30]
    SLICE_X49Y262        LUT6 (Prop_lut6_I5_O)        0.126    16.334 r  student_top_inst/Core_cpu/Mem_DRAM_i_104/O
                         net (fo=1, routed)           0.842    17.176    student_top_inst/Core_cpu/Mem_DRAM_i_104_n_0
    SLICE_X51Y282        LUT6 (Prop_lut6_I5_O)        0.043    17.219 r  student_top_inst/Core_cpu/Mem_DRAM_i_18/O
                         net (fo=1024, routed)        2.429    19.647    top/student_top/perip_bridge/dram/DRAM1/<hidden>/<hidden>/<hidden>/<hidden>
    SLICE_X110Y333       RAMS64E                                      r  top/student_top/perip_bridge/dram/DRAM1/<hidden>/<hidden>/<hidden>/<hidden>
  -------------------------------------------------------------------    -------------------

                         (clock clk_out2_pll rise edge)
                                                     20.000    20.000 r  
    AD12                                              0.000    20.000 r  i_sys_clk_p (IN)
                         net (fo=0)                   0.000    20.000    pll_inst/inst/clk_in1_p
    AD12                 IBUFDS (Prop_ibufds_I_O)     0.803    20.803 r  pll_inst/inst/clkin1_ibufgds/O
                         net (fo=1, routed)           2.173    22.976    pll_inst/inst/clk_in1_pll_buf
    BUFGCTRL_X0Y3        BUFG (Prop_bufg_I_O)         0.083    23.059 r  pll_inst/inst/clkin1_bufg1/O
                         net (fo=1, routed)           1.796    24.855    pll_inst/inst/clk_in1_pll
    PLLE2_ADV_X1Y0       PLLE2_ADV (Prop_plle2_adv_CLKIN1_CLKOUT1)
                                                     -4.213    20.642 r  pll_inst/inst/plle2_adv_inst/CLKOUT1
                         net (fo=1, routed)           2.334    22.976    pll_inst/inst/clk_out2_pll
    BUFGCTRL_X0Y0        BUFG (Prop_bufg_I_O)         0.083    23.059 r  pll_inst/inst/clkout2_buf/O
                         net (fo=34223, routed)       1.351    24.410    top/student_top/perip_bridge/dram/DRAM1/<hidden>/<hidden>/<hidden>/<hidden>
    SLICE_X110Y333       RAMS64E                                      r  top/student_top/perip_bridge/dram/DRAM1/<hidden>/<hidden>/<hidden>/<hidden>
                         clock pessimism              0.251    24.662    
                         clock uncertainty           -0.105    24.556    
    SLICE_X110Y333       RAMS64E (Setup_rams64e_CLK_I)
                                                     -0.452    24.104    top/student_top/perip_bridge/dram/DRAM1/<hidden>/<hidden>/<hidden>/<hidden>
  -------------------------------------------------------------------
                         required time                         24.104    
                         arrival time                         -19.647    
  -------------------------------------------------------------------
                         slack                                  4.457    

Slack (MET) :             4.473ns  (required time - arrival time)
  Source:                 student_top_inst/Core_cpu/imm_ex_reg[3]/C
                            (rising edge-triggered cell FDCE clocked by clk_out2_pll  {rise@0.000ns fall@10.000ns period=20.000ns})
  Destination:            top/student_top/perip_bridge/dram/DRAM1/<hidden>/<hidden>/<hidden>/<hidden>
                            (rising edge-triggered cell RAMS64E clocked by clk_out2_pll  {rise@0.000ns fall@10.000ns period=20.000ns})
  Path Group:             clk_out2_pll
  Path Type:              Setup (Max at Slow Process Corner)
  Requirement:            20.000ns  (clk_out2_pll rise@20.000ns - clk_out2_pll rise@0.000ns)
  Data Path Delay:        15.046ns  (logic 1.508ns (10.023%)  route 13.538ns (89.977%))
  Logic Levels:           17  (LUT3=1 LUT5=1 LUT6=8 MUXF7=3 MUXF8=3 RAMS64E=1)
  Clock Path Skew:        0.076ns (DCD - SCD + CPR)
    Destination Clock Delay (DCD):    4.408ns = ( 24.408 - 20.000 ) 
    Source Clock Delay      (SCD):    4.584ns
    Clock Pessimism Removal (CPR):    0.251ns
  Clock Uncertainty:      0.105ns  ((TSJ^2 + DJ^2)^1/2) / 2 + PE
    Total System Jitter     (TSJ):    0.071ns
    Discrete Jitter          (DJ):    0.198ns
    Phase Error              (PE):    0.000ns

    Location             Delay type                Incr(ns)  Path(ns)    Netlist Resource(s)
  -------------------------------------------------------------------    -------------------
                         (clock clk_out2_pll rise edge)
                                                      0.000     0.000 r  
    AD12                                              0.000     0.000 r  i_sys_clk_p (IN)
                         net (fo=0)                   0.000     0.000    pll_inst/inst/clk_in1_p
    AD12                 IBUFDS (Prop_ibufds_I_O)     0.906     0.906 r  pll_inst/inst/clkin1_ibufgds/O
                         net (fo=1, routed)           2.299     3.205    pll_inst/inst/clk_in1_pll_buf
    BUFGCTRL_X0Y3        BUFG (Prop_bufg_I_O)         0.093     3.298 r  pll_inst/inst/clkin1_bufg1/O
                         net (fo=1, routed)           1.959     5.257    pll_inst/inst/clk_in1_pll
    PLLE2_ADV_X1Y0       PLLE2_ADV (Prop_plle2_adv_CLKIN1_CLKOUT1)
                                                     -4.519     0.738 r  pll_inst/inst/plle2_adv_inst/CLKOUT1
                         net (fo=1, routed)           2.467     3.205    pll_inst/inst/clk_out2_pll
    BUFGCTRL_X0Y0        BUFG (Prop_bufg_I_O)         0.093     3.298 r  pll_inst/inst/clkout2_buf/O
                         net (fo=34223, routed)       1.286     4.584    student_top_inst/Core_cpu/clk_out2
    SLICE_X25Y244        FDCE                                         r  student_top_inst/Core_cpu/imm_ex_reg[3]/C
  -------------------------------------------------------------------    -------------------
    SLICE_X25Y244        FDCE (Prop_fdce_C_Q)         0.223     4.807 r  student_top_inst/Core_cpu/imm_ex_reg[3]/Q
                         net (fo=13, routed)          0.576     5.383    student_top_inst/Core_cpu/imm_ex[3]
    SLICE_X31Y241        LUT3 (Prop_lut3_I0_O)        0.051     5.434 r  student_top_inst/Core_cpu/Mem_DRAM_i_207/O
                         net (fo=89, routed)          0.774     6.208    student_top_inst/Core_cpu/Mem_DRAM_i_207_n_0
    SLICE_X49Y239        LUT5 (Prop_lut5_I3_O)        0.136     6.344 r  student_top_inst/Core_cpu/Mem_DRAM_i_280/O
                         net (fo=4, routed)           0.647     6.991    student_top_inst/Core_cpu/Mem_DRAM_i_280_n_0
    SLICE_X39Y238        LUT6 (Prop_lut6_I0_O)        0.043     7.034 r  student_top_inst/Core_cpu/Mem_DRAM_i_209/O
                         net (fo=2, routed)           0.262     7.296    student_top_inst/Core_cpu/Mem_DRAM_i_209_n_0
    SLICE_X36Y237        LUT6 (Prop_lut6_I5_O)        0.043     7.339 r  student_top_inst/Core_cpu/Mem_DRAM_i_223/O
                         net (fo=1, routed)           0.343     7.682    student_top_inst/Core_cpu/Mem_DRAM_i_223_n_0
    SLICE_X37Y237        LUT6 (Prop_lut6_I4_O)        0.043     7.725 r  student_top_inst/Core_cpu/Mem_DRAM_i_99/O
                         net (fo=1, routed)           0.101     7.826    student_top_inst/Core_cpu/Mem_DRAM_i_99_n_0
    SLICE_X37Y237        LUT6 (Prop_lut6_I5_O)        0.043     7.869 r  student_top_inst/Core_cpu/Mem_DRAM_i_16/O
                         net (fo=32797, routed)       4.252    12.120    top/student_top/perip_bridge/dram/DRAM1/<hidden>/<hidden>/<hidden>/<hidden>
    SLICE_X104Y332       RAMS64E (Prop_rams64e_ADR0_O)
                                                      0.043    12.163 r  top/student_top/perip_bridge/dram/DRAM1/<hidden>/<hidden>/<hidden>/<hidden>
                         net (fo=1, routed)           0.000    12.163    top/student_top/perip_bridge/dram/DRAM1/<hidden>/<hidden>/<hidden>/<hidden>
    SLICE_X104Y332       MUXF7 (Prop_muxf7_I0_O)      0.115    12.278 r  top/student_top/perip_bridge/dram/DRAM1/<hidden>/<hidden>/<hidden>/<hidden>
                         net (fo=1, routed)           0.000    12.278    top/student_top/perip_bridge/dram/DRAM1/<hidden>/<hidden>/<hidden>/<hidden>
    SLICE_X104Y332       MUXF8 (Prop_muxf8_I0_O)      0.046    12.324 r  top/student_top/perip_bridge/dram/DRAM1/<hidden>/<hidden>/<hidden>/<hidden>
                         net (fo=1, routed)           0.431    12.756    top/student_top/perip_bridge/dram/DRAM1/<hidden>/<hidden>/<hidden>
    SLICE_X109Y331       LUT6 (Prop_lut6_I5_O)        0.125    12.881 r  top/student_top/perip_bridge/dram/DRAM1/<hidden>/<hidden>/<hidden>
                         net (fo=1, routed)           0.000    12.881    top/student_top/perip_bridge/dram/DRAM1/<hidden>/<hidden>/<hidden>
    SLICE_X109Y331       MUXF7 (Prop_muxf7_I1_O)      0.108    12.989 r  top/student_top/perip_bridge/dram/DRAM1/<hidden>/<hidden>/<hidden>
                         net (fo=1, routed)           0.000    12.989    top/student_top/perip_bridge/dram/DRAM1/<hidden>/<hidden>/<hidden>
    SLICE_X109Y331       MUXF8 (Prop_muxf8_I1_O)      0.043    13.032 r  top/student_top/perip_bridge/dram/DRAM1/<hidden>/<hidden>/<hidden>
                         net (fo=1, routed)           1.309    14.340    top/student_top/perip_bridge/dram/DRAM1/<hidden>/<hidden>/<hidden>
    SLICE_X71Y310        LUT6 (Prop_lut6_I0_O)        0.126    14.466 r  top/student_top/perip_bridge/dram/DRAM1/<hidden>/<hidden>/<hidden>
                         net (fo=1, routed)           0.000    14.466    top/student_top/perip_bridge/dram/DRAM1/<hidden>/<hidden>/<hidden>
    SLICE_X71Y310        MUXF7 (Prop_muxf7_I1_O)      0.108    14.574 r  top/student_top/perip_bridge/dram/DRAM1/<hidden>/<hidden>/<hidden>
                         net (fo=1, routed)           0.000    14.574    top/student_top/perip_bridge/dram/DRAM1/<hidden>/<hidden>/<hidden>
    SLICE_X71Y310        MUXF8 (Prop_muxf8_I1_O)      0.043    14.617 r  top/student_top/perip_bridge/dram/DRAM1/<hidden>/<hidden>/<hidden>
                         net (fo=4, routed)           1.591    16.208    student_top_inst/Core_cpu/spo[30]
    SLICE_X49Y262        LUT6 (Prop_lut6_I5_O)        0.126    16.334 r  student_top_inst/Core_cpu/Mem_DRAM_i_104/O
                         net (fo=1, routed)           0.842    17.176    student_top_inst/Core_cpu/Mem_DRAM_i_104_n_0
    SLICE_X51Y282        LUT6 (Prop_lut6_I5_O)        0.043    17.219 r  student_top_inst/Core_cpu/Mem_DRAM_i_18/O
                         net (fo=1024, routed)        2.410    19.629    top/student_top/perip_bridge/dram/DRAM1/<hidden>/<hidden>/<hidden>/<hidden>
    SLICE_X110Y331       RAMS64E                                      r  top/student_top/perip_bridge/dram/DRAM1/<hidden>/<hidden>/<hidden>/<hidden>
  -------------------------------------------------------------------    -------------------

                         (clock clk_out2_pll rise edge)
                                                     20.000    20.000 r  
    AD12                                              0.000    20.000 r  i_sys_clk_p (IN)
                         net (fo=0)                   0.000    20.000    pll_inst/inst/clk_in1_p
    AD12                 IBUFDS (Prop_ibufds_I_O)     0.803    20.803 r  pll_inst/inst/clkin1_ibufgds/O
                         net (fo=1, routed)           2.173    22.976    pll_inst/inst/clk_in1_pll_buf
    BUFGCTRL_X0Y3        BUFG (Prop_bufg_I_O)         0.083    23.059 r  pll_inst/inst/clkin1_bufg1/O
                         net (fo=1, routed)           1.796    24.855    pll_inst/inst/clk_in1_pll
    PLLE2_ADV_X1Y0       PLLE2_ADV (Prop_plle2_adv_CLKIN1_CLKOUT1)
                                                     -4.213    20.642 r  pll_inst/inst/plle2_adv_inst/CLKOUT1
                         net (fo=1, routed)           2.334    22.976    pll_inst/inst/clk_out2_pll
    BUFGCTRL_X0Y0        BUFG (Prop_bufg_I_O)         0.083    23.059 r  pll_inst/inst/clkout2_buf/O
                         net (fo=34223, routed)       1.349    24.408    top/student_top/perip_bridge/dram/DRAM1/<hidden>/<hidden>/<hidden>/<hidden>
    SLICE_X110Y331       RAMS64E                                      r  top/student_top/perip_bridge/dram/DRAM1/<hidden>/<hidden>/<hidden>/<hidden>
                         clock pessimism              0.251    24.660    
                         clock uncertainty           -0.105    24.554    
    SLICE_X110Y331       RAMS64E (Setup_rams64e_CLK_I)
                                                     -0.452    24.102    top/student_top/perip_bridge/dram/DRAM1/<hidden>/<hidden>/<hidden>/<hidden>
  -------------------------------------------------------------------
                         required time                         24.102    
                         arrival time                         -19.629    
  -------------------------------------------------------------------
                         slack                                  4.473    

Slack (MET) :             4.475ns  (required time - arrival time)
  Source:                 student_top_inst/Core_cpu/imm_ex_reg[3]/C
                            (rising edge-triggered cell FDCE clocked by clk_out2_pll  {rise@0.000ns fall@10.000ns period=20.000ns})
  Destination:            top/student_top/perip_bridge/dram/DRAM1/<hidden>/<hidden>/<hidden>/<hidden>
                            (rising edge-triggered cell RAMS64E clocked by clk_out2_pll  {rise@0.000ns fall@10.000ns period=20.000ns})
  Path Group:             clk_out2_pll
  Path Type:              Setup (Max at Slow Process Corner)
  Requirement:            20.000ns  (clk_out2_pll rise@20.000ns - clk_out2_pll rise@0.000ns)
  Data Path Delay:        15.044ns  (logic 1.508ns (10.024%)  route 13.536ns (89.976%))
  Logic Levels:           17  (LUT3=1 LUT5=1 LUT6=8 MUXF7=3 MUXF8=3 RAMS64E=1)
  Clock Path Skew:        0.076ns (DCD - SCD + CPR)
    Destination Clock Delay (DCD):    4.408ns = ( 24.408 - 20.000 ) 
    Source Clock Delay      (SCD):    4.584ns
    Clock Pessimism Removal (CPR):    0.251ns
  Clock Uncertainty:      0.105ns  ((TSJ^2 + DJ^2)^1/2) / 2 + PE
    Total System Jitter     (TSJ):    0.071ns
    Discrete Jitter          (DJ):    0.198ns
    Phase Error              (PE):    0.000ns

    Location             Delay type                Incr(ns)  Path(ns)    Netlist Resource(s)
  -------------------------------------------------------------------    -------------------
                         (clock clk_out2_pll rise edge)
                                                      0.000     0.000 r  
    AD12                                              0.000     0.000 r  i_sys_clk_p (IN)
                         net (fo=0)                   0.000     0.000    pll_inst/inst/clk_in1_p
    AD12                 IBUFDS (Prop_ibufds_I_O)     0.906     0.906 r  pll_inst/inst/clkin1_ibufgds/O
                         net (fo=1, routed)           2.299     3.205    pll_inst/inst/clk_in1_pll_buf
    BUFGCTRL_X0Y3        BUFG (Prop_bufg_I_O)         0.093     3.298 r  pll_inst/inst/clkin1_bufg1/O
                         net (fo=1, routed)           1.959     5.257    pll_inst/inst/clk_in1_pll
    PLLE2_ADV_X1Y0       PLLE2_ADV (Prop_plle2_adv_CLKIN1_CLKOUT1)
                                                     -4.519     0.738 r  pll_inst/inst/plle2_adv_inst/CLKOUT1
                         net (fo=1, routed)           2.467     3.205    pll_inst/inst/clk_out2_pll
    BUFGCTRL_X0Y0        BUFG (Prop_bufg_I_O)         0.093     3.298 r  pll_inst/inst/clkout2_buf/O
                         net (fo=34223, routed)       1.286     4.584    student_top_inst/Core_cpu/clk_out2
    SLICE_X25Y244        FDCE                                         r  student_top_inst/Core_cpu/imm_ex_reg[3]/C
  -------------------------------------------------------------------    -------------------
    SLICE_X25Y244        FDCE (Prop_fdce_C_Q)         0.223     4.807 r  student_top_inst/Core_cpu/imm_ex_reg[3]/Q
                         net (fo=13, routed)          0.576     5.383    student_top_inst/Core_cpu/imm_ex[3]
    SLICE_X31Y241        LUT3 (Prop_lut3_I0_O)        0.051     5.434 r  student_top_inst/Core_cpu/Mem_DRAM_i_207/O
                         net (fo=89, routed)          0.774     6.208    student_top_inst/Core_cpu/Mem_DRAM_i_207_n_0
    SLICE_X49Y239        LUT5 (Prop_lut5_I3_O)        0.136     6.344 r  student_top_inst/Core_cpu/Mem_DRAM_i_280/O
                         net (fo=4, routed)           0.647     6.991    student_top_inst/Core_cpu/Mem_DRAM_i_280_n_0
    SLICE_X39Y238        LUT6 (Prop_lut6_I0_O)        0.043     7.034 r  student_top_inst/Core_cpu/Mem_DRAM_i_209/O
                         net (fo=2, routed)           0.262     7.296    student_top_inst/Core_cpu/Mem_DRAM_i_209_n_0
    SLICE_X36Y237        LUT6 (Prop_lut6_I5_O)        0.043     7.339 r  student_top_inst/Core_cpu/Mem_DRAM_i_223/O
                         net (fo=1, routed)           0.343     7.682    student_top_inst/Core_cpu/Mem_DRAM_i_223_n_0
    SLICE_X37Y237        LUT6 (Prop_lut6_I4_O)        0.043     7.725 r  student_top_inst/Core_cpu/Mem_DRAM_i_99/O
                         net (fo=1, routed)           0.101     7.826    student_top_inst/Core_cpu/Mem_DRAM_i_99_n_0
    SLICE_X37Y237        LUT6 (Prop_lut6_I5_O)        0.043     7.869 r  student_top_inst/Core_cpu/Mem_DRAM_i_16/O
                         net (fo=32797, routed)       4.252    12.120    top/student_top/perip_bridge/dram/DRAM1/<hidden>/<hidden>/<hidden>/<hidden>
    SLICE_X104Y332       RAMS64E (Prop_rams64e_ADR0_O)
                                                      0.043    12.163 r  top/student_top/perip_bridge/dram/DRAM1/<hidden>/<hidden>/<hidden>/<hidden>
                         net (fo=1, routed)           0.000    12.163    top/student_top/perip_bridge/dram/DRAM1/<hidden>/<hidden>/<hidden>/<hidden>
    SLICE_X104Y332       MUXF7 (Prop_muxf7_I0_O)      0.115    12.278 r  top/student_top/perip_bridge/dram/DRAM1/<hidden>/<hidden>/<hidden>/<hidden>
                         net (fo=1, routed)           0.000    12.278    top/student_top/perip_bridge/dram/DRAM1/<hidden>/<hidden>/<hidden>/<hidden>
    SLICE_X104Y332       MUXF8 (Prop_muxf8_I0_O)      0.046    12.324 r  top/student_top/perip_bridge/dram/DRAM1/<hidden>/<hidden>/<hidden>/<hidden>
                         net (fo=1, routed)           0.431    12.756    top/student_top/perip_bridge/dram/DRAM1/<hidden>/<hidden>/<hidden>
    SLICE_X109Y331       LUT6 (Prop_lut6_I5_O)        0.125    12.881 r  top/student_top/perip_bridge/dram/DRAM1/<hidden>/<hidden>/<hidden>
                         net (fo=1, routed)           0.000    12.881    top/student_top/perip_bridge/dram/DRAM1/<hidden>/<hidden>/<hidden>
    SLICE_X109Y331       MUXF7 (Prop_muxf7_I1_O)      0.108    12.989 r  top/student_top/perip_bridge/dram/DRAM1/<hidden>/<hidden>/<hidden>
                         net (fo=1, routed)           0.000    12.989    top/student_top/perip_bridge/dram/DRAM1/<hidden>/<hidden>/<hidden>
    SLICE_X109Y331       MUXF8 (Prop_muxf8_I1_O)      0.043    13.032 r  top/student_top/perip_bridge/dram/DRAM1/<hidden>/<hidden>/<hidden>
                         net (fo=1, routed)           1.309    14.340    top/student_top/perip_bridge/dram/DRAM1/<hidden>/<hidden>/<hidden>
    SLICE_X71Y310        LUT6 (Prop_lut6_I0_O)        0.126    14.466 r  top/student_top/perip_bridge/dram/DRAM1/<hidden>/<hidden>/<hidden>
                         net (fo=1, routed)           0.000    14.466    top/student_top/perip_bridge/dram/DRAM1/<hidden>/<hidden>/<hidden>
    SLICE_X71Y310        MUXF7 (Prop_muxf7_I1_O)      0.108    14.574 r  top/student_top/perip_bridge/dram/DRAM1/<hidden>/<hidden>/<hidden>
                         net (fo=1, routed)           0.000    14.574    top/student_top/perip_bridge/dram/DRAM1/<hidden>/<hidden>/<hidden>
    SLICE_X71Y310        MUXF8 (Prop_muxf8_I1_O)      0.043    14.617 r  top/student_top/perip_bridge/dram/DRAM1/<hidden>/<hidden>/<hidden>
                         net (fo=4, routed)           1.591    16.208    student_top_inst/Core_cpu/spo[30]
    SLICE_X49Y262        LUT6 (Prop_lut6_I5_O)        0.126    16.334 r  student_top_inst/Core_cpu/Mem_DRAM_i_104/O
                         net (fo=1, routed)           0.842    17.176    student_top_inst/Core_cpu/Mem_DRAM_i_104_n_0
    SLICE_X51Y282        LUT6 (Prop_lut6_I5_O)        0.043    17.219 r  student_top_inst/Core_cpu/Mem_DRAM_i_18/O
                         net (fo=1024, routed)        2.409    19.627    top/student_top/perip_bridge/dram/DRAM1/<hidden>/<hidden>/<hidden>/<hidden>
    SLICE_X114Y329       RAMS64E                                      r  top/student_top/perip_bridge/dram/DRAM1/<hidden>/<hidden>/<hidden>/<hidden>
  -------------------------------------------------------------------    -------------------

                         (clock clk_out2_pll rise edge)
                                                     20.000    20.000 r  
    AD12                                              0.000    20.000 r  i_sys_clk_p (IN)
                         net (fo=0)                   0.000    20.000    pll_inst/inst/clk_in1_p
    AD12                 IBUFDS (Prop_ibufds_I_O)     0.803    20.803 r  pll_inst/inst/clkin1_ibufgds/O
                         net (fo=1, routed)           2.173    22.976    pll_inst/inst/clk_in1_pll_buf
    BUFGCTRL_X0Y3        BUFG (Prop_bufg_I_O)         0.083    23.059 r  pll_inst/inst/clkin1_bufg1/O
                         net (fo=1, routed)           1.796    24.855    pll_inst/inst/clk_in1_pll
    PLLE2_ADV_X1Y0       PLLE2_ADV (Prop_plle2_adv_CLKIN1_CLKOUT1)
                                                     -4.213    20.642 r  pll_inst/inst/plle2_adv_inst/CLKOUT1
                         net (fo=1, routed)           2.334    22.976    pll_inst/inst/clk_out2_pll
    BUFGCTRL_X0Y0        BUFG (Prop_bufg_I_O)         0.083    23.059 r  pll_inst/inst/clkout2_buf/O
                         net (fo=34223, routed)       1.349    24.408    top/student_top/perip_bridge/dram/DRAM1/<hidden>/<hidden>/<hidden>/<hidden>
    SLICE_X114Y329       RAMS64E                                      r  top/student_top/perip_bridge/dram/DRAM1/<hidden>/<hidden>/<hidden>/<hidden>
                         clock pessimism              0.251    24.660    
                         clock uncertainty           -0.105    24.554    
    SLICE_X114Y329       RAMS64E (Setup_rams64e_CLK_I)
                                                     -0.452    24.102    top/student_top/perip_bridge/dram/DRAM1/<hidden>/<hidden>/<hidden>/<hidden>
  -------------------------------------------------------------------
                         required time                         24.102    
                         arrival time                         -19.627    
  -------------------------------------------------------------------
                         slack                                  4.475    

Slack (MET) :             4.482ns  (required time - arrival time)
  Source:                 student_top_inst/Core_cpu/imm_ex_reg[3]/C
                            (rising edge-triggered cell FDCE clocked by clk_out2_pll  {rise@0.000ns fall@10.000ns period=20.000ns})
  Destination:            top/student_top/perip_bridge/dram/DRAM1/<hidden>/<hidden>/<hidden>/<hidden>
                            (rising edge-triggered cell RAMS64E clocked by clk_out2_pll  {rise@0.000ns fall@10.000ns period=20.000ns})
  Path Group:             clk_out2_pll
  Path Type:              Setup (Max at Slow Process Corner)
  Requirement:            20.000ns  (clk_out2_pll rise@20.000ns - clk_out2_pll rise@0.000ns)
  Data Path Delay:        15.037ns  (logic 1.508ns (10.029%)  route 13.529ns (89.971%))
  Logic Levels:           17  (LUT3=1 LUT5=1 LUT6=8 MUXF7=3 MUXF8=3 RAMS64E=1)
  Clock Path Skew:        0.076ns (DCD - SCD + CPR)
    Destination Clock Delay (DCD):    4.408ns = ( 24.408 - 20.000 ) 
    Source Clock Delay      (SCD):    4.584ns
    Clock Pessimism Removal (CPR):    0.251ns
  Clock Uncertainty:      0.105ns  ((TSJ^2 + DJ^2)^1/2) / 2 + PE
    Total System Jitter     (TSJ):    0.071ns
    Discrete Jitter          (DJ):    0.198ns
    Phase Error              (PE):    0.000ns

    Location             Delay type                Incr(ns)  Path(ns)    Netlist Resource(s)
  -------------------------------------------------------------------    -------------------
                         (clock clk_out2_pll rise edge)
                                                      0.000     0.000 r  
    AD12                                              0.000     0.000 r  i_sys_clk_p (IN)
                         net (fo=0)                   0.000     0.000    pll_inst/inst/clk_in1_p
    AD12                 IBUFDS (Prop_ibufds_I_O)     0.906     0.906 r  pll_inst/inst/clkin1_ibufgds/O
                         net (fo=1, routed)           2.299     3.205    pll_inst/inst/clk_in1_pll_buf
    BUFGCTRL_X0Y3        BUFG (Prop_bufg_I_O)         0.093     3.298 r  pll_inst/inst/clkin1_bufg1/O
                         net (fo=1, routed)           1.959     5.257    pll_inst/inst/clk_in1_pll
    PLLE2_ADV_X1Y0       PLLE2_ADV (Prop_plle2_adv_CLKIN1_CLKOUT1)
                                                     -4.519     0.738 r  pll_inst/inst/plle2_adv_inst/CLKOUT1
                         net (fo=1, routed)           2.467     3.205    pll_inst/inst/clk_out2_pll
    BUFGCTRL_X0Y0        BUFG (Prop_bufg_I_O)         0.093     3.298 r  pll_inst/inst/clkout2_buf/O
                         net (fo=34223, routed)       1.286     4.584    student_top_inst/Core_cpu/clk_out2
    SLICE_X25Y244        FDCE                                         r  student_top_inst/Core_cpu/imm_ex_reg[3]/C
  -------------------------------------------------------------------    -------------------
    SLICE_X25Y244        FDCE (Prop_fdce_C_Q)         0.223     4.807 r  student_top_inst/Core_cpu/imm_ex_reg[3]/Q
                         net (fo=13, routed)          0.576     5.383    student_top_inst/Core_cpu/imm_ex[3]
    SLICE_X31Y241        LUT3 (Prop_lut3_I0_O)        0.051     5.434 r  student_top_inst/Core_cpu/Mem_DRAM_i_207/O
                         net (fo=89, routed)          0.774     6.208    student_top_inst/Core_cpu/Mem_DRAM_i_207_n_0
    SLICE_X49Y239        LUT5 (Prop_lut5_I3_O)        0.136     6.344 r  student_top_inst/Core_cpu/Mem_DRAM_i_280/O
                         net (fo=4, routed)           0.647     6.991    student_top_inst/Core_cpu/Mem_DRAM_i_280_n_0
    SLICE_X39Y238        LUT6 (Prop_lut6_I0_O)        0.043     7.034 r  student_top_inst/Core_cpu/Mem_DRAM_i_209/O
                         net (fo=2, routed)           0.262     7.296    student_top_inst/Core_cpu/Mem_DRAM_i_209_n_0
    SLICE_X36Y237        LUT6 (Prop_lut6_I5_O)        0.043     7.339 r  student_top_inst/Core_cpu/Mem_DRAM_i_223/O
                         net (fo=1, routed)           0.343     7.682    student_top_inst/Core_cpu/Mem_DRAM_i_223_n_0
    SLICE_X37Y237        LUT6 (Prop_lut6_I4_O)        0.043     7.725 r  student_top_inst/Core_cpu/Mem_DRAM_i_99/O
                         net (fo=1, routed)           0.101     7.826    student_top_inst/Core_cpu/Mem_DRAM_i_99_n_0
    SLICE_X37Y237        LUT6 (Prop_lut6_I5_O)        0.043     7.869 r  student_top_inst/Core_cpu/Mem_DRAM_i_16/O
                         net (fo=32797, routed)       4.252    12.120    top/student_top/perip_bridge/dram/DRAM1/<hidden>/<hidden>/<hidden>/<hidden>
    SLICE_X104Y332       RAMS64E (Prop_rams64e_ADR0_O)
                                                      0.043    12.163 r  top/student_top/perip_bridge/dram/DRAM1/<hidden>/<hidden>/<hidden>/<hidden>
                         net (fo=1, routed)           0.000    12.163    top/student_top/perip_bridge/dram/DRAM1/<hidden>/<hidden>/<hidden>/<hidden>
    SLICE_X104Y332       MUXF7 (Prop_muxf7_I0_O)      0.115    12.278 r  top/student_top/perip_bridge/dram/DRAM1/<hidden>/<hidden>/<hidden>/<hidden>
                         net (fo=1, routed)           0.000    12.278    top/student_top/perip_bridge/dram/DRAM1/<hidden>/<hidden>/<hidden>/<hidden>
    SLICE_X104Y332       MUXF8 (Prop_muxf8_I0_O)      0.046    12.324 r  top/student_top/perip_bridge/dram/DRAM1/<hidden>/<hidden>/<hidden>/<hidden>
                         net (fo=1, routed)           0.431    12.756    top/student_top/perip_bridge/dram/DRAM1/<hidden>/<hidden>/<hidden>
    SLICE_X109Y331       LUT6 (Prop_lut6_I5_O)        0.125    12.881 r  top/student_top/perip_bridge/dram/DRAM1/<hidden>/<hidden>/<hidden>
                         net (fo=1, routed)           0.000    12.881    top/student_top/perip_bridge/dram/DRAM1/<hidden>/<hidden>/<hidden>
    SLICE_X109Y331       MUXF7 (Prop_muxf7_I1_O)      0.108    12.989 r  top/student_top/perip_bridge/dram/DRAM1/<hidden>/<hidden>/<hidden>
                         net (fo=1, routed)           0.000    12.989    top/student_top/perip_bridge/dram/DRAM1/<hidden>/<hidden>/<hidden>
    SLICE_X109Y331       MUXF8 (Prop_muxf8_I1_O)      0.043    13.032 r  top/student_top/perip_bridge/dram/DRAM1/<hidden>/<hidden>/<hidden>
                         net (fo=1, routed)           1.309    14.340    top/student_top/perip_bridge/dram/DRAM1/<hidden>/<hidden>/<hidden>
    SLICE_X71Y310        LUT6 (Prop_lut6_I0_O)        0.126    14.466 r  top/student_top/perip_bridge/dram/DRAM1/<hidden>/<hidden>/<hidden>
                         net (fo=1, routed)           0.000    14.466    top/student_top/perip_bridge/dram/DRAM1/<hidden>/<hidden>/<hidden>
    SLICE_X71Y310        MUXF7 (Prop_muxf7_I1_O)      0.108    14.574 r  top/student_top/perip_bridge/dram/DRAM1/<hidden>/<hidden>/<hidden>
                         net (fo=1, routed)           0.000    14.574    top/student_top/perip_bridge/dram/DRAM1/<hidden>/<hidden>/<hidden>
    SLICE_X71Y310        MUXF8 (Prop_muxf8_I1_O)      0.043    14.617 r  top/student_top/perip_bridge/dram/DRAM1/<hidden>/<hidden>/<hidden>
                         net (fo=4, routed)           1.591    16.208    student_top_inst/Core_cpu/spo[30]
    SLICE_X49Y262        LUT6 (Prop_lut6_I5_O)        0.126    16.334 r  student_top_inst/Core_cpu/Mem_DRAM_i_104/O
                         net (fo=1, routed)           0.842    17.176    student_top_inst/Core_cpu/Mem_DRAM_i_104_n_0
    SLICE_X51Y282        LUT6 (Prop_lut6_I5_O)        0.043    17.219 r  student_top_inst/Core_cpu/Mem_DRAM_i_18/O
                         net (fo=1024, routed)        2.402    19.620    top/student_top/perip_bridge/dram/DRAM1/<hidden>/<hidden>/<hidden>/<hidden>
    SLICE_X110Y330       RAMS64E                                      r  top/student_top/perip_bridge/dram/DRAM1/<hidden>/<hidden>/<hidden>/<hidden>
  -------------------------------------------------------------------    -------------------

                         (clock clk_out2_pll rise edge)
                                                     20.000    20.000 r  
    AD12                                              0.000    20.000 r  i_sys_clk_p (IN)
                         net (fo=0)                   0.000    20.000    pll_inst/inst/clk_in1_p
    AD12                 IBUFDS (Prop_ibufds_I_O)     0.803    20.803 r  pll_inst/inst/clkin1_ibufgds/O
                         net (fo=1, routed)           2.173    22.976    pll_inst/inst/clk_in1_pll_buf
    BUFGCTRL_X0Y3        BUFG (Prop_bufg_I_O)         0.083    23.059 r  pll_inst/inst/clkin1_bufg1/O
                         net (fo=1, routed)           1.796    24.855    pll_inst/inst/clk_in1_pll
    PLLE2_ADV_X1Y0       PLLE2_ADV (Prop_plle2_adv_CLKIN1_CLKOUT1)
                                                     -4.213    20.642 r  pll_inst/inst/plle2_adv_inst/CLKOUT1
                         net (fo=1, routed)           2.334    22.976    pll_inst/inst/clk_out2_pll
    BUFGCTRL_X0Y0        BUFG (Prop_bufg_I_O)         0.083    23.059 r  pll_inst/inst/clkout2_buf/O
                         net (fo=34223, routed)       1.349    24.408    top/student_top/perip_bridge/dram/DRAM1/<hidden>/<hidden>/<hidden>/<hidden>
    SLICE_X110Y330       RAMS64E                                      r  top/student_top/perip_bridge/dram/DRAM1/<hidden>/<hidden>/<hidden>/<hidden>
                         clock pessimism              0.251    24.660    
                         clock uncertainty           -0.105    24.554    
    SLICE_X110Y330       RAMS64E (Setup_rams64e_CLK_I)
                                                     -0.452    24.102    top/student_top/perip_bridge/dram/DRAM1/<hidden>/<hidden>/<hidden>/<hidden>
  -------------------------------------------------------------------
                         required time                         24.102    
                         arrival time                         -19.620    
  -------------------------------------------------------------------
                         slack                                  4.482    

Slack (MET) :             4.486ns  (required time - arrival time)
  Source:                 student_top_inst/Core_cpu/imm_ex_reg[3]/C
                            (rising edge-triggered cell FDCE clocked by clk_out2_pll  {rise@0.000ns fall@10.000ns period=20.000ns})
  Destination:            top/student_top/perip_bridge/dram/DRAM1/<hidden>/<hidden>/<hidden>/<hidden>
                            (rising edge-triggered cell RAMS64E clocked by clk_out2_pll  {rise@0.000ns fall@10.000ns period=20.000ns})
  Path Group:             clk_out2_pll
  Path Type:              Setup (Max at Slow Process Corner)
  Requirement:            20.000ns  (clk_out2_pll rise@20.000ns - clk_out2_pll rise@0.000ns)
  Data Path Delay:        15.032ns  (logic 1.508ns (10.032%)  route 13.524ns (89.968%))
  Logic Levels:           17  (LUT3=1 LUT5=1 LUT6=8 MUXF7=3 MUXF8=3 RAMS64E=1)
  Clock Path Skew:        0.075ns (DCD - SCD + CPR)
    Destination Clock Delay (DCD):    4.407ns = ( 24.407 - 20.000 ) 
    Source Clock Delay      (SCD):    4.584ns
    Clock Pessimism Removal (CPR):    0.251ns
  Clock Uncertainty:      0.105ns  ((TSJ^2 + DJ^2)^1/2) / 2 + PE
    Total System Jitter     (TSJ):    0.071ns
    Discrete Jitter          (DJ):    0.198ns
    Phase Error              (PE):    0.000ns

    Location             Delay type                Incr(ns)  Path(ns)    Netlist Resource(s)
  -------------------------------------------------------------------    -------------------
                         (clock clk_out2_pll rise edge)
                                                      0.000     0.000 r  
    AD12                                              0.000     0.000 r  i_sys_clk_p (IN)
                         net (fo=0)                   0.000     0.000    pll_inst/inst/clk_in1_p
    AD12                 IBUFDS (Prop_ibufds_I_O)     0.906     0.906 r  pll_inst/inst/clkin1_ibufgds/O
                         net (fo=1, routed)           2.299     3.205    pll_inst/inst/clk_in1_pll_buf
    BUFGCTRL_X0Y3        BUFG (Prop_bufg_I_O)         0.093     3.298 r  pll_inst/inst/clkin1_bufg1/O
                         net (fo=1, routed)           1.959     5.257    pll_inst/inst/clk_in1_pll
    PLLE2_ADV_X1Y0       PLLE2_ADV (Prop_plle2_adv_CLKIN1_CLKOUT1)
                                                     -4.519     0.738 r  pll_inst/inst/plle2_adv_inst/CLKOUT1
                         net (fo=1, routed)           2.467     3.205    pll_inst/inst/clk_out2_pll
    BUFGCTRL_X0Y0        BUFG (Prop_bufg_I_O)         0.093     3.298 r  pll_inst/inst/clkout2_buf/O
                         net (fo=34223, routed)       1.286     4.584    student_top_inst/Core_cpu/clk_out2
    SLICE_X25Y244        FDCE                                         r  student_top_inst/Core_cpu/imm_ex_reg[3]/C
  -------------------------------------------------------------------    -------------------
    SLICE_X25Y244        FDCE (Prop_fdce_C_Q)         0.223     4.807 r  student_top_inst/Core_cpu/imm_ex_reg[3]/Q
                         net (fo=13, routed)          0.576     5.383    student_top_inst/Core_cpu/imm_ex[3]
    SLICE_X31Y241        LUT3 (Prop_lut3_I0_O)        0.051     5.434 r  student_top_inst/Core_cpu/Mem_DRAM_i_207/O
                         net (fo=89, routed)          0.774     6.208    student_top_inst/Core_cpu/Mem_DRAM_i_207_n_0
    SLICE_X49Y239        LUT5 (Prop_lut5_I3_O)        0.136     6.344 r  student_top_inst/Core_cpu/Mem_DRAM_i_280/O
                         net (fo=4, routed)           0.647     6.991    student_top_inst/Core_cpu/Mem_DRAM_i_280_n_0
    SLICE_X39Y238        LUT6 (Prop_lut6_I0_O)        0.043     7.034 r  student_top_inst/Core_cpu/Mem_DRAM_i_209/O
                         net (fo=2, routed)           0.262     7.296    student_top_inst/Core_cpu/Mem_DRAM_i_209_n_0
    SLICE_X36Y237        LUT6 (Prop_lut6_I5_O)        0.043     7.339 r  student_top_inst/Core_cpu/Mem_DRAM_i_223/O
                         net (fo=1, routed)           0.343     7.682    student_top_inst/Core_cpu/Mem_DRAM_i_223_n_0
    SLICE_X37Y237        LUT6 (Prop_lut6_I4_O)        0.043     7.725 r  student_top_inst/Core_cpu/Mem_DRAM_i_99/O
                         net (fo=1, routed)           0.101     7.826    student_top_inst/Core_cpu/Mem_DRAM_i_99_n_0
    SLICE_X37Y237        LUT6 (Prop_lut6_I5_O)        0.043     7.869 r  student_top_inst/Core_cpu/Mem_DRAM_i_16/O
                         net (fo=32797, routed)       4.252    12.120    top/student_top/perip_bridge/dram/DRAM1/<hidden>/<hidden>/<hidden>/<hidden>
    SLICE_X104Y332       RAMS64E (Prop_rams64e_ADR0_O)
                                                      0.043    12.163 r  top/student_top/perip_bridge/dram/DRAM1/<hidden>/<hidden>/<hidden>/<hidden>
                         net (fo=1, routed)           0.000    12.163    top/student_top/perip_bridge/dram/DRAM1/<hidden>/<hidden>/<hidden>/<hidden>
    SLICE_X104Y332       MUXF7 (Prop_muxf7_I0_O)      0.115    12.278 r  top/student_top/perip_bridge/dram/DRAM1/<hidden>/<hidden>/<hidden>/<hidden>
                         net (fo=1, routed)           0.000    12.278    top/student_top/perip_bridge/dram/DRAM1/<hidden>/<hidden>/<hidden>/<hidden>
    SLICE_X104Y332       MUXF8 (Prop_muxf8_I0_O)      0.046    12.324 r  top/student_top/perip_bridge/dram/DRAM1/<hidden>/<hidden>/<hidden>/<hidden>
                         net (fo=1, routed)           0.431    12.756    top/student_top/perip_bridge/dram/DRAM1/<hidden>/<hidden>/<hidden>
    SLICE_X109Y331       LUT6 (Prop_lut6_I5_O)        0.125    12.881 r  top/student_top/perip_bridge/dram/DRAM1/<hidden>/<hidden>/<hidden>
                         net (fo=1, routed)           0.000    12.881    top/student_top/perip_bridge/dram/DRAM1/<hidden>/<hidden>/<hidden>
    SLICE_X109Y331       MUXF7 (Prop_muxf7_I1_O)      0.108    12.989 r  top/student_top/perip_bridge/dram/DRAM1/<hidden>/<hidden>/<hidden>
                         net (fo=1, routed)           0.000    12.989    top/student_top/perip_bridge/dram/DRAM1/<hidden>/<hidden>/<hidden>
    SLICE_X109Y331       MUXF8 (Prop_muxf8_I1_O)      0.043    13.032 r  top/student_top/perip_bridge/dram/DRAM1/<hidden>/<hidden>/<hidden>
                         net (fo=1, routed)           1.309    14.340    top/student_top/perip_bridge/dram/DRAM1/<hidden>/<hidden>/<hidden>
    SLICE_X71Y310        LUT6 (Prop_lut6_I0_O)        0.126    14.466 r  top/student_top/perip_bridge/dram/DRAM1/<hidden>/<hidden>/<hidden>
                         net (fo=1, routed)           0.000    14.466    top/student_top/perip_bridge/dram/DRAM1/<hidden>/<hidden>/<hidden>
    SLICE_X71Y310        MUXF7 (Prop_muxf7_I1_O)      0.108    14.574 r  top/student_top/perip_bridge/dram/DRAM1/<hidden>/<hidden>/<hidden>
                         net (fo=1, routed)           0.000    14.574    top/student_top/perip_bridge/dram/DRAM1/<hidden>/<hidden>/<hidden>
    SLICE_X71Y310        MUXF8 (Prop_muxf8_I1_O)      0.043    14.617 r  top/student_top/perip_bridge/dram/DRAM1/<hidden>/<hidden>/<hidden>
                         net (fo=4, routed)           1.591    16.208    student_top_inst/Core_cpu/spo[30]
    SLICE_X49Y262        LUT6 (Prop_lut6_I5_O)        0.126    16.334 r  student_top_inst/Core_cpu/Mem_DRAM_i_104/O
                         net (fo=1, routed)           0.842    17.176    student_top_inst/Core_cpu/Mem_DRAM_i_104_n_0
    SLICE_X51Y282        LUT6 (Prop_lut6_I5_O)        0.043    17.219 r  student_top_inst/Core_cpu/Mem_DRAM_i_18/O
                         net (fo=1024, routed)        2.397    19.616    top/student_top/perip_bridge/dram/DRAM1/<hidden>/<hidden>/<hidden>/<hidden>
    SLICE_X104Y333       RAMS64E                                      r  top/student_top/perip_bridge/dram/DRAM1/<hidden>/<hidden>/<hidden>/<hidden>
  -------------------------------------------------------------------    -------------------

                         (clock clk_out2_pll rise edge)
                                                     20.000    20.000 r  
    AD12                                              0.000    20.000 r  i_sys_clk_p (IN)
                         net (fo=0)                   0.000    20.000    pll_inst/inst/clk_in1_p
    AD12                 IBUFDS (Prop_ibufds_I_O)     0.803    20.803 r  pll_inst/inst/clkin1_ibufgds/O
                         net (fo=1, routed)           2.173    22.976    pll_inst/inst/clk_in1_pll_buf
    BUFGCTRL_X0Y3        BUFG (Prop_bufg_I_O)         0.083    23.059 r  pll_inst/inst/clkin1_bufg1/O
                         net (fo=1, routed)           1.796    24.855    pll_inst/inst/clk_in1_pll
    PLLE2_ADV_X1Y0       PLLE2_ADV (Prop_plle2_adv_CLKIN1_CLKOUT1)
                                                     -4.213    20.642 r  pll_inst/inst/plle2_adv_inst/CLKOUT1
                         net (fo=1, routed)           2.334    22.976    pll_inst/inst/clk_out2_pll
    BUFGCTRL_X0Y0        BUFG (Prop_bufg_I_O)         0.083    23.059 r  pll_inst/inst/clkout2_buf/O
                         net (fo=34223, routed)       1.348    24.407    top/student_top/perip_bridge/dram/DRAM1/<hidden>/<hidden>/<hidden>/<hidden>
    SLICE_X104Y333       RAMS64E                                      r  top/student_top/perip_bridge/dram/DRAM1/<hidden>/<hidden>/<hidden>/<hidden>
                         clock pessimism              0.251    24.659    
                         clock uncertainty           -0.105    24.553    
    SLICE_X104Y333       RAMS64E (Setup_rams64e_CLK_I)
                                                     -0.452    24.101    top/student_top/perip_bridge/dram/DRAM1/<hidden>/<hidden>/<hidden>/<hidden>
  -------------------------------------------------------------------
                         required time                         24.101    
                         arrival time                         -19.616    
  -------------------------------------------------------------------
                         slack                                  4.486    

Slack (MET) :             4.488ns  (required time - arrival time)
  Source:                 student_top_inst/Core_cpu/imm_ex_reg[3]/C
                            (rising edge-triggered cell FDCE clocked by clk_out2_pll  {rise@0.000ns fall@10.000ns period=20.000ns})
  Destination:            top/student_top/perip_bridge/dram/DRAM1/<hidden>/<hidden>/<hidden>/<hidden>
                            (rising edge-triggered cell RAMS64E clocked by clk_out2_pll  {rise@0.000ns fall@10.000ns period=20.000ns})
  Path Group:             clk_out2_pll
  Path Type:              Setup (Max at Slow Process Corner)
  Requirement:            20.000ns  (clk_out2_pll rise@20.000ns - clk_out2_pll rise@0.000ns)
  Data Path Delay:        15.030ns  (logic 1.508ns (10.033%)  route 13.522ns (89.967%))
  Logic Levels:           17  (LUT3=1 LUT5=1 LUT6=8 MUXF7=3 MUXF8=3 RAMS64E=1)
  Clock Path Skew:        0.076ns (DCD - SCD + CPR)
    Destination Clock Delay (DCD):    4.408ns = ( 24.408 - 20.000 ) 
    Source Clock Delay      (SCD):    4.584ns
    Clock Pessimism Removal (CPR):    0.251ns
  Clock Uncertainty:      0.105ns  ((TSJ^2 + DJ^2)^1/2) / 2 + PE
    Total System Jitter     (TSJ):    0.071ns
    Discrete Jitter          (DJ):    0.198ns
    Phase Error              (PE):    0.000ns

    Location             Delay type                Incr(ns)  Path(ns)    Netlist Resource(s)
  -------------------------------------------------------------------    -------------------
                         (clock clk_out2_pll rise edge)
                                                      0.000     0.000 r  
    AD12                                              0.000     0.000 r  i_sys_clk_p (IN)
                         net (fo=0)                   0.000     0.000    pll_inst/inst/clk_in1_p
    AD12                 IBUFDS (Prop_ibufds_I_O)     0.906     0.906 r  pll_inst/inst/clkin1_ibufgds/O
                         net (fo=1, routed)           2.299     3.205    pll_inst/inst/clk_in1_pll_buf
    BUFGCTRL_X0Y3        BUFG (Prop_bufg_I_O)         0.093     3.298 r  pll_inst/inst/clkin1_bufg1/O
                         net (fo=1, routed)           1.959     5.257    pll_inst/inst/clk_in1_pll
    PLLE2_ADV_X1Y0       PLLE2_ADV (Prop_plle2_adv_CLKIN1_CLKOUT1)
                                                     -4.519     0.738 r  pll_inst/inst/plle2_adv_inst/CLKOUT1
                         net (fo=1, routed)           2.467     3.205    pll_inst/inst/clk_out2_pll
    BUFGCTRL_X0Y0        BUFG (Prop_bufg_I_O)         0.093     3.298 r  pll_inst/inst/clkout2_buf/O
                         net (fo=34223, routed)       1.286     4.584    student_top_inst/Core_cpu/clk_out2
    SLICE_X25Y244        FDCE                                         r  student_top_inst/Core_cpu/imm_ex_reg[3]/C
  -------------------------------------------------------------------    -------------------
    SLICE_X25Y244        FDCE (Prop_fdce_C_Q)         0.223     4.807 r  student_top_inst/Core_cpu/imm_ex_reg[3]/Q
                         net (fo=13, routed)          0.576     5.383    student_top_inst/Core_cpu/imm_ex[3]
    SLICE_X31Y241        LUT3 (Prop_lut3_I0_O)        0.051     5.434 r  student_top_inst/Core_cpu/Mem_DRAM_i_207/O
                         net (fo=89, routed)          0.774     6.208    student_top_inst/Core_cpu/Mem_DRAM_i_207_n_0
    SLICE_X49Y239        LUT5 (Prop_lut5_I3_O)        0.136     6.344 r  student_top_inst/Core_cpu/Mem_DRAM_i_280/O
                         net (fo=4, routed)           0.647     6.991    student_top_inst/Core_cpu/Mem_DRAM_i_280_n_0
    SLICE_X39Y238        LUT6 (Prop_lut6_I0_O)        0.043     7.034 r  student_top_inst/Core_cpu/Mem_DRAM_i_209/O
                         net (fo=2, routed)           0.262     7.296    student_top_inst/Core_cpu/Mem_DRAM_i_209_n_0
    SLICE_X36Y237        LUT6 (Prop_lut6_I5_O)        0.043     7.339 r  student_top_inst/Core_cpu/Mem_DRAM_i_223/O
                         net (fo=1, routed)           0.343     7.682    student_top_inst/Core_cpu/Mem_DRAM_i_223_n_0
    SLICE_X37Y237        LUT6 (Prop_lut6_I4_O)        0.043     7.725 r  student_top_inst/Core_cpu/Mem_DRAM_i_99/O
                         net (fo=1, routed)           0.101     7.826    student_top_inst/Core_cpu/Mem_DRAM_i_99_n_0
    SLICE_X37Y237        LUT6 (Prop_lut6_I5_O)        0.043     7.869 r  student_top_inst/Core_cpu/Mem_DRAM_i_16/O
                         net (fo=32797, routed)       4.252    12.120    top/student_top/perip_bridge/dram/DRAM1/<hidden>/<hidden>/<hidden>/<hidden>
    SLICE_X104Y332       RAMS64E (Prop_rams64e_ADR0_O)
                                                      0.043    12.163 r  top/student_top/perip_bridge/dram/DRAM1/<hidden>/<hidden>/<hidden>/<hidden>
                         net (fo=1, routed)           0.000    12.163    top/student_top/perip_bridge/dram/DRAM1/<hidden>/<hidden>/<hidden>/<hidden>
    SLICE_X104Y332       MUXF7 (Prop_muxf7_I0_O)      0.115    12.278 r  top/student_top/perip_bridge/dram/DRAM1/<hidden>/<hidden>/<hidden>/<hidden>
                         net (fo=1, routed)           0.000    12.278    top/student_top/perip_bridge/dram/DRAM1/<hidden>/<hidden>/<hidden>/<hidden>
    SLICE_X104Y332       MUXF8 (Prop_muxf8_I0_O)      0.046    12.324 r  top/student_top/perip_bridge/dram/DRAM1/<hidden>/<hidden>/<hidden>/<hidden>
                         net (fo=1, routed)           0.431    12.756    top/student_top/perip_bridge/dram/DRAM1/<hidden>/<hidden>/<hidden>
    SLICE_X109Y331       LUT6 (Prop_lut6_I5_O)        0.125    12.881 r  top/student_top/perip_bridge/dram/DRAM1/<hidden>/<hidden>/<hidden>
                         net (fo=1, routed)           0.000    12.881    top/student_top/perip_bridge/dram/DRAM1/<hidden>/<hidden>/<hidden>
    SLICE_X109Y331       MUXF7 (Prop_muxf7_I1_O)      0.108    12.989 r  top/student_top/perip_bridge/dram/DRAM1/<hidden>/<hidden>/<hidden>
                         net (fo=1, routed)           0.000    12.989    top/student_top/perip_bridge/dram/DRAM1/<hidden>/<hidden>/<hidden>
    SLICE_X109Y331       MUXF8 (Prop_muxf8_I1_O)      0.043    13.032 r  top/student_top/perip_bridge/dram/DRAM1/<hidden>/<hidden>/<hidden>
                         net (fo=1, routed)           1.309    14.340    top/student_top/perip_bridge/dram/DRAM1/<hidden>/<hidden>/<hidden>
    SLICE_X71Y310        LUT6 (Prop_lut6_I0_O)        0.126    14.466 r  top/student_top/perip_bridge/dram/DRAM1/<hidden>/<hidden>/<hidden>
                         net (fo=1, routed)           0.000    14.466    top/student_top/perip_bridge/dram/DRAM1/<hidden>/<hidden>/<hidden>
    SLICE_X71Y310        MUXF7 (Prop_muxf7_I1_O)      0.108    14.574 r  top/student_top/perip_bridge/dram/DRAM1/<hidden>/<hidden>/<hidden>
                         net (fo=1, routed)           0.000    14.574    top/student_top/perip_bridge/dram/DRAM1/<hidden>/<hidden>/<hidden>
    SLICE_X71Y310        MUXF8 (Prop_muxf8_I1_O)      0.043    14.617 r  top/student_top/perip_bridge/dram/DRAM1/<hidden>/<hidden>/<hidden>
                         net (fo=4, routed)           1.591    16.208    student_top_inst/Core_cpu/spo[30]
    SLICE_X49Y262        LUT6 (Prop_lut6_I5_O)        0.126    16.334 r  student_top_inst/Core_cpu/Mem_DRAM_i_104/O
                         net (fo=1, routed)           0.842    17.176    student_top_inst/Core_cpu/Mem_DRAM_i_104_n_0
    SLICE_X51Y282        LUT6 (Prop_lut6_I5_O)        0.043    17.219 r  student_top_inst/Core_cpu/Mem_DRAM_i_18/O
                         net (fo=1024, routed)        2.395    19.614    top/student_top/perip_bridge/dram/DRAM1/<hidden>/<hidden>/<hidden>/<hidden>
    SLICE_X108Y331       RAMS64E                                      r  top/student_top/perip_bridge/dram/DRAM1/<hidden>/<hidden>/<hidden>/<hidden>
  -------------------------------------------------------------------    -------------------

                         (clock clk_out2_pll rise edge)
                                                     20.000    20.000 r  
    AD12                                              0.000    20.000 r  i_sys_clk_p (IN)
                         net (fo=0)                   0.000    20.000    pll_inst/inst/clk_in1_p
    AD12                 IBUFDS (Prop_ibufds_I_O)     0.803    20.803 r  pll_inst/inst/clkin1_ibufgds/O
                         net (fo=1, routed)           2.173    22.976    pll_inst/inst/clk_in1_pll_buf
    BUFGCTRL_X0Y3        BUFG (Prop_bufg_I_O)         0.083    23.059 r  pll_inst/inst/clkin1_bufg1/O
                         net (fo=1, routed)           1.796    24.855    pll_inst/inst/clk_in1_pll
    PLLE2_ADV_X1Y0       PLLE2_ADV (Prop_plle2_adv_CLKIN1_CLKOUT1)
                                                     -4.213    20.642 r  pll_inst/inst/plle2_adv_inst/CLKOUT1
                         net (fo=1, routed)           2.334    22.976    pll_inst/inst/clk_out2_pll
    BUFGCTRL_X0Y0        BUFG (Prop_bufg_I_O)         0.083    23.059 r  pll_inst/inst/clkout2_buf/O
                         net (fo=34223, routed)       1.349    24.408    top/student_top/perip_bridge/dram/DRAM1/<hidden>/<hidden>/<hidden>/<hidden>
    SLICE_X108Y331       RAMS64E                                      r  top/student_top/perip_bridge/dram/DRAM1/<hidden>/<hidden>/<hidden>/<hidden>
                         clock pessimism              0.251    24.660    
                         clock uncertainty           -0.105    24.554    
    SLICE_X108Y331       RAMS64E (Setup_rams64e_CLK_I)
                                                     -0.452    24.102    top/student_top/perip_bridge/dram/DRAM1/<hidden>/<hidden>/<hidden>/<hidden>
  -------------------------------------------------------------------
                         required time                         24.102    
                         arrival time                         -19.614    
  -------------------------------------------------------------------
                         slack                                  4.488    

Slack (MET) :             4.491ns  (required time - arrival time)
  Source:                 student_top_inst/Core_cpu/imm_ex_reg[3]/C
                            (rising edge-triggered cell FDCE clocked by clk_out2_pll  {rise@0.000ns fall@10.000ns period=20.000ns})
  Destination:            top/student_top/perip_bridge/dram/DRAM1/<hidden>/<hidden>/<hidden>/<hidden>
                            (rising edge-triggered cell RAMS64E clocked by clk_out2_pll  {rise@0.000ns fall@10.000ns period=20.000ns})
  Path Group:             clk_out2_pll
  Path Type:              Setup (Max at Slow Process Corner)
  Requirement:            20.000ns  (clk_out2_pll rise@20.000ns - clk_out2_pll rise@0.000ns)
  Data Path Delay:        15.029ns  (logic 1.508ns (10.034%)  route 13.521ns (89.966%))
  Logic Levels:           17  (LUT3=1 LUT5=1 LUT6=8 MUXF7=3 MUXF8=3 RAMS64E=1)
  Clock Path Skew:        0.077ns (DCD - SCD + CPR)
    Destination Clock Delay (DCD):    4.409ns = ( 24.409 - 20.000 ) 
    Source Clock Delay      (SCD):    4.584ns
    Clock Pessimism Removal (CPR):    0.251ns
  Clock Uncertainty:      0.105ns  ((TSJ^2 + DJ^2)^1/2) / 2 + PE
    Total System Jitter     (TSJ):    0.071ns
    Discrete Jitter          (DJ):    0.198ns
    Phase Error              (PE):    0.000ns

    Location             Delay type                Incr(ns)  Path(ns)    Netlist Resource(s)
  -------------------------------------------------------------------    -------------------
                         (clock clk_out2_pll rise edge)
                                                      0.000     0.000 r  
    AD12                                              0.000     0.000 r  i_sys_clk_p (IN)
                         net (fo=0)                   0.000     0.000    pll_inst/inst/clk_in1_p
    AD12                 IBUFDS (Prop_ibufds_I_O)     0.906     0.906 r  pll_inst/inst/clkin1_ibufgds/O
                         net (fo=1, routed)           2.299     3.205    pll_inst/inst/clk_in1_pll_buf
    BUFGCTRL_X0Y3        BUFG (Prop_bufg_I_O)         0.093     3.298 r  pll_inst/inst/clkin1_bufg1/O
                         net (fo=1, routed)           1.959     5.257    pll_inst/inst/clk_in1_pll
    PLLE2_ADV_X1Y0       PLLE2_ADV (Prop_plle2_adv_CLKIN1_CLKOUT1)
                                                     -4.519     0.738 r  pll_inst/inst/plle2_adv_inst/CLKOUT1
                         net (fo=1, routed)           2.467     3.205    pll_inst/inst/clk_out2_pll
    BUFGCTRL_X0Y0        BUFG (Prop_bufg_I_O)         0.093     3.298 r  pll_inst/inst/clkout2_buf/O
                         net (fo=34223, routed)       1.286     4.584    student_top_inst/Core_cpu/clk_out2
    SLICE_X25Y244        FDCE                                         r  student_top_inst/Core_cpu/imm_ex_reg[3]/C
  -------------------------------------------------------------------    -------------------
    SLICE_X25Y244        FDCE (Prop_fdce_C_Q)         0.223     4.807 r  student_top_inst/Core_cpu/imm_ex_reg[3]/Q
                         net (fo=13, routed)          0.576     5.383    student_top_inst/Core_cpu/imm_ex[3]
    SLICE_X31Y241        LUT3 (Prop_lut3_I0_O)        0.051     5.434 r  student_top_inst/Core_cpu/Mem_DRAM_i_207/O
                         net (fo=89, routed)          0.774     6.208    student_top_inst/Core_cpu/Mem_DRAM_i_207_n_0
    SLICE_X49Y239        LUT5 (Prop_lut5_I3_O)        0.136     6.344 r  student_top_inst/Core_cpu/Mem_DRAM_i_280/O
                         net (fo=4, routed)           0.647     6.991    student_top_inst/Core_cpu/Mem_DRAM_i_280_n_0
    SLICE_X39Y238        LUT6 (Prop_lut6_I0_O)        0.043     7.034 r  student_top_inst/Core_cpu/Mem_DRAM_i_209/O
                         net (fo=2, routed)           0.262     7.296    student_top_inst/Core_cpu/Mem_DRAM_i_209_n_0
    SLICE_X36Y237        LUT6 (Prop_lut6_I5_O)        0.043     7.339 r  student_top_inst/Core_cpu/Mem_DRAM_i_223/O
                         net (fo=1, routed)           0.343     7.682    student_top_inst/Core_cpu/Mem_DRAM_i_223_n_0
    SLICE_X37Y237        LUT6 (Prop_lut6_I4_O)        0.043     7.725 r  student_top_inst/Core_cpu/Mem_DRAM_i_99/O
                         net (fo=1, routed)           0.101     7.826    student_top_inst/Core_cpu/Mem_DRAM_i_99_n_0
    SLICE_X37Y237        LUT6 (Prop_lut6_I5_O)        0.043     7.869 r  student_top_inst/Core_cpu/Mem_DRAM_i_16/O
                         net (fo=32797, routed)       4.252    12.120    top/student_top/perip_bridge/dram/DRAM1/<hidden>/<hidden>/<hidden>/<hidden>
    SLICE_X104Y332       RAMS64E (Prop_rams64e_ADR0_O)
                                                      0.043    12.163 r  top/student_top/perip_bridge/dram/DRAM1/<hidden>/<hidden>/<hidden>/<hidden>
                         net (fo=1, routed)           0.000    12.163    top/student_top/perip_bridge/dram/DRAM1/<hidden>/<hidden>/<hidden>/<hidden>
    SLICE_X104Y332       MUXF7 (Prop_muxf7_I0_O)      0.115    12.278 r  top/student_top/perip_bridge/dram/DRAM1/<hidden>/<hidden>/<hidden>/<hidden>
                         net (fo=1, routed)           0.000    12.278    top/student_top/perip_bridge/dram/DRAM1/<hidden>/<hidden>/<hidden>/<hidden>
    SLICE_X104Y332       MUXF8 (Prop_muxf8_I0_O)      0.046    12.324 r  top/student_top/perip_bridge/dram/DRAM1/<hidden>/<hidden>/<hidden>/<hidden>
                         net (fo=1, routed)           0.431    12.756    top/student_top/perip_bridge/dram/DRAM1/<hidden>/<hidden>/<hidden>
    SLICE_X109Y331       LUT6 (Prop_lut6_I5_O)        0.125    12.881 r  top/student_top/perip_bridge/dram/DRAM1/<hidden>/<hidden>/<hidden>
                         net (fo=1, routed)           0.000    12.881    top/student_top/perip_bridge/dram/DRAM1/<hidden>/<hidden>/<hidden>
    SLICE_X109Y331       MUXF7 (Prop_muxf7_I1_O)      0.108    12.989 r  top/student_top/perip_bridge/dram/DRAM1/<hidden>/<hidden>/<hidden>
                         net (fo=1, routed)           0.000    12.989    top/student_top/perip_bridge/dram/DRAM1/<hidden>/<hidden>/<hidden>
    SLICE_X109Y331       MUXF8 (Prop_muxf8_I1_O)      0.043    13.032 r  top/student_top/perip_bridge/dram/DRAM1/<hidden>/<hidden>/<hidden>
                         net (fo=1, routed)           1.309    14.340    top/student_top/perip_bridge/dram/DRAM1/<hidden>/<hidden>/<hidden>
    SLICE_X71Y310        LUT6 (Prop_lut6_I0_O)        0.126    14.466 r  top/student_top/perip_bridge/dram/DRAM1/<hidden>/<hidden>/<hidden>
                         net (fo=1, routed)           0.000    14.466    top/student_top/perip_bridge/dram/DRAM1/<hidden>/<hidden>/<hidden>
    SLICE_X71Y310        MUXF7 (Prop_muxf7_I1_O)      0.108    14.574 r  top/student_top/perip_bridge/dram/DRAM1/<hidden>/<hidden>/<hidden>
                         net (fo=1, routed)           0.000    14.574    top/student_top/perip_bridge/dram/DRAM1/<hidden>/<hidden>/<hidden>
    SLICE_X71Y310        MUXF8 (Prop_muxf8_I1_O)      0.043    14.617 r  top/student_top/perip_bridge/dram/DRAM1/<hidden>/<hidden>/<hidden>
                         net (fo=4, routed)           1.591    16.208    student_top_inst/Core_cpu/spo[30]
    SLICE_X49Y262        LUT6 (Prop_lut6_I5_O)        0.126    16.334 r  student_top_inst/Core_cpu/Mem_DRAM_i_104/O
                         net (fo=1, routed)           0.842    17.176    student_top_inst/Core_cpu/Mem_DRAM_i_104_n_0
    SLICE_X51Y282        LUT6 (Prop_lut6_I5_O)        0.043    17.219 r  student_top_inst/Core_cpu/Mem_DRAM_i_18/O
                         net (fo=1024, routed)        2.394    19.613    top/student_top/perip_bridge/dram/DRAM1/<hidden>/<hidden>/<hidden>/<hidden>
    SLICE_X108Y332       RAMS64E                                      r  top/student_top/perip_bridge/dram/DRAM1/<hidden>/<hidden>/<hidden>/<hidden>
  -------------------------------------------------------------------    -------------------

                         (clock clk_out2_pll rise edge)
                                                     20.000    20.000 r  
    AD12                                              0.000    20.000 r  i_sys_clk_p (IN)
                         net (fo=0)                   0.000    20.000    pll_inst/inst/clk_in1_p
    AD12                 IBUFDS (Prop_ibufds_I_O)     0.803    20.803 r  pll_inst/inst/clkin1_ibufgds/O
                         net (fo=1, routed)           2.173    22.976    pll_inst/inst/clk_in1_pll_buf
    BUFGCTRL_X0Y3        BUFG (Prop_bufg_I_O)         0.083    23.059 r  pll_inst/inst/clkin1_bufg1/O
                         net (fo=1, routed)           1.796    24.855    pll_inst/inst/clk_in1_pll
    PLLE2_ADV_X1Y0       PLLE2_ADV (Prop_plle2_adv_CLKIN1_CLKOUT1)
                                                     -4.213    20.642 r  pll_inst/inst/plle2_adv_inst/CLKOUT1
                         net (fo=1, routed)           2.334    22.976    pll_inst/inst/clk_out2_pll
    BUFGCTRL_X0Y0        BUFG (Prop_bufg_I_O)         0.083    23.059 r  pll_inst/inst/clkout2_buf/O
                         net (fo=34223, routed)       1.350    24.409    top/student_top/perip_bridge/dram/DRAM1/<hidden>/<hidden>/<hidden>/<hidden>
    SLICE_X108Y332       RAMS64E                                      r  top/student_top/perip_bridge/dram/DRAM1/<hidden>/<hidden>/<hidden>/<hidden>
                         clock pessimism              0.251    24.661    
                         clock uncertainty           -0.105    24.555    
    SLICE_X108Y332       RAMS64E (Setup_rams64e_CLK_I)
                                                     -0.452    24.103    top/student_top/perip_bridge/dram/DRAM1/<hidden>/<hidden>/<hidden>/<hidden>
  -------------------------------------------------------------------
                         required time                         24.103    
                         arrival time                         -19.613    
  -------------------------------------------------------------------
                         slack                                  4.491    





Min Delay Paths
--------------------------------------------------------------------------------------
Slack (MET) :             0.122ns  (arrival time - required time)
  Source:                 student_top_inst/Core_cpu/curr_pc_id_reg[9]/C
                            (rising edge-triggered cell FDCE clocked by clk_out2_pll  {rise@0.000ns fall@10.000ns period=20.000ns})
  Destination:            student_top_inst/Core_cpu/pc_ex_reg[9]/D
                            (rising edge-triggered cell FDCE clocked by clk_out2_pll  {rise@0.000ns fall@10.000ns period=20.000ns})
  Path Group:             clk_out2_pll
  Path Type:              Hold (Min at Fast Process Corner)
  Requirement:            0.000ns  (clk_out2_pll rise@0.000ns - clk_out2_pll rise@0.000ns)
  Data Path Delay:        0.208ns  (logic 0.130ns (62.427%)  route 0.078ns (37.573%))
  Logic Levels:           1  (LUT2=1)
  Clock Path Skew:        0.011ns (DCD - SCD - CPR)
    Destination Clock Delay (DCD):    2.431ns
    Source Clock Delay      (SCD):    2.069ns
    Clock Pessimism Removal (CPR):    0.350ns

    Location             Delay type                Incr(ns)  Path(ns)    Netlist Resource(s)
  -------------------------------------------------------------------    -------------------
                         (clock clk_out2_pll rise edge)
                                                      0.000     0.000 r  
    AD12                                              0.000     0.000 r  i_sys_clk_p (IN)
                         net (fo=0)                   0.000     0.000    pll_inst/inst/clk_in1_p
    AD12                 IBUFDS (Prop_ibufds_I_O)     0.388     0.388 r  pll_inst/inst/clkin1_ibufgds/O
                         net (fo=1, routed)           1.083     1.471    pll_inst/inst/clk_in1_pll_buf
    BUFGCTRL_X0Y3        BUFG (Prop_bufg_I_O)         0.026     1.497 r  pll_inst/inst/clkin1_bufg1/O
                         net (fo=1, routed)           0.767     2.264    pll_inst/inst/clk_in1_pll
    PLLE2_ADV_X1Y0       PLLE2_ADV (Prop_plle2_adv_CLKIN1_CLKOUT1)
                                                     -1.938     0.326 r  pll_inst/inst/plle2_adv_inst/CLKOUT1
                         net (fo=1, routed)           1.145     1.471    pll_inst/inst/clk_out2_pll
    BUFGCTRL_X0Y0        BUFG (Prop_bufg_I_O)         0.026     1.497 r  pll_inst/inst/clkout2_buf/O
                         net (fo=34223, routed)       0.572     2.069    student_top_inst/Core_cpu/clk_out2
    SLICE_X26Y243        FDCE                                         r  student_top_inst/Core_cpu/curr_pc_id_reg[9]/C
  -------------------------------------------------------------------    -------------------
    SLICE_X26Y243        FDCE (Prop_fdce_C_Q)         0.100     2.169 r  student_top_inst/Core_cpu/curr_pc_id_reg[9]/Q
                         net (fo=1, routed)           0.078     2.248    student_top_inst/Core_cpu/curr_pc_id[9]
    SLICE_X27Y243        LUT2 (Prop_lut2_I1_O)        0.030     2.278 r  student_top_inst/Core_cpu/pc_ex[9]_i_1/O
                         net (fo=1, routed)           0.000     2.278    student_top_inst/Core_cpu/pc_ex[9]_i_1_n_0
    SLICE_X27Y243        FDCE                                         r  student_top_inst/Core_cpu/pc_ex_reg[9]/D
  -------------------------------------------------------------------    -------------------

                         (clock clk_out2_pll rise edge)
                                                      0.000     0.000 r  
    AD12                                              0.000     0.000 r  i_sys_clk_p (IN)
                         net (fo=0)                   0.000     0.000    pll_inst/inst/clk_in1_p
    AD12                 IBUFDS (Prop_ibufds_I_O)     0.470     0.470 r  pll_inst/inst/clkin1_ibufgds/O
                         net (fo=1, routed)           1.154     1.624    pll_inst/inst/clk_in1_pll_buf
    BUFGCTRL_X0Y3        BUFG (Prop_bufg_I_O)         0.030     1.654 r  pll_inst/inst/clkin1_bufg1/O
                         net (fo=1, routed)           1.037     2.691    pll_inst/inst/clk_in1_pll
    PLLE2_ADV_X1Y0       PLLE2_ADV (Prop_plle2_adv_CLKIN1_CLKOUT1)
                                                     -2.283     0.408 r  pll_inst/inst/plle2_adv_inst/CLKOUT1
                         net (fo=1, routed)           1.216     1.624    pll_inst/inst/clk_out2_pll
    BUFGCTRL_X0Y0        BUFG (Prop_bufg_I_O)         0.030     1.654 r  pll_inst/inst/clkout2_buf/O
                         net (fo=34223, routed)       0.777     2.431    student_top_inst/Core_cpu/clk_out2
    SLICE_X27Y243        FDCE                                         r  student_top_inst/Core_cpu/pc_ex_reg[9]/C
                         clock pessimism             -0.350     2.080    
    SLICE_X27Y243        FDCE (Hold_fdce_C_D)         0.075     2.155    student_top_inst/Core_cpu/pc_ex_reg[9]
  -------------------------------------------------------------------
                         required time                         -2.155    
                         arrival time                           2.278    
  -------------------------------------------------------------------
                         slack                                  0.122    

Slack (MET) :             0.125ns  (arrival time - required time)
  Source:                 student_top_inst/Core_cpu/curr_pc_id_reg[27]/C
                            (rising edge-triggered cell FDCE clocked by clk_out2_pll  {rise@0.000ns fall@10.000ns period=20.000ns})
  Destination:            student_top_inst/Core_cpu/pc_ex_reg[27]/D
                            (rising edge-triggered cell FDCE clocked by clk_out2_pll  {rise@0.000ns fall@10.000ns period=20.000ns})
  Path Group:             clk_out2_pll
  Path Type:              Hold (Min at Fast Process Corner)
  Requirement:            0.000ns  (clk_out2_pll rise@0.000ns - clk_out2_pll rise@0.000ns)
  Data Path Delay:        0.302ns  (logic 0.128ns (42.365%)  route 0.174ns (57.635%))
  Logic Levels:           1  (LUT2=1)
  Clock Path Skew:        0.116ns (DCD - SCD - CPR)
    Destination Clock Delay (DCD):    2.431ns
    Source Clock Delay      (SCD):    2.150ns
    Clock Pessimism Removal (CPR):    0.164ns

    Location             Delay type                Incr(ns)  Path(ns)    Netlist Resource(s)
  -------------------------------------------------------------------    -------------------
                         (clock clk_out2_pll rise edge)
                                                      0.000     0.000 r  
    AD12                                              0.000     0.000 r  i_sys_clk_p (IN)
                         net (fo=0)                   0.000     0.000    pll_inst/inst/clk_in1_p
    AD12                 IBUFDS (Prop_ibufds_I_O)     0.388     0.388 r  pll_inst/inst/clkin1_ibufgds/O
                         net (fo=1, routed)           1.083     1.471    pll_inst/inst/clk_in1_pll_buf
    BUFGCTRL_X0Y3        BUFG (Prop_bufg_I_O)         0.026     1.497 r  pll_inst/inst/clkin1_bufg1/O
                         net (fo=1, routed)           0.767     2.264    pll_inst/inst/clk_in1_pll
    PLLE2_ADV_X1Y0       PLLE2_ADV (Prop_plle2_adv_CLKIN1_CLKOUT1)
                                                     -1.938     0.326 r  pll_inst/inst/plle2_adv_inst/CLKOUT1
                         net (fo=1, routed)           1.145     1.471    pll_inst/inst/clk_out2_pll
    BUFGCTRL_X0Y0        BUFG (Prop_bufg_I_O)         0.026     1.497 r  pll_inst/inst/clkout2_buf/O
                         net (fo=34223, routed)       0.653     2.150    student_top_inst/Core_cpu/clk_out2
    SLICE_X26Y250        FDCE                                         r  student_top_inst/Core_cpu/curr_pc_id_reg[27]/C
  -------------------------------------------------------------------    -------------------
    SLICE_X26Y250        FDCE (Prop_fdce_C_Q)         0.100     2.250 r  student_top_inst/Core_cpu/curr_pc_id_reg[27]/Q
                         net (fo=1, routed)           0.174     2.425    student_top_inst/Core_cpu/curr_pc_id[27]
    SLICE_X28Y248        LUT2 (Prop_lut2_I1_O)        0.028     2.453 r  student_top_inst/Core_cpu/pc_ex[27]_i_1/O
                         net (fo=1, routed)           0.000     2.453    student_top_inst/Core_cpu/pc_ex[27]_i_1_n_0
    SLICE_X28Y248        FDCE                                         r  student_top_inst/Core_cpu/pc_ex_reg[27]/D
  -------------------------------------------------------------------    -------------------

                         (clock clk_out2_pll rise edge)
                                                      0.000     0.000 r  
    AD12                                              0.000     0.000 r  i_sys_clk_p (IN)
                         net (fo=0)                   0.000     0.000    pll_inst/inst/clk_in1_p
    AD12                 IBUFDS (Prop_ibufds_I_O)     0.470     0.470 r  pll_inst/inst/clkin1_ibufgds/O
                         net (fo=1, routed)           1.154     1.624    pll_inst/inst/clk_in1_pll_buf
    BUFGCTRL_X0Y3        BUFG (Prop_bufg_I_O)         0.030     1.654 r  pll_inst/inst/clkin1_bufg1/O
                         net (fo=1, routed)           1.037     2.691    pll_inst/inst/clk_in1_pll
    PLLE2_ADV_X1Y0       PLLE2_ADV (Prop_plle2_adv_CLKIN1_CLKOUT1)
                                                     -2.283     0.408 r  pll_inst/inst/plle2_adv_inst/CLKOUT1
                         net (fo=1, routed)           1.216     1.624    pll_inst/inst/clk_out2_pll
    BUFGCTRL_X0Y0        BUFG (Prop_bufg_I_O)         0.030     1.654 r  pll_inst/inst/clkout2_buf/O
                         net (fo=34223, routed)       0.777     2.431    student_top_inst/Core_cpu/clk_out2
    SLICE_X28Y248        FDCE                                         r  student_top_inst/Core_cpu/pc_ex_reg[27]/C
                         clock pessimism             -0.164     2.266    
    SLICE_X28Y248        FDCE (Hold_fdce_C_D)         0.061     2.327    student_top_inst/Core_cpu/pc_ex_reg[27]
  -------------------------------------------------------------------
                         required time                         -2.327    
                         arrival time                           2.453    
  -------------------------------------------------------------------
                         slack                                  0.125    

Slack (MET) :             0.134ns  (arrival time - required time)
  Source:                 student_top_inst/Core_cpu/dout_irom_reg_reg[6]/C
                            (rising edge-triggered cell FDCE clocked by clk_out2_pll  {rise@0.000ns fall@10.000ns period=20.000ns})
  Destination:            student_top_inst/Core_cpu/ins_reg[6]/D
                            (rising edge-triggered cell FDCE clocked by clk_out2_pll  {rise@0.000ns fall@10.000ns period=20.000ns})
  Path Group:             clk_out2_pll
  Path Type:              Hold (Min at Fast Process Corner)
  Requirement:            0.000ns  (clk_out2_pll rise@0.000ns - clk_out2_pll rise@0.000ns)
  Data Path Delay:        0.206ns  (logic 0.128ns (62.063%)  route 0.078ns (37.937%))
  Logic Levels:           1  (LUT5=1)
  Clock Path Skew:        0.011ns (DCD - SCD - CPR)
    Destination Clock Delay (DCD):    2.429ns
    Source Clock Delay      (SCD):    2.067ns
    Clock Pessimism Removal (CPR):    0.350ns

    Location             Delay type                Incr(ns)  Path(ns)    Netlist Resource(s)
  -------------------------------------------------------------------    -------------------
                         (clock clk_out2_pll rise edge)
                                                      0.000     0.000 r  
    AD12                                              0.000     0.000 r  i_sys_clk_p (IN)
                         net (fo=0)                   0.000     0.000    pll_inst/inst/clk_in1_p
    AD12                 IBUFDS (Prop_ibufds_I_O)     0.388     0.388 r  pll_inst/inst/clkin1_ibufgds/O
                         net (fo=1, routed)           1.083     1.471    pll_inst/inst/clk_in1_pll_buf
    BUFGCTRL_X0Y3        BUFG (Prop_bufg_I_O)         0.026     1.497 r  pll_inst/inst/clkin1_bufg1/O
                         net (fo=1, routed)           0.767     2.264    pll_inst/inst/clk_in1_pll
    PLLE2_ADV_X1Y0       PLLE2_ADV (Prop_plle2_adv_CLKIN1_CLKOUT1)
                                                     -1.938     0.326 r  pll_inst/inst/plle2_adv_inst/CLKOUT1
                         net (fo=1, routed)           1.145     1.471    pll_inst/inst/clk_out2_pll
    BUFGCTRL_X0Y0        BUFG (Prop_bufg_I_O)         0.026     1.497 r  pll_inst/inst/clkout2_buf/O
                         net (fo=34223, routed)       0.570     2.067    student_top_inst/Core_cpu/clk_out2
    SLICE_X26Y238        FDCE                                         r  student_top_inst/Core_cpu/dout_irom_reg_reg[6]/C
  -------------------------------------------------------------------    -------------------
    SLICE_X26Y238        FDCE (Prop_fdce_C_Q)         0.100     2.167 r  student_top_inst/Core_cpu/dout_irom_reg_reg[6]/Q
                         net (fo=1, routed)           0.078     2.246    student_top_inst/Core_cpu/dout_irom_reg[6]
    SLICE_X27Y238        LUT5 (Prop_lut5_I4_O)        0.028     2.274 r  student_top_inst/Core_cpu/ins[6]_i_1/O
                         net (fo=1, routed)           0.000     2.274    student_top_inst/Core_cpu/ins[6]_i_1_n_0
    SLICE_X27Y238        FDCE                                         r  student_top_inst/Core_cpu/ins_reg[6]/D
  -------------------------------------------------------------------    -------------------

                         (clock clk_out2_pll rise edge)
                                                      0.000     0.000 r  
    AD12                                              0.000     0.000 r  i_sys_clk_p (IN)
                         net (fo=0)                   0.000     0.000    pll_inst/inst/clk_in1_p
    AD12                 IBUFDS (Prop_ibufds_I_O)     0.470     0.470 r  pll_inst/inst/clkin1_ibufgds/O
                         net (fo=1, routed)           1.154     1.624    pll_inst/inst/clk_in1_pll_buf
    BUFGCTRL_X0Y3        BUFG (Prop_bufg_I_O)         0.030     1.654 r  pll_inst/inst/clkin1_bufg1/O
                         net (fo=1, routed)           1.037     2.691    pll_inst/inst/clk_in1_pll
    PLLE2_ADV_X1Y0       PLLE2_ADV (Prop_plle2_adv_CLKIN1_CLKOUT1)
                                                     -2.283     0.408 r  pll_inst/inst/plle2_adv_inst/CLKOUT1
                         net (fo=1, routed)           1.216     1.624    pll_inst/inst/clk_out2_pll
    BUFGCTRL_X0Y0        BUFG (Prop_bufg_I_O)         0.030     1.654 r  pll_inst/inst/clkout2_buf/O
                         net (fo=34223, routed)       0.775     2.429    student_top_inst/Core_cpu/clk_out2
    SLICE_X27Y238        FDCE                                         r  student_top_inst/Core_cpu/ins_reg[6]/C
                         clock pessimism             -0.350     2.078    
    SLICE_X27Y238        FDCE (Hold_fdce_C_D)         0.061     2.139    student_top_inst/Core_cpu/ins_reg[6]
  -------------------------------------------------------------------
                         required time                         -2.139    
                         arrival time                           2.274    
  -------------------------------------------------------------------
                         slack                                  0.134    

Slack (MET) :             0.137ns  (arrival time - required time)
  Source:                 student_top_inst/Core_cpu/curr_pc_id_reg[11]/C
                            (rising edge-triggered cell FDCE clocked by clk_out2_pll  {rise@0.000ns fall@10.000ns period=20.000ns})
  Destination:            student_top_inst/Core_cpu/pc_ex_reg[11]/D
                            (rising edge-triggered cell FDCE clocked by clk_out2_pll  {rise@0.000ns fall@10.000ns period=20.000ns})
  Path Group:             clk_out2_pll
  Path Type:              Hold (Min at Fast Process Corner)
  Requirement:            0.000ns  (clk_out2_pll rise@0.000ns - clk_out2_pll rise@0.000ns)
  Data Path Delay:        0.208ns  (logic 0.128ns (61.615%)  route 0.080ns (38.385%))
  Logic Levels:           1  (LUT2=1)
  Clock Path Skew:        0.011ns (DCD - SCD - CPR)
    Destination Clock Delay (DCD):    2.431ns
    Source Clock Delay      (SCD):    2.069ns
    Clock Pessimism Removal (CPR):    0.350ns

    Location             Delay type                Incr(ns)  Path(ns)    Netlist Resource(s)
  -------------------------------------------------------------------    -------------------
                         (clock clk_out2_pll rise edge)
                                                      0.000     0.000 r  
    AD12                                              0.000     0.000 r  i_sys_clk_p (IN)
                         net (fo=0)                   0.000     0.000    pll_inst/inst/clk_in1_p
    AD12                 IBUFDS (Prop_ibufds_I_O)     0.388     0.388 r  pll_inst/inst/clkin1_ibufgds/O
                         net (fo=1, routed)           1.083     1.471    pll_inst/inst/clk_in1_pll_buf
    BUFGCTRL_X0Y3        BUFG (Prop_bufg_I_O)         0.026     1.497 r  pll_inst/inst/clkin1_bufg1/O
                         net (fo=1, routed)           0.767     2.264    pll_inst/inst/clk_in1_pll
    PLLE2_ADV_X1Y0       PLLE2_ADV (Prop_plle2_adv_CLKIN1_CLKOUT1)
                                                     -1.938     0.326 r  pll_inst/inst/plle2_adv_inst/CLKOUT1
                         net (fo=1, routed)           1.145     1.471    pll_inst/inst/clk_out2_pll
    BUFGCTRL_X0Y0        BUFG (Prop_bufg_I_O)         0.026     1.497 r  pll_inst/inst/clkout2_buf/O
                         net (fo=34223, routed)       0.572     2.069    student_top_inst/Core_cpu/clk_out2
    SLICE_X24Y243        FDCE                                         r  student_top_inst/Core_cpu/curr_pc_id_reg[11]/C
  -------------------------------------------------------------------    -------------------
    SLICE_X24Y243        FDCE (Prop_fdce_C_Q)         0.100     2.169 r  student_top_inst/Core_cpu/curr_pc_id_reg[11]/Q
                         net (fo=1, routed)           0.080     2.249    student_top_inst/Core_cpu/curr_pc_id[11]
    SLICE_X25Y243        LUT2 (Prop_lut2_I1_O)        0.028     2.277 r  student_top_inst/Core_cpu/pc_ex[11]_i_1/O
                         net (fo=1, routed)           0.000     2.277    student_top_inst/Core_cpu/pc_ex[11]_i_1_n_0
    SLICE_X25Y243        FDCE                                         r  student_top_inst/Core_cpu/pc_ex_reg[11]/D
  -------------------------------------------------------------------    -------------------

                         (clock clk_out2_pll rise edge)
                                                      0.000     0.000 r  
    AD12                                              0.000     0.000 r  i_sys_clk_p (IN)
                         net (fo=0)                   0.000     0.000    pll_inst/inst/clk_in1_p
    AD12                 IBUFDS (Prop_ibufds_I_O)     0.470     0.470 r  pll_inst/inst/clkin1_ibufgds/O
                         net (fo=1, routed)           1.154     1.624    pll_inst/inst/clk_in1_pll_buf
    BUFGCTRL_X0Y3        BUFG (Prop_bufg_I_O)         0.030     1.654 r  pll_inst/inst/clkin1_bufg1/O
                         net (fo=1, routed)           1.037     2.691    pll_inst/inst/clk_in1_pll
    PLLE2_ADV_X1Y0       PLLE2_ADV (Prop_plle2_adv_CLKIN1_CLKOUT1)
                                                     -2.283     0.408 r  pll_inst/inst/plle2_adv_inst/CLKOUT1
                         net (fo=1, routed)           1.216     1.624    pll_inst/inst/clk_out2_pll
    BUFGCTRL_X0Y0        BUFG (Prop_bufg_I_O)         0.030     1.654 r  pll_inst/inst/clkout2_buf/O
                         net (fo=34223, routed)       0.777     2.431    student_top_inst/Core_cpu/clk_out2
    SLICE_X25Y243        FDCE                                         r  student_top_inst/Core_cpu/pc_ex_reg[11]/C
                         clock pessimism             -0.350     2.080    
    SLICE_X25Y243        FDCE (Hold_fdce_C_D)         0.060     2.140    student_top_inst/Core_cpu/pc_ex_reg[11]
  -------------------------------------------------------------------
                         required time                         -2.140    
                         arrival time                           2.277    
  -------------------------------------------------------------------
                         slack                                  0.137    

Slack (MET) :             0.140ns  (arrival time - required time)
  Source:                 student_top_inst/Core_cpu/curr_pc_if_reg[15]/C
                            (rising edge-triggered cell FDCE clocked by clk_out2_pll  {rise@0.000ns fall@10.000ns period=20.000ns})
  Destination:            student_top_inst/Core_cpu/curr_pc_id_reg[15]/D
                            (rising edge-triggered cell FDCE clocked by clk_out2_pll  {rise@0.000ns fall@10.000ns period=20.000ns})
  Path Group:             clk_out2_pll
  Path Type:              Hold (Min at Fast Process Corner)
  Requirement:            0.000ns  (clk_out2_pll rise@0.000ns - clk_out2_pll rise@0.000ns)
  Data Path Delay:        0.187ns  (logic 0.100ns (53.378%)  route 0.087ns (46.622%))
  Logic Levels:           0  
  Clock Path Skew:        0.011ns (DCD - SCD - CPR)
    Destination Clock Delay (DCD):    2.432ns
    Source Clock Delay      (SCD):    2.070ns
    Clock Pessimism Removal (CPR):    0.350ns

    Location             Delay type                Incr(ns)  Path(ns)    Netlist Resource(s)
  -------------------------------------------------------------------    -------------------
                         (clock clk_out2_pll rise edge)
                                                      0.000     0.000 r  
    AD12                                              0.000     0.000 r  i_sys_clk_p (IN)
                         net (fo=0)                   0.000     0.000    pll_inst/inst/clk_in1_p
    AD12                 IBUFDS (Prop_ibufds_I_O)     0.388     0.388 r  pll_inst/inst/clkin1_ibufgds/O
                         net (fo=1, routed)           1.083     1.471    pll_inst/inst/clk_in1_pll_buf
    BUFGCTRL_X0Y3        BUFG (Prop_bufg_I_O)         0.026     1.497 r  pll_inst/inst/clkin1_bufg1/O
                         net (fo=1, routed)           0.767     2.264    pll_inst/inst/clk_in1_pll
    PLLE2_ADV_X1Y0       PLLE2_ADV (Prop_plle2_adv_CLKIN1_CLKOUT1)
                                                     -1.938     0.326 r  pll_inst/inst/plle2_adv_inst/CLKOUT1
                         net (fo=1, routed)           1.145     1.471    pll_inst/inst/clk_out2_pll
    BUFGCTRL_X0Y0        BUFG (Prop_bufg_I_O)         0.026     1.497 r  pll_inst/inst/clkout2_buf/O
                         net (fo=34223, routed)       0.573     2.070    student_top_inst/Core_cpu/clk_out2
    SLICE_X24Y247        FDCE                                         r  student_top_inst/Core_cpu/curr_pc_if_reg[15]/C
  -------------------------------------------------------------------    -------------------
    SLICE_X24Y247        FDCE (Prop_fdce_C_Q)         0.100     2.170 r  student_top_inst/Core_cpu/curr_pc_if_reg[15]/Q
                         net (fo=2, routed)           0.087     2.258    student_top_inst/Core_cpu/curr_pc_if[15]
    SLICE_X25Y247        FDCE                                         r  student_top_inst/Core_cpu/curr_pc_id_reg[15]/D
  -------------------------------------------------------------------    -------------------

                         (clock clk_out2_pll rise edge)
                                                      0.000     0.000 r  
    AD12                                              0.000     0.000 r  i_sys_clk_p (IN)
                         net (fo=0)                   0.000     0.000    pll_inst/inst/clk_in1_p
    AD12                 IBUFDS (Prop_ibufds_I_O)     0.470     0.470 r  pll_inst/inst/clkin1_ibufgds/O
                         net (fo=1, routed)           1.154     1.624    pll_inst/inst/clk_in1_pll_buf
    BUFGCTRL_X0Y3        BUFG (Prop_bufg_I_O)         0.030     1.654 r  pll_inst/inst/clkin1_bufg1/O
                         net (fo=1, routed)           1.037     2.691    pll_inst/inst/clk_in1_pll
    PLLE2_ADV_X1Y0       PLLE2_ADV (Prop_plle2_adv_CLKIN1_CLKOUT1)
                                                     -2.283     0.408 r  pll_inst/inst/plle2_adv_inst/CLKOUT1
                         net (fo=1, routed)           1.216     1.624    pll_inst/inst/clk_out2_pll
    BUFGCTRL_X0Y0        BUFG (Prop_bufg_I_O)         0.030     1.654 r  pll_inst/inst/clkout2_buf/O
                         net (fo=34223, routed)       0.778     2.432    student_top_inst/Core_cpu/clk_out2
    SLICE_X25Y247        FDCE                                         r  student_top_inst/Core_cpu/curr_pc_id_reg[15]/C
                         clock pessimism             -0.350     2.081    
    SLICE_X25Y247        FDCE (Hold_fdce_C_D)         0.036     2.117    student_top_inst/Core_cpu/curr_pc_id_reg[15]
  -------------------------------------------------------------------
                         required time                         -2.117    
                         arrival time                           2.258    
  -------------------------------------------------------------------
                         slack                                  0.140    

Slack (MET) :             0.141ns  (arrival time - required time)
  Source:                 student_top_inst/Core_cpu/curr_pc_id_reg[19]/C
                            (rising edge-triggered cell FDCE clocked by clk_out2_pll  {rise@0.000ns fall@10.000ns period=20.000ns})
  Destination:            student_top_inst/Core_cpu/pc_ex_reg[19]/D
                            (rising edge-triggered cell FDCE clocked by clk_out2_pll  {rise@0.000ns fall@10.000ns period=20.000ns})
  Path Group:             clk_out2_pll
  Path Type:              Hold (Min at Fast Process Corner)
  Requirement:            0.000ns  (clk_out2_pll rise@0.000ns - clk_out2_pll rise@0.000ns)
  Data Path Delay:        0.212ns  (logic 0.128ns (60.480%)  route 0.084ns (39.520%))
  Logic Levels:           1  (LUT2=1)
  Clock Path Skew:        0.011ns (DCD - SCD - CPR)
    Destination Clock Delay (DCD):    2.431ns
    Source Clock Delay      (SCD):    2.068ns
    Clock Pessimism Removal (CPR):    0.351ns

    Location             Delay type                Incr(ns)  Path(ns)    Netlist Resource(s)
  -------------------------------------------------------------------    -------------------
                         (clock clk_out2_pll rise edge)
                                                      0.000     0.000 r  
    AD12                                              0.000     0.000 r  i_sys_clk_p (IN)
                         net (fo=0)                   0.000     0.000    pll_inst/inst/clk_in1_p
    AD12                 IBUFDS (Prop_ibufds_I_O)     0.388     0.388 r  pll_inst/inst/clkin1_ibufgds/O
                         net (fo=1, routed)           1.083     1.471    pll_inst/inst/clk_in1_pll_buf
    BUFGCTRL_X0Y3        BUFG (Prop_bufg_I_O)         0.026     1.497 r  pll_inst/inst/clkin1_bufg1/O
                         net (fo=1, routed)           0.767     2.264    pll_inst/inst/clk_in1_pll
    PLLE2_ADV_X1Y0       PLLE2_ADV (Prop_plle2_adv_CLKIN1_CLKOUT1)
                                                     -1.938     0.326 r  pll_inst/inst/plle2_adv_inst/CLKOUT1
                         net (fo=1, routed)           1.145     1.471    pll_inst/inst/clk_out2_pll
    BUFGCTRL_X0Y0        BUFG (Prop_bufg_I_O)         0.026     1.497 r  pll_inst/inst/clkout2_buf/O
                         net (fo=34223, routed)       0.571     2.068    student_top_inst/Core_cpu/clk_out2
    SLICE_X29Y249        FDCE                                         r  student_top_inst/Core_cpu/curr_pc_id_reg[19]/C
  -------------------------------------------------------------------    -------------------
    SLICE_X29Y249        FDCE (Prop_fdce_C_Q)         0.100     2.168 r  student_top_inst/Core_cpu/curr_pc_id_reg[19]/Q
                         net (fo=1, routed)           0.084     2.252    student_top_inst/Core_cpu/curr_pc_id[19]
    SLICE_X28Y249        LUT2 (Prop_lut2_I1_O)        0.028     2.280 r  student_top_inst/Core_cpu/pc_ex[19]_i_1/O
                         net (fo=1, routed)           0.000     2.280    student_top_inst/Core_cpu/pc_ex[19]_i_1_n_0
    SLICE_X28Y249        FDCE                                         r  student_top_inst/Core_cpu/pc_ex_reg[19]/D
  -------------------------------------------------------------------    -------------------

                         (clock clk_out2_pll rise edge)
                                                      0.000     0.000 r  
    AD12                                              0.000     0.000 r  i_sys_clk_p (IN)
                         net (fo=0)                   0.000     0.000    pll_inst/inst/clk_in1_p
    AD12                 IBUFDS (Prop_ibufds_I_O)     0.470     0.470 r  pll_inst/inst/clkin1_ibufgds/O
                         net (fo=1, routed)           1.154     1.624    pll_inst/inst/clk_in1_pll_buf
    BUFGCTRL_X0Y3        BUFG (Prop_bufg_I_O)         0.030     1.654 r  pll_inst/inst/clkin1_bufg1/O
                         net (fo=1, routed)           1.037     2.691    pll_inst/inst/clk_in1_pll
    PLLE2_ADV_X1Y0       PLLE2_ADV (Prop_plle2_adv_CLKIN1_CLKOUT1)
                                                     -2.283     0.408 r  pll_inst/inst/plle2_adv_inst/CLKOUT1
                         net (fo=1, routed)           1.216     1.624    pll_inst/inst/clk_out2_pll
    BUFGCTRL_X0Y0        BUFG (Prop_bufg_I_O)         0.030     1.654 r  pll_inst/inst/clkout2_buf/O
                         net (fo=34223, routed)       0.777     2.431    student_top_inst/Core_cpu/clk_out2
    SLICE_X28Y249        FDCE                                         r  student_top_inst/Core_cpu/pc_ex_reg[19]/C
                         clock pessimism             -0.351     2.079    
    SLICE_X28Y249        FDCE (Hold_fdce_C_D)         0.060     2.139    student_top_inst/Core_cpu/pc_ex_reg[19]
  -------------------------------------------------------------------
                         required time                         -2.139    
                         arrival time                           2.280    
  -------------------------------------------------------------------
                         slack                                  0.141    

Slack (MET) :             0.141ns  (arrival time - required time)
  Source:                 student_top_inst/Core_cpu/dout_irom_reg_reg[18]/C
                            (rising edge-triggered cell FDCE clocked by clk_out2_pll  {rise@0.000ns fall@10.000ns period=20.000ns})
  Destination:            student_top_inst/Core_cpu/ins_reg[18]/D
                            (rising edge-triggered cell FDCE clocked by clk_out2_pll  {rise@0.000ns fall@10.000ns period=20.000ns})
  Path Group:             clk_out2_pll
  Path Type:              Hold (Min at Fast Process Corner)
  Requirement:            0.000ns  (clk_out2_pll rise@0.000ns - clk_out2_pll rise@0.000ns)
  Data Path Delay:        0.212ns  (logic 0.128ns (60.480%)  route 0.084ns (39.520%))
  Logic Levels:           1  (LUT5=1)
  Clock Path Skew:        0.011ns (DCD - SCD - CPR)
    Destination Clock Delay (DCD):    2.429ns
    Source Clock Delay      (SCD):    2.066ns
    Clock Pessimism Removal (CPR):    0.351ns

    Location             Delay type                Incr(ns)  Path(ns)    Netlist Resource(s)
  -------------------------------------------------------------------    -------------------
                         (clock clk_out2_pll rise edge)
                                                      0.000     0.000 r  
    AD12                                              0.000     0.000 r  i_sys_clk_p (IN)
                         net (fo=0)                   0.000     0.000    pll_inst/inst/clk_in1_p
    AD12                 IBUFDS (Prop_ibufds_I_O)     0.388     0.388 r  pll_inst/inst/clkin1_ibufgds/O
                         net (fo=1, routed)           1.083     1.471    pll_inst/inst/clk_in1_pll_buf
    BUFGCTRL_X0Y3        BUFG (Prop_bufg_I_O)         0.026     1.497 r  pll_inst/inst/clkin1_bufg1/O
                         net (fo=1, routed)           0.767     2.264    pll_inst/inst/clk_in1_pll
    PLLE2_ADV_X1Y0       PLLE2_ADV (Prop_plle2_adv_CLKIN1_CLKOUT1)
                                                     -1.938     0.326 r  pll_inst/inst/plle2_adv_inst/CLKOUT1
                         net (fo=1, routed)           1.145     1.471    pll_inst/inst/clk_out2_pll
    BUFGCTRL_X0Y0        BUFG (Prop_bufg_I_O)         0.026     1.497 r  pll_inst/inst/clkout2_buf/O
                         net (fo=34223, routed)       0.569     2.066    student_top_inst/Core_cpu/clk_out2
    SLICE_X31Y241        FDCE                                         r  student_top_inst/Core_cpu/dout_irom_reg_reg[18]/C
  -------------------------------------------------------------------    -------------------
    SLICE_X31Y241        FDCE (Prop_fdce_C_Q)         0.100     2.166 r  student_top_inst/Core_cpu/dout_irom_reg_reg[18]/Q
                         net (fo=1, routed)           0.084     2.250    student_top_inst/Core_cpu/dout_irom_reg[18]
    SLICE_X30Y241        LUT5 (Prop_lut5_I4_O)        0.028     2.278 r  student_top_inst/Core_cpu/ins[18]_i_1/O
                         net (fo=1, routed)           0.000     2.278    student_top_inst/Core_cpu/ins[18]_i_1_n_0
    SLICE_X30Y241        FDCE                                         r  student_top_inst/Core_cpu/ins_reg[18]/D
  -------------------------------------------------------------------    -------------------

                         (clock clk_out2_pll rise edge)
                                                      0.000     0.000 r  
    AD12                                              0.000     0.000 r  i_sys_clk_p (IN)
                         net (fo=0)                   0.000     0.000    pll_inst/inst/clk_in1_p
    AD12                 IBUFDS (Prop_ibufds_I_O)     0.470     0.470 r  pll_inst/inst/clkin1_ibufgds/O
                         net (fo=1, routed)           1.154     1.624    pll_inst/inst/clk_in1_pll_buf
    BUFGCTRL_X0Y3        BUFG (Prop_bufg_I_O)         0.030     1.654 r  pll_inst/inst/clkin1_bufg1/O
                         net (fo=1, routed)           1.037     2.691    pll_inst/inst/clk_in1_pll
    PLLE2_ADV_X1Y0       PLLE2_ADV (Prop_plle2_adv_CLKIN1_CLKOUT1)
                                                     -2.283     0.408 r  pll_inst/inst/plle2_adv_inst/CLKOUT1
                         net (fo=1, routed)           1.216     1.624    pll_inst/inst/clk_out2_pll
    BUFGCTRL_X0Y0        BUFG (Prop_bufg_I_O)         0.030     1.654 r  pll_inst/inst/clkout2_buf/O
                         net (fo=34223, routed)       0.775     2.429    student_top_inst/Core_cpu/clk_out2
    SLICE_X30Y241        FDCE                                         r  student_top_inst/Core_cpu/ins_reg[18]/C
                         clock pessimism             -0.351     2.077    
    SLICE_X30Y241        FDCE (Hold_fdce_C_D)         0.060     2.137    student_top_inst/Core_cpu/ins_reg[18]
  -------------------------------------------------------------------
                         required time                         -2.137    
                         arrival time                           2.278    
  -------------------------------------------------------------------
                         slack                                  0.141    

Slack (MET) :             0.142ns  (arrival time - required time)
  Source:                 student_top_inst/Core_cpu/dout_irom_reg_reg[19]/C
                            (rising edge-triggered cell FDCE clocked by clk_out2_pll  {rise@0.000ns fall@10.000ns period=20.000ns})
  Destination:            student_top_inst/Core_cpu/ins_reg[19]/D
                            (rising edge-triggered cell FDCE clocked by clk_out2_pll  {rise@0.000ns fall@10.000ns period=20.000ns})
  Path Group:             clk_out2_pll
  Path Type:              Hold (Min at Fast Process Corner)
  Requirement:            0.000ns  (clk_out2_pll rise@0.000ns - clk_out2_pll rise@0.000ns)
  Data Path Delay:        0.214ns  (logic 0.128ns (59.899%)  route 0.086ns (40.101%))
  Logic Levels:           1  (LUT5=1)
  Clock Path Skew:        0.011ns (DCD - SCD - CPR)
    Destination Clock Delay (DCD):    2.428ns
    Source Clock Delay      (SCD):    2.065ns
    Clock Pessimism Removal (CPR):    0.351ns

    Location             Delay type                Incr(ns)  Path(ns)    Netlist Resource(s)
  -------------------------------------------------------------------    -------------------
                         (clock clk_out2_pll rise edge)
                                                      0.000     0.000 r  
    AD12                                              0.000     0.000 r  i_sys_clk_p (IN)
                         net (fo=0)                   0.000     0.000    pll_inst/inst/clk_in1_p
    AD12                 IBUFDS (Prop_ibufds_I_O)     0.388     0.388 r  pll_inst/inst/clkin1_ibufgds/O
                         net (fo=1, routed)           1.083     1.471    pll_inst/inst/clk_in1_pll_buf
    BUFGCTRL_X0Y3        BUFG (Prop_bufg_I_O)         0.026     1.497 r  pll_inst/inst/clkin1_bufg1/O
                         net (fo=1, routed)           0.767     2.264    pll_inst/inst/clk_in1_pll
    PLLE2_ADV_X1Y0       PLLE2_ADV (Prop_plle2_adv_CLKIN1_CLKOUT1)
                                                     -1.938     0.326 r  pll_inst/inst/plle2_adv_inst/CLKOUT1
                         net (fo=1, routed)           1.145     1.471    pll_inst/inst/clk_out2_pll
    BUFGCTRL_X0Y0        BUFG (Prop_bufg_I_O)         0.026     1.497 r  pll_inst/inst/clkout2_buf/O
                         net (fo=34223, routed)       0.568     2.065    student_top_inst/Core_cpu/clk_out2
    SLICE_X29Y239        FDCE                                         r  student_top_inst/Core_cpu/dout_irom_reg_reg[19]/C
  -------------------------------------------------------------------    -------------------
    SLICE_X29Y239        FDCE (Prop_fdce_C_Q)         0.100     2.165 r  student_top_inst/Core_cpu/dout_irom_reg_reg[19]/Q
                         net (fo=1, routed)           0.086     2.251    student_top_inst/Core_cpu/dout_irom_reg[19]
    SLICE_X28Y239        LUT5 (Prop_lut5_I4_O)        0.028     2.279 r  student_top_inst/Core_cpu/ins[19]_i_1/O
                         net (fo=1, routed)           0.000     2.279    student_top_inst/Core_cpu/ins[19]_i_1_n_0
    SLICE_X28Y239        FDCE                                         r  student_top_inst/Core_cpu/ins_reg[19]/D
  -------------------------------------------------------------------    -------------------

                         (clock clk_out2_pll rise edge)
                                                      0.000     0.000 r  
    AD12                                              0.000     0.000 r  i_sys_clk_p (IN)
                         net (fo=0)                   0.000     0.000    pll_inst/inst/clk_in1_p
    AD12                 IBUFDS (Prop_ibufds_I_O)     0.470     0.470 r  pll_inst/inst/clkin1_ibufgds/O
                         net (fo=1, routed)           1.154     1.624    pll_inst/inst/clk_in1_pll_buf
    BUFGCTRL_X0Y3        BUFG (Prop_bufg_I_O)         0.030     1.654 r  pll_inst/inst/clkin1_bufg1/O
                         net (fo=1, routed)           1.037     2.691    pll_inst/inst/clk_in1_pll
    PLLE2_ADV_X1Y0       PLLE2_ADV (Prop_plle2_adv_CLKIN1_CLKOUT1)
                                                     -2.283     0.408 r  pll_inst/inst/plle2_adv_inst/CLKOUT1
                         net (fo=1, routed)           1.216     1.624    pll_inst/inst/clk_out2_pll
    BUFGCTRL_X0Y0        BUFG (Prop_bufg_I_O)         0.030     1.654 r  pll_inst/inst/clkout2_buf/O
                         net (fo=34223, routed)       0.774     2.428    student_top_inst/Core_cpu/clk_out2
    SLICE_X28Y239        FDCE                                         r  student_top_inst/Core_cpu/ins_reg[19]/C
                         clock pessimism             -0.351     2.076    
    SLICE_X28Y239        FDCE (Hold_fdce_C_D)         0.061     2.137    student_top_inst/Core_cpu/ins_reg[19]
  -------------------------------------------------------------------
                         required time                         -2.137    
                         arrival time                           2.279    
  -------------------------------------------------------------------
                         slack                                  0.142    

Slack (MET) :             0.143ns  (arrival time - required time)
  Source:                 student_top_inst/Core_cpu/dout_irom_reg_reg[8]/C
                            (rising edge-triggered cell FDCE clocked by clk_out2_pll  {rise@0.000ns fall@10.000ns period=20.000ns})
  Destination:            student_top_inst/Core_cpu/ins_reg[8]/D
                            (rising edge-triggered cell FDCE clocked by clk_out2_pll  {rise@0.000ns fall@10.000ns period=20.000ns})
  Path Group:             clk_out2_pll
  Path Type:              Hold (Min at Fast Process Corner)
  Requirement:            0.000ns  (clk_out2_pll rise@0.000ns - clk_out2_pll rise@0.000ns)
  Data Path Delay:        0.218ns  (logic 0.128ns (58.801%)  route 0.090ns (41.199%))
  Logic Levels:           1  (LUT5=1)
  Clock Path Skew:        0.014ns (DCD - SCD - CPR)
    Destination Clock Delay (DCD):    2.437ns
    Source Clock Delay      (SCD):    2.074ns
    Clock Pessimism Removal (CPR):    0.348ns

    Location             Delay type                Incr(ns)  Path(ns)    Netlist Resource(s)
  -------------------------------------------------------------------    -------------------
                         (clock clk_out2_pll rise edge)
                                                      0.000     0.000 r  
    AD12                                              0.000     0.000 r  i_sys_clk_p (IN)
                         net (fo=0)                   0.000     0.000    pll_inst/inst/clk_in1_p
    AD12                 IBUFDS (Prop_ibufds_I_O)     0.388     0.388 r  pll_inst/inst/clkin1_ibufgds/O
                         net (fo=1, routed)           1.083     1.471    pll_inst/inst/clk_in1_pll_buf
    BUFGCTRL_X0Y3        BUFG (Prop_bufg_I_O)         0.026     1.497 r  pll_inst/inst/clkin1_bufg1/O
                         net (fo=1, routed)           0.767     2.264    pll_inst/inst/clk_in1_pll
    PLLE2_ADV_X1Y0       PLLE2_ADV (Prop_plle2_adv_CLKIN1_CLKOUT1)
                                                     -1.938     0.326 r  pll_inst/inst/plle2_adv_inst/CLKOUT1
                         net (fo=1, routed)           1.145     1.471    pll_inst/inst/clk_out2_pll
    BUFGCTRL_X0Y0        BUFG (Prop_bufg_I_O)         0.026     1.497 r  pll_inst/inst/clkout2_buf/O
                         net (fo=34223, routed)       0.577     2.074    student_top_inst/Core_cpu/clk_out2
    SLICE_X13Y244        FDCE                                         r  student_top_inst/Core_cpu/dout_irom_reg_reg[8]/C
  -------------------------------------------------------------------    -------------------
    SLICE_X13Y244        FDCE (Prop_fdce_C_Q)         0.100     2.174 r  student_top_inst/Core_cpu/dout_irom_reg_reg[8]/Q
                         net (fo=1, routed)           0.090     2.264    student_top_inst/Core_cpu/dout_irom_reg[8]
    SLICE_X15Y244        LUT5 (Prop_lut5_I4_O)        0.028     2.292 r  student_top_inst/Core_cpu/ins[8]_i_1/O
                         net (fo=1, routed)           0.000     2.292    student_top_inst/Core_cpu/ins[8]_i_1_n_0
    SLICE_X15Y244        FDCE                                         r  student_top_inst/Core_cpu/ins_reg[8]/D
  -------------------------------------------------------------------    -------------------

                         (clock clk_out2_pll rise edge)
                                                      0.000     0.000 r  
    AD12                                              0.000     0.000 r  i_sys_clk_p (IN)
                         net (fo=0)                   0.000     0.000    pll_inst/inst/clk_in1_p
    AD12                 IBUFDS (Prop_ibufds_I_O)     0.470     0.470 r  pll_inst/inst/clkin1_ibufgds/O
                         net (fo=1, routed)           1.154     1.624    pll_inst/inst/clk_in1_pll_buf
    BUFGCTRL_X0Y3        BUFG (Prop_bufg_I_O)         0.030     1.654 r  pll_inst/inst/clkin1_bufg1/O
                         net (fo=1, routed)           1.037     2.691    pll_inst/inst/clk_in1_pll
    PLLE2_ADV_X1Y0       PLLE2_ADV (Prop_plle2_adv_CLKIN1_CLKOUT1)
                                                     -2.283     0.408 r  pll_inst/inst/plle2_adv_inst/CLKOUT1
                         net (fo=1, routed)           1.216     1.624    pll_inst/inst/clk_out2_pll
    BUFGCTRL_X0Y0        BUFG (Prop_bufg_I_O)         0.030     1.654 r  pll_inst/inst/clkout2_buf/O
                         net (fo=34223, routed)       0.783     2.437    student_top_inst/Core_cpu/clk_out2
    SLICE_X15Y244        FDCE                                         r  student_top_inst/Core_cpu/ins_reg[8]/C
                         clock pessimism             -0.348     2.088    
    SLICE_X15Y244        FDCE (Hold_fdce_C_D)         0.061     2.149    student_top_inst/Core_cpu/ins_reg[8]
  -------------------------------------------------------------------
                         required time                         -2.149    
                         arrival time                           2.292    
  -------------------------------------------------------------------
                         slack                                  0.143    

Slack (MET) :             0.144ns  (arrival time - required time)
  Source:                 student_top_inst/Core_cpu/dout_irom_reg_reg[12]/C
                            (rising edge-triggered cell FDCE clocked by clk_out2_pll  {rise@0.000ns fall@10.000ns period=20.000ns})
  Destination:            student_top_inst/Core_cpu/ins_reg[12]/D
                            (rising edge-triggered cell FDCE clocked by clk_out2_pll  {rise@0.000ns fall@10.000ns period=20.000ns})
  Path Group:             clk_out2_pll
  Path Type:              Hold (Min at Fast Process Corner)
  Requirement:            0.000ns  (clk_out2_pll rise@0.000ns - clk_out2_pll rise@0.000ns)
  Data Path Delay:        0.215ns  (logic 0.128ns (59.452%)  route 0.087ns (40.548%))
  Logic Levels:           1  (LUT5=1)
  Clock Path Skew:        0.011ns (DCD - SCD - CPR)
    Destination Clock Delay (DCD):    2.428ns
    Source Clock Delay      (SCD):    2.065ns
    Clock Pessimism Removal (CPR):    0.351ns

    Location             Delay type                Incr(ns)  Path(ns)    Netlist Resource(s)
  -------------------------------------------------------------------    -------------------
                         (clock clk_out2_pll rise edge)
                                                      0.000     0.000 r  
    AD12                                              0.000     0.000 r  i_sys_clk_p (IN)
                         net (fo=0)                   0.000     0.000    pll_inst/inst/clk_in1_p
    AD12                 IBUFDS (Prop_ibufds_I_O)     0.388     0.388 r  pll_inst/inst/clkin1_ibufgds/O
                         net (fo=1, routed)           1.083     1.471    pll_inst/inst/clk_in1_pll_buf
    BUFGCTRL_X0Y3        BUFG (Prop_bufg_I_O)         0.026     1.497 r  pll_inst/inst/clkin1_bufg1/O
                         net (fo=1, routed)           0.767     2.264    pll_inst/inst/clk_in1_pll
    PLLE2_ADV_X1Y0       PLLE2_ADV (Prop_plle2_adv_CLKIN1_CLKOUT1)
                                                     -1.938     0.326 r  pll_inst/inst/plle2_adv_inst/CLKOUT1
                         net (fo=1, routed)           1.145     1.471    pll_inst/inst/clk_out2_pll
    BUFGCTRL_X0Y0        BUFG (Prop_bufg_I_O)         0.026     1.497 r  pll_inst/inst/clkout2_buf/O
                         net (fo=34223, routed)       0.568     2.065    student_top_inst/Core_cpu/clk_out2
    SLICE_X29Y238        FDCE                                         r  student_top_inst/Core_cpu/dout_irom_reg_reg[12]/C
  -------------------------------------------------------------------    -------------------
    SLICE_X29Y238        FDCE (Prop_fdce_C_Q)         0.100     2.165 r  student_top_inst/Core_cpu/dout_irom_reg_reg[12]/Q
                         net (fo=1, routed)           0.087     2.253    student_top_inst/Core_cpu/dout_irom_reg[12]
    SLICE_X28Y238        LUT5 (Prop_lut5_I4_O)        0.028     2.281 r  student_top_inst/Core_cpu/ins[12]_i_1/O
                         net (fo=1, routed)           0.000     2.281    student_top_inst/Core_cpu/ins[12]_i_1_n_0
    SLICE_X28Y238        FDCE                                         r  student_top_inst/Core_cpu/ins_reg[12]/D
  -------------------------------------------------------------------    -------------------

                         (clock clk_out2_pll rise edge)
                                                      0.000     0.000 r  
    AD12                                              0.000     0.000 r  i_sys_clk_p (IN)
                         net (fo=0)                   0.000     0.000    pll_inst/inst/clk_in1_p
    AD12                 IBUFDS (Prop_ibufds_I_O)     0.470     0.470 r  pll_inst/inst/clkin1_ibufgds/O
                         net (fo=1, routed)           1.154     1.624    pll_inst/inst/clk_in1_pll_buf
    BUFGCTRL_X0Y3        BUFG (Prop_bufg_I_O)         0.030     1.654 r  pll_inst/inst/clkin1_bufg1/O
                         net (fo=1, routed)           1.037     2.691    pll_inst/inst/clk_in1_pll
    PLLE2_ADV_X1Y0       PLLE2_ADV (Prop_plle2_adv_CLKIN1_CLKOUT1)
                                                     -2.283     0.408 r  pll_inst/inst/plle2_adv_inst/CLKOUT1
                         net (fo=1, routed)           1.216     1.624    pll_inst/inst/clk_out2_pll
    BUFGCTRL_X0Y0        BUFG (Prop_bufg_I_O)         0.030     1.654 r  pll_inst/inst/clkout2_buf/O
                         net (fo=34223, routed)       0.774     2.428    student_top_inst/Core_cpu/clk_out2
    SLICE_X28Y238        FDCE                                         r  student_top_inst/Core_cpu/ins_reg[12]/C
                         clock pessimism             -0.351     2.076    
    SLICE_X28Y238        FDCE (Hold_fdce_C_D)         0.060     2.136    student_top_inst/Core_cpu/ins_reg[12]
  -------------------------------------------------------------------
                         required time                         -2.136    
                         arrival time                           2.281    
  -------------------------------------------------------------------
                         slack                                  0.144    





Pulse Width Checks
--------------------------------------------------------------------------------------
Clock Name:         clk_out2_pll
Waveform(ns):       { 0.000 10.000 }
Period(ns):         20.000
Sources:            { pll_inst/inst/plle2_adv_inst/CLKOUT1 }

Check Type        Corner  Lib Pin            Reference Pin  Required(ns)  Actual(ns)  Slack(ns)  Location        Pin
Min Period        n/a     BUFG/I             n/a            1.408         20.000      18.591     BUFGCTRL_X0Y0   pll_inst/inst/clkout2_buf/I
Min Period        n/a     PLLE2_ADV/CLKOUT1  n/a            1.071         20.000      18.929     PLLE2_ADV_X1Y0  pll_inst/inst/plle2_adv_inst/CLKOUT1
Min Period        n/a     FDCE/C             n/a            0.750         20.000      19.250     SLICE_X26Y241   student_top_inst/Core_cpu/alu_src_ex_reg_rep__0/C
Min Period        n/a     FDCE/C             n/a            0.750         20.000      19.250     SLICE_X24Y240   student_top_inst/Core_cpu/dout_irom_reg_reg[14]/C
Min Period        n/a     FDCE/C             n/a            0.750         20.000      19.250     SLICE_X21Y245   student_top_inst/Core_cpu/dout_irom_reg_reg[21]/C
Min Period        n/a     FDCE/C             n/a            0.750         20.000      19.250     SLICE_X24Y240   student_top_inst/Core_cpu/dout_irom_reg_reg[31]/C
Min Period        n/a     FDCE/C             n/a            0.750         20.000      19.250     SLICE_X24Y240   student_top_inst/Core_cpu/imm_ex_reg[11]/C
Min Period        n/a     FDCE/C             n/a            0.750         20.000      19.250     SLICE_X27Y242   student_top_inst/Core_cpu/imm_ex_reg[13]/C
Min Period        n/a     FDCE/C             n/a            0.750         20.000      19.250     SLICE_X27Y243   student_top_inst/Core_cpu/imm_ex_reg[15]/C
Min Period        n/a     FDCE/C             n/a            0.750         20.000      19.250     SLICE_X26Y243   student_top_inst/Core_cpu/imm_ex_reg[17]/C
Max Period        n/a     PLLE2_ADV/CLKOUT1  n/a            160.000       20.000      140.000    PLLE2_ADV_X1Y0  pll_inst/inst/plle2_adv_inst/CLKOUT1
Low Pulse Width   Slow    RAMS64E/CLK        n/a            0.768         10.000      9.232      SLICE_X66Y211   top/student_top/perip_bridge/dram/DRAM1/<hidden>/<hidden>/<hidden>/<hidden>
Low Pulse Width   Fast    RAMS64E/CLK        n/a            0.768         10.000      9.232      SLICE_X66Y211   top/student_top/perip_bridge/dram/DRAM1/<hidden>/<hidden>/<hidden>/<hidden>
Low Pulse Width   Slow    RAMS64E/CLK        n/a            0.768         10.000      9.232      SLICE_X66Y211   top/student_top/perip_bridge/dram/DRAM1/<hidden>/<hidden>/<hidden>/<hidden>
Low Pulse Width   Fast    RAMS64E/CLK        n/a            0.768         10.000      9.232      SLICE_X66Y211   top/student_top/perip_bridge/dram/DRAM1/<hidden>/<hidden>/<hidden>/<hidden>
Low Pulse Width   Slow    RAMS64E/CLK        n/a            0.768         10.000      9.232      SLICE_X66Y211   top/student_top/perip_bridge/dram/DRAM1/<hidden>/<hidden>/<hidden>/<hidden>
Low Pulse Width   Fast    RAMS64E/CLK        n/a            0.768         10.000      9.232      SLICE_X66Y211   top/student_top/perip_bridge/dram/DRAM1/<hidden>/<hidden>/<hidden>/<hidden>
Low Pulse Width   Slow    RAMS64E/CLK        n/a            0.768         10.000      9.232      SLICE_X66Y211   top/student_top/perip_bridge/dram/DRAM1/<hidden>/<hidden>/<hidden>/<hidden>
Low Pulse Width   Fast    RAMS64E/CLK        n/a            0.768         10.000      9.232      SLICE_X66Y211   top/student_top/perip_bridge/dram/DRAM1/<hidden>/<hidden>/<hidden>/<hidden>
Low Pulse Width   Slow    RAMS64E/CLK        n/a            0.768         10.000      9.232      SLICE_X102Y206  top/student_top/perip_bridge/dram/DRAM1/<hidden>/<hidden>/<hidden>/<hidden>
Low Pulse Width   Fast    RAMS64E/CLK        n/a            0.768         10.000      9.232      SLICE_X102Y206  top/student_top/perip_bridge/dram/DRAM1/<hidden>/<hidden>/<hidden>/<hidden>
High Pulse Width  Slow    RAMS64E/CLK        n/a            0.768         10.000      9.232      SLICE_X66Y211   top/student_top/perip_bridge/dram/DRAM1/<hidden>/<hidden>/<hidden>/<hidden>
High Pulse Width  Fast    RAMS64E/CLK        n/a            0.768         10.000      9.232      SLICE_X66Y211   top/student_top/perip_bridge/dram/DRAM1/<hidden>/<hidden>/<hidden>/<hidden>
High Pulse Width  Slow    RAMS64E/CLK        n/a            0.768         10.000      9.232      SLICE_X66Y211   top/student_top/perip_bridge/dram/DRAM1/<hidden>/<hidden>/<hidden>/<hidden>
High Pulse Width  Fast    RAMS64E/CLK        n/a            0.768         10.000      9.232      SLICE_X66Y211   top/student_top/perip_bridge/dram/DRAM1/<hidden>/<hidden>/<hidden>/<hidden>
High Pulse Width  Slow    RAMS64E/CLK        n/a            0.768         10.000      9.232      SLICE_X66Y211   top/student_top/perip_bridge/dram/DRAM1/<hidden>/<hidden>/<hidden>/<hidden>
High Pulse Width  Fast    RAMS64E/CLK        n/a            0.768         10.000      9.232      SLICE_X66Y211   top/student_top/perip_bridge/dram/DRAM1/<hidden>/<hidden>/<hidden>/<hidden>
High Pulse Width  Slow    RAMS64E/CLK        n/a            0.768         10.000      9.232      SLICE_X66Y211   top/student_top/perip_bridge/dram/DRAM1/<hidden>/<hidden>/<hidden>/<hidden>
High Pulse Width  Fast    RAMS64E/CLK        n/a            0.768         10.000      9.232      SLICE_X66Y211   top/student_top/perip_bridge/dram/DRAM1/<hidden>/<hidden>/<hidden>/<hidden>
High Pulse Width  Slow    RAMS64E/CLK        n/a            0.768         10.000      9.232      SLICE_X102Y206  top/student_top/perip_bridge/dram/DRAM1/<hidden>/<hidden>/<hidden>/<hidden>
High Pulse Width  Fast    RAMS64E/CLK        n/a            0.768         10.000      9.232      SLICE_X102Y206  top/student_top/perip_bridge/dram/DRAM1/<hidden>/<hidden>/<hidden>/<hidden>



---------------------------------------------------------------------------------------------------
From Clock:  clkfbout_pll
  To Clock:  clkfbout_pll

Setup :           NA  Failing Endpoints,  Worst Slack           NA  ,  Total Violation           NA
Hold  :           NA  Failing Endpoints,  Worst Slack           NA  ,  Total Violation           NA
PW    :            0  Failing Endpoints,  Worst Slack       18.591ns,  Total Violation        0.000ns
---------------------------------------------------------------------------------------------------


Pulse Width Checks
--------------------------------------------------------------------------------------
Clock Name:         clkfbout_pll
Waveform(ns):       { 0.000 10.000 }
Period(ns):         20.000
Sources:            { pll_inst/inst/plle2_adv_inst/CLKFBOUT }

Check Type  Corner  Lib Pin             Reference Pin  Required(ns)  Actual(ns)  Slack(ns)  Location        Pin
Min Period  n/a     BUFG/I              n/a            1.408         20.000      18.591     BUFGCTRL_X0Y2   pll_inst/inst/clkf_buf/I
Min Period  n/a     PLLE2_ADV/CLKFBOUT  n/a            1.071         20.000      18.929     PLLE2_ADV_X1Y0  pll_inst/inst/plle2_adv_inst/CLKFBOUT
Min Period  n/a     PLLE2_ADV/CLKFBIN   n/a            1.071         20.000      18.929     PLLE2_ADV_X1Y0  pll_inst/inst/plle2_adv_inst/CLKFBIN
Max Period  n/a     PLLE2_ADV/CLKFBIN   n/a            52.633        20.000      32.633     PLLE2_ADV_X1Y0  pll_inst/inst/plle2_adv_inst/CLKFBIN
Max Period  n/a     PLLE2_ADV/CLKFBOUT  n/a            160.000       20.000      140.000    PLLE2_ADV_X1Y0  pll_inst/inst/plle2_adv_inst/CLKFBOUT



---------------------------------------------------------------------------------------------------
From Clock:  clk_out2_pll
  To Clock:  clk_out1_pll

Setup :            0  Failing Endpoints,  Worst Slack       12.952ns,  Total Violation        0.000ns
Hold  :            0  Failing Endpoints,  Worst Slack        0.140ns,  Total Violation        0.000ns
---------------------------------------------------------------------------------------------------


Max Delay Paths
--------------------------------------------------------------------------------------
Slack (MET) :             12.952ns  (required time - arrival time)
  Source:                 student_top_inst/Core_cpu/b_ex_reg[0]/C
                            (rising edge-triggered cell FDCE clocked by clk_out2_pll  {rise@0.000ns fall@10.000ns period=20.000ns})
  Destination:            student_top_inst/bridge_inst/counter_inst/start_reg/D
                            (rising edge-triggered cell FDRE clocked by clk_out1_pll  {rise@0.000ns fall@10.000ns period=20.000ns})
  Path Group:             clk_out1_pll
  Path Type:              Setup (Max at Slow Process Corner)
  Requirement:            20.000ns  (clk_out1_pll rise@20.000ns - clk_out2_pll rise@0.000ns)
  Data Path Delay:        6.534ns  (logic 0.669ns (10.239%)  route 5.865ns (89.761%))
  Logic Levels:           8  (LUT3=1 LUT4=1 LUT5=2 LUT6=4)
  Clock Path Skew:        -0.323ns (DCD - SCD + CPR)
    Destination Clock Delay (DCD):    4.329ns = ( 24.329 - 20.000 ) 
    Source Clock Delay      (SCD):    4.748ns
    Clock Pessimism Removal (CPR):    0.095ns
  Clock Uncertainty:      0.225ns  ((TSJ^2 + DJ^2)^1/2) / 2 + PE
    Total System Jitter     (TSJ):    0.071ns
    Discrete Jitter          (DJ):    0.198ns
    Phase Error              (PE):    0.120ns

    Location             Delay type                Incr(ns)  Path(ns)    Netlist Resource(s)
  -------------------------------------------------------------------    -------------------
                         (clock clk_out2_pll rise edge)
                                                      0.000     0.000 r  
    AD12                                              0.000     0.000 r  i_sys_clk_p (IN)
                         net (fo=0)                   0.000     0.000    pll_inst/inst/clk_in1_p
    AD12                 IBUFDS (Prop_ibufds_I_O)     0.906     0.906 r  pll_inst/inst/clkin1_ibufgds/O
                         net (fo=1, routed)           2.299     3.205    pll_inst/inst/clk_in1_pll_buf
    BUFGCTRL_X0Y3        BUFG (Prop_bufg_I_O)         0.093     3.298 r  pll_inst/inst/clkin1_bufg1/O
                         net (fo=1, routed)           1.959     5.257    pll_inst/inst/clk_in1_pll
    PLLE2_ADV_X1Y0       PLLE2_ADV (Prop_plle2_adv_CLKIN1_CLKOUT1)
                                                     -4.519     0.738 r  pll_inst/inst/plle2_adv_inst/CLKOUT1
                         net (fo=1, routed)           2.467     3.205    pll_inst/inst/clk_out2_pll
    BUFGCTRL_X0Y0        BUFG (Prop_bufg_I_O)         0.093     3.298 r  pll_inst/inst/clkout2_buf/O
                         net (fo=34223, routed)       1.450     4.748    student_top_inst/Core_cpu/clk_out2
    SLICE_X21Y253        FDCE                                         r  student_top_inst/Core_cpu/b_ex_reg[0]/C
  -------------------------------------------------------------------    -------------------
    SLICE_X21Y253        FDCE (Prop_fdce_C_Q)         0.223     4.971 f  student_top_inst/Core_cpu/b_ex_reg[0]/Q
                         net (fo=13, routed)          0.978     5.949    student_top_inst/Core_cpu/b_ex[0]
    SLICE_X31Y241        LUT3 (Prop_lut3_I2_O)        0.043     5.992 f  student_top_inst/Core_cpu/Mem_DRAM_i_139/O
                         net (fo=36, routed)          0.685     6.677    student_top_inst/Core_cpu/Mem_DRAM_i_139_n_0
    SLICE_X48Y242        LUT5 (Prop_lut5_I4_O)        0.052     6.729 f  student_top_inst/Core_cpu/Mem_DRAM_i_97/O
                         net (fo=30, routed)          0.789     7.518    student_top_inst/Core_cpu/Mem_DRAM_i_97_n_0
    SLICE_X48Y238        LUT4 (Prop_lut4_I1_O)        0.136     7.654 f  student_top_inst/Core_cpu/Mem_DRAM_i_71/O
                         net (fo=1, routed)           0.360     8.014    student_top_inst/Core_cpu/Mem_DRAM_i_71_n_0
    SLICE_X48Y238        LUT6 (Prop_lut6_I0_O)        0.043     8.057 f  student_top_inst/Core_cpu/Mem_DRAM_i_8/O
                         net (fo=6317, routed)        1.612     9.669    student_top_inst/Core_cpu/alu_op_ex_reg[3]_0[5]
    SLICE_X34Y253        LUT6 (Prop_lut6_I0_O)        0.043     9.712 f  student_top_inst/Core_cpu/seg_wdata[31]_i_10/O
                         net (fo=2, routed)           0.367    10.079    student_top_inst/Core_cpu/seg_wdata[31]_i_10_n_0
    SLICE_X34Y253        LUT5 (Prop_lut5_I2_O)        0.043    10.122 f  student_top_inst/Core_cpu/load_data_out[31]_i_9/O
                         net (fo=8, routed)           0.782    10.904    student_top_inst/Core_cpu/load_data_out[31]_i_9_n_0
    SLICE_X31Y263        LUT6 (Prop_lut6_I2_O)        0.043    10.947 r  student_top_inst/Core_cpu/start_i_4/O
                         net (fo=1, routed)           0.292    11.238    student_top_inst/Core_cpu/bridge_inst/counter_inst/start01_out
    SLICE_X31Y263        LUT6 (Prop_lut6_I4_O)        0.043    11.281 r  student_top_inst/Core_cpu/start_i_1/O
                         net (fo=1, routed)           0.000    11.281    student_top_inst/bridge_inst/counter_inst/start_reg_0
    SLICE_X31Y263        FDRE                                         r  student_top_inst/bridge_inst/counter_inst/start_reg/D
  -------------------------------------------------------------------    -------------------

                         (clock clk_out1_pll rise edge)
                                                     20.000    20.000 r  
    AD12                                              0.000    20.000 r  i_sys_clk_p (IN)
                         net (fo=0)                   0.000    20.000    pll_inst/inst/clk_in1_p
    AD12                 IBUFDS (Prop_ibufds_I_O)     0.803    20.803 r  pll_inst/inst/clkin1_ibufgds/O
                         net (fo=1, routed)           2.173    22.976    pll_inst/inst/clk_in1_pll_buf
    BUFGCTRL_X0Y3        BUFG (Prop_bufg_I_O)         0.083    23.059 r  pll_inst/inst/clkin1_bufg1/O
                         net (fo=1, routed)           1.796    24.855    pll_inst/inst/clk_in1_pll
    PLLE2_ADV_X1Y0       PLLE2_ADV (Prop_plle2_adv_CLKIN1_CLKOUT0)
                                                     -4.213    20.642 r  pll_inst/inst/plle2_adv_inst/CLKOUT0
                         net (fo=1, routed)           2.334    22.976    pll_inst/inst/clk_out1_pll
    BUFGCTRL_X0Y1        BUFG (Prop_bufg_I_O)         0.083    23.059 r  pll_inst/inst/clkout1_buf/O
                         net (fo=353, routed)         1.270    24.329    student_top_inst/bridge_inst/counter_inst/clk_out1
    SLICE_X31Y263        FDRE                                         r  student_top_inst/bridge_inst/counter_inst/start_reg/C
                         clock pessimism              0.095    24.425    
                         clock uncertainty           -0.225    24.199    
    SLICE_X31Y263        FDRE (Setup_fdre_C_D)        0.034    24.233    student_top_inst/bridge_inst/counter_inst/start_reg
  -------------------------------------------------------------------
                         required time                         24.233    
                         arrival time                         -11.281    
  -------------------------------------------------------------------
                         slack                                 12.952    

Slack (MET) :             14.076ns  (required time - arrival time)
  Source:                 student_top_inst/bridge_inst/seg_driver/count_reg[4]/C
                            (rising edge-triggered cell FDCE clocked by clk_out2_pll  {rise@0.000ns fall@10.000ns period=20.000ns})
  Destination:            twin_controller_inst/status_buffer_reg[1][1]/D
                            (rising edge-triggered cell FDCE clocked by clk_out1_pll  {rise@0.000ns fall@10.000ns period=20.000ns})
  Path Group:             clk_out1_pll
  Path Type:              Setup (Max at Slow Process Corner)
  Requirement:            20.000ns  (clk_out1_pll rise@20.000ns - clk_out2_pll rise@0.000ns)
  Data Path Delay:        5.526ns  (logic 0.327ns (5.918%)  route 5.199ns (94.082%))
  Logic Levels:           1  (LUT1=1)
  Clock Path Skew:        -0.163ns (DCD - SCD + CPR)
    Destination Clock Delay (DCD):    4.326ns = ( 24.326 - 20.000 ) 
    Source Clock Delay      (SCD):    4.585ns
    Clock Pessimism Removal (CPR):    0.095ns
  Clock Uncertainty:      0.225ns  ((TSJ^2 + DJ^2)^1/2) / 2 + PE
    Total System Jitter     (TSJ):    0.071ns
    Discrete Jitter          (DJ):    0.198ns
    Phase Error              (PE):    0.120ns

    Location             Delay type                Incr(ns)  Path(ns)    Netlist Resource(s)
  -------------------------------------------------------------------    -------------------
                         (clock clk_out2_pll rise edge)
                                                      0.000     0.000 r  
    AD12                                              0.000     0.000 r  i_sys_clk_p (IN)
                         net (fo=0)                   0.000     0.000    pll_inst/inst/clk_in1_p
    AD12                 IBUFDS (Prop_ibufds_I_O)     0.906     0.906 r  pll_inst/inst/clkin1_ibufgds/O
                         net (fo=1, routed)           2.299     3.205    pll_inst/inst/clk_in1_pll_buf
    BUFGCTRL_X0Y3        BUFG (Prop_bufg_I_O)         0.093     3.298 r  pll_inst/inst/clkin1_bufg1/O
                         net (fo=1, routed)           1.959     5.257    pll_inst/inst/clk_in1_pll
    PLLE2_ADV_X1Y0       PLLE2_ADV (Prop_plle2_adv_CLKIN1_CLKOUT1)
                                                     -4.519     0.738 r  pll_inst/inst/plle2_adv_inst/CLKOUT1
                         net (fo=1, routed)           2.467     3.205    pll_inst/inst/clk_out2_pll
    BUFGCTRL_X0Y0        BUFG (Prop_bufg_I_O)         0.093     3.298 r  pll_inst/inst/clkout2_buf/O
                         net (fo=34223, routed)       1.287     4.585    student_top_inst/bridge_inst/seg_driver/clk_out2
    SLICE_X23Y241        FDCE                                         r  student_top_inst/bridge_inst/seg_driver/count_reg[4]/C
  -------------------------------------------------------------------    -------------------
    SLICE_X23Y241        FDCE (Prop_fdce_C_Q)         0.204     4.789 f  student_top_inst/bridge_inst/seg_driver/count_reg[4]/Q
                         net (fo=47, routed)          2.449     7.238    student_top_inst/bridge_inst/seg_driver/Q[0]
    SLICE_X0Y170         LUT1 (Prop_lut1_I0_O)        0.123     7.361 r  student_top_inst/bridge_inst/seg_driver/virtual_seg_OBUF[39]_inst_i_1/O
                         net (fo=5, routed)           2.749    10.110    twin_controller_inst/virtual_seg_OBUF[8]
    SLICE_X27Y267        FDCE                                         r  twin_controller_inst/status_buffer_reg[1][1]/D
  -------------------------------------------------------------------    -------------------

                         (clock clk_out1_pll rise edge)
                                                     20.000    20.000 r  
    AD12                                              0.000    20.000 r  i_sys_clk_p (IN)
                         net (fo=0)                   0.000    20.000    pll_inst/inst/clk_in1_p
    AD12                 IBUFDS (Prop_ibufds_I_O)     0.803    20.803 r  pll_inst/inst/clkin1_ibufgds/O
                         net (fo=1, routed)           2.173    22.976    pll_inst/inst/clk_in1_pll_buf
    BUFGCTRL_X0Y3        BUFG (Prop_bufg_I_O)         0.083    23.059 r  pll_inst/inst/clkin1_bufg1/O
                         net (fo=1, routed)           1.796    24.855    pll_inst/inst/clk_in1_pll
    PLLE2_ADV_X1Y0       PLLE2_ADV (Prop_plle2_adv_CLKIN1_CLKOUT0)
                                                     -4.213    20.642 r  pll_inst/inst/plle2_adv_inst/CLKOUT0
                         net (fo=1, routed)           2.334    22.976    pll_inst/inst/clk_out1_pll
    BUFGCTRL_X0Y1        BUFG (Prop_bufg_I_O)         0.083    23.059 r  pll_inst/inst/clkout1_buf/O
                         net (fo=353, routed)         1.267    24.326    twin_controller_inst/CLK
    SLICE_X27Y267        FDCE                                         r  twin_controller_inst/status_buffer_reg[1][1]/C
                         clock pessimism              0.095    24.422    
                         clock uncertainty           -0.225    24.196    
    SLICE_X27Y267        FDCE (Setup_fdce_C_D)       -0.010    24.186    twin_controller_inst/status_buffer_reg[1][1]
  -------------------------------------------------------------------
                         required time                         24.186    
                         arrival time                         -10.110    
  -------------------------------------------------------------------
                         slack                                 14.076    

Slack (MET) :             15.237ns  (required time - arrival time)
  Source:                 student_top_inst/bridge_inst/seg_driver/count_reg[4]/C
                            (rising edge-triggered cell FDCE clocked by clk_out2_pll  {rise@0.000ns fall@10.000ns period=20.000ns})
  Destination:            twin_controller_inst/status_buffer_reg[0][1]/D
                            (rising edge-triggered cell FDCE clocked by clk_out1_pll  {rise@0.000ns fall@10.000ns period=20.000ns})
  Path Group:             clk_out1_pll
  Path Type:              Setup (Max at Slow Process Corner)
  Requirement:            20.000ns  (clk_out1_pll rise@20.000ns - clk_out2_pll rise@0.000ns)
  Data Path Delay:        4.359ns  (logic 0.370ns (8.489%)  route 3.989ns (91.511%))
  Logic Levels:           2  (LUT3=1 LUT6=1)
  Clock Path Skew:        -0.169ns (DCD - SCD + CPR)
    Destination Clock Delay (DCD):    4.320ns = ( 24.320 - 20.000 ) 
    Source Clock Delay      (SCD):    4.585ns
    Clock Pessimism Removal (CPR):    0.095ns
  Clock Uncertainty:      0.225ns  ((TSJ^2 + DJ^2)^1/2) / 2 + PE
    Total System Jitter     (TSJ):    0.071ns
    Discrete Jitter          (DJ):    0.198ns
    Phase Error              (PE):    0.120ns

    Location             Delay type                Incr(ns)  Path(ns)    Netlist Resource(s)
  -------------------------------------------------------------------    -------------------
                         (clock clk_out2_pll rise edge)
                                                      0.000     0.000 r  
    AD12                                              0.000     0.000 r  i_sys_clk_p (IN)
                         net (fo=0)                   0.000     0.000    pll_inst/inst/clk_in1_p
    AD12                 IBUFDS (Prop_ibufds_I_O)     0.906     0.906 r  pll_inst/inst/clkin1_ibufgds/O
                         net (fo=1, routed)           2.299     3.205    pll_inst/inst/clk_in1_pll_buf
    BUFGCTRL_X0Y3        BUFG (Prop_bufg_I_O)         0.093     3.298 r  pll_inst/inst/clkin1_bufg1/O
                         net (fo=1, routed)           1.959     5.257    pll_inst/inst/clk_in1_pll
    PLLE2_ADV_X1Y0       PLLE2_ADV (Prop_plle2_adv_CLKIN1_CLKOUT1)
                                                     -4.519     0.738 r  pll_inst/inst/plle2_adv_inst/CLKOUT1
                         net (fo=1, routed)           2.467     3.205    pll_inst/inst/clk_out2_pll
    BUFGCTRL_X0Y0        BUFG (Prop_bufg_I_O)         0.093     3.298 r  pll_inst/inst/clkout2_buf/O
                         net (fo=34223, routed)       1.287     4.585    student_top_inst/bridge_inst/seg_driver/clk_out2
    SLICE_X23Y241        FDCE                                         r  student_top_inst/bridge_inst/seg_driver/count_reg[4]/C
  -------------------------------------------------------------------    -------------------
    SLICE_X23Y241        FDCE (Prop_fdce_C_Q)         0.204     4.789 r  student_top_inst/bridge_inst/seg_driver/count_reg[4]/Q
                         net (fo=47, routed)          2.320     7.109    student_top_inst/bridge_inst/seg_driver/Q[0]
    SLICE_X32Y274        LUT3 (Prop_lut3_I1_O)        0.123     7.232 r  student_top_inst/bridge_inst/seg_driver/virtual_seg_OBUF[6]_inst_i_2/O
                         net (fo=7, routed)           0.745     7.977    student_top_inst/bridge_inst/seg_driver/virtual_seg_OBUF[6]_inst_i_2_n_0
    SLICE_X32Y277        LUT6 (Prop_lut6_I4_O)        0.043     8.020 r  student_top_inst/bridge_inst/seg_driver/virtual_seg_OBUF[1]_inst_i_1/O
                         net (fo=2, routed)           0.923     8.943    twin_controller_inst/virtual_seg_OBUF[1]
    SLICE_X29Y272        FDCE                                         r  twin_controller_inst/status_buffer_reg[0][1]/D
  -------------------------------------------------------------------    -------------------

                         (clock clk_out1_pll rise edge)
                                                     20.000    20.000 r  
    AD12                                              0.000    20.000 r  i_sys_clk_p (IN)
                         net (fo=0)                   0.000    20.000    pll_inst/inst/clk_in1_p
    AD12                 IBUFDS (Prop_ibufds_I_O)     0.803    20.803 r  pll_inst/inst/clkin1_ibufgds/O
                         net (fo=1, routed)           2.173    22.976    pll_inst/inst/clk_in1_pll_buf
    BUFGCTRL_X0Y3        BUFG (Prop_bufg_I_O)         0.083    23.059 r  pll_inst/inst/clkin1_bufg1/O
                         net (fo=1, routed)           1.796    24.855    pll_inst/inst/clk_in1_pll
    PLLE2_ADV_X1Y0       PLLE2_ADV (Prop_plle2_adv_CLKIN1_CLKOUT0)
                                                     -4.213    20.642 r  pll_inst/inst/plle2_adv_inst/CLKOUT0
                         net (fo=1, routed)           2.334    22.976    pll_inst/inst/clk_out1_pll
    BUFGCTRL_X0Y1        BUFG (Prop_bufg_I_O)         0.083    23.059 r  pll_inst/inst/clkout1_buf/O
                         net (fo=353, routed)         1.261    24.320    twin_controller_inst/CLK
    SLICE_X29Y272        FDCE                                         r  twin_controller_inst/status_buffer_reg[0][1]/C
                         clock pessimism              0.095    24.416    
                         clock uncertainty           -0.225    24.190    
    SLICE_X29Y272        FDCE (Setup_fdce_C_D)       -0.010    24.180    twin_controller_inst/status_buffer_reg[0][1]
  -------------------------------------------------------------------
                         required time                         24.180    
                         arrival time                          -8.943    
  -------------------------------------------------------------------
                         slack                                 15.237    

Slack (MET) :             15.306ns  (required time - arrival time)
  Source:                 student_top_inst/bridge_inst/seg_driver/count_reg[4]/C
                            (rising edge-triggered cell FDCE clocked by clk_out2_pll  {rise@0.000ns fall@10.000ns period=20.000ns})
  Destination:            twin_controller_inst/status_buffer_reg[0][0]/D
                            (rising edge-triggered cell FDCE clocked by clk_out1_pll  {rise@0.000ns fall@10.000ns period=20.000ns})
  Path Group:             clk_out1_pll
  Path Type:              Setup (Max at Slow Process Corner)
  Requirement:            20.000ns  (clk_out1_pll rise@20.000ns - clk_out2_pll rise@0.000ns)
  Data Path Delay:        4.292ns  (logic 0.475ns (11.066%)  route 3.817ns (88.934%))
  Logic Levels:           2  (LUT3=1 LUT6=1)
  Clock Path Skew:        -0.169ns (DCD - SCD + CPR)
    Destination Clock Delay (DCD):    4.320ns = ( 24.320 - 20.000 ) 
    Source Clock Delay      (SCD):    4.585ns
    Clock Pessimism Removal (CPR):    0.095ns
  Clock Uncertainty:      0.225ns  ((TSJ^2 + DJ^2)^1/2) / 2 + PE
    Total System Jitter     (TSJ):    0.071ns
    Discrete Jitter          (DJ):    0.198ns
    Phase Error              (PE):    0.120ns

    Location             Delay type                Incr(ns)  Path(ns)    Netlist Resource(s)
  -------------------------------------------------------------------    -------------------
                         (clock clk_out2_pll rise edge)
                                                      0.000     0.000 r  
    AD12                                              0.000     0.000 r  i_sys_clk_p (IN)
                         net (fo=0)                   0.000     0.000    pll_inst/inst/clk_in1_p
    AD12                 IBUFDS (Prop_ibufds_I_O)     0.906     0.906 r  pll_inst/inst/clkin1_ibufgds/O
                         net (fo=1, routed)           2.299     3.205    pll_inst/inst/clk_in1_pll_buf
    BUFGCTRL_X0Y3        BUFG (Prop_bufg_I_O)         0.093     3.298 r  pll_inst/inst/clkin1_bufg1/O
                         net (fo=1, routed)           1.959     5.257    pll_inst/inst/clk_in1_pll
    PLLE2_ADV_X1Y0       PLLE2_ADV (Prop_plle2_adv_CLKIN1_CLKOUT1)
                                                     -4.519     0.738 r  pll_inst/inst/plle2_adv_inst/CLKOUT1
                         net (fo=1, routed)           2.467     3.205    pll_inst/inst/clk_out2_pll
    BUFGCTRL_X0Y0        BUFG (Prop_bufg_I_O)         0.093     3.298 r  pll_inst/inst/clkout2_buf/O
                         net (fo=34223, routed)       1.287     4.585    student_top_inst/bridge_inst/seg_driver/clk_out2
    SLICE_X23Y241        FDCE                                         r  student_top_inst/bridge_inst/seg_driver/count_reg[4]/C
  -------------------------------------------------------------------    -------------------
    SLICE_X23Y241        FDCE (Prop_fdce_C_Q)         0.204     4.789 r  student_top_inst/bridge_inst/seg_driver/count_reg[4]/Q
                         net (fo=47, routed)          2.320     7.109    student_top_inst/bridge_inst/seg_driver/Q[0]
    SLICE_X32Y274        LUT3 (Prop_lut3_I1_O)        0.134     7.243 r  student_top_inst/bridge_inst/seg_driver/virtual_seg_OBUF[6]_inst_i_4/O
                         net (fo=7, routed)           0.800     8.043    student_top_inst/bridge_inst/seg_driver/virtual_seg_OBUF[6]_inst_i_4_n_0
    SLICE_X32Y276        LUT6 (Prop_lut6_I5_O)        0.137     8.180 r  student_top_inst/bridge_inst/seg_driver/virtual_seg_OBUF[0]_inst_i_1/O
                         net (fo=2, routed)           0.697     8.877    twin_controller_inst/virtual_seg_OBUF[0]
    SLICE_X29Y272        FDCE                                         r  twin_controller_inst/status_buffer_reg[0][0]/D
  -------------------------------------------------------------------    -------------------

                         (clock clk_out1_pll rise edge)
                                                     20.000    20.000 r  
    AD12                                              0.000    20.000 r  i_sys_clk_p (IN)
                         net (fo=0)                   0.000    20.000    pll_inst/inst/clk_in1_p
    AD12                 IBUFDS (Prop_ibufds_I_O)     0.803    20.803 r  pll_inst/inst/clkin1_ibufgds/O
                         net (fo=1, routed)           2.173    22.976    pll_inst/inst/clk_in1_pll_buf
    BUFGCTRL_X0Y3        BUFG (Prop_bufg_I_O)         0.083    23.059 r  pll_inst/inst/clkin1_bufg1/O
                         net (fo=1, routed)           1.796    24.855    pll_inst/inst/clk_in1_pll
    PLLE2_ADV_X1Y0       PLLE2_ADV (Prop_plle2_adv_CLKIN1_CLKOUT0)
                                                     -4.213    20.642 r  pll_inst/inst/plle2_adv_inst/CLKOUT0
                         net (fo=1, routed)           2.334    22.976    pll_inst/inst/clk_out1_pll
    BUFGCTRL_X0Y1        BUFG (Prop_bufg_I_O)         0.083    23.059 r  pll_inst/inst/clkout1_buf/O
                         net (fo=353, routed)         1.261    24.320    twin_controller_inst/CLK
    SLICE_X29Y272        FDCE                                         r  twin_controller_inst/status_buffer_reg[0][0]/C
                         clock pessimism              0.095    24.416    
                         clock uncertainty           -0.225    24.190    
    SLICE_X29Y272        FDCE (Setup_fdce_C_D)       -0.007    24.183    twin_controller_inst/status_buffer_reg[0][0]
  -------------------------------------------------------------------
                         required time                         24.183    
                         arrival time                          -8.877    
  -------------------------------------------------------------------
                         slack                                 15.306    

Slack (MET) :             15.332ns  (required time - arrival time)
  Source:                 student_top_inst/bridge_inst/seg_driver/count_reg[4]/C
                            (rising edge-triggered cell FDCE clocked by clk_out2_pll  {rise@0.000ns fall@10.000ns period=20.000ns})
  Destination:            twin_controller_inst/status_buffer_reg[0][3]/D
                            (rising edge-triggered cell FDCE clocked by clk_out1_pll  {rise@0.000ns fall@10.000ns period=20.000ns})
  Path Group:             clk_out1_pll
  Path Type:              Setup (Max at Slow Process Corner)
  Requirement:            20.000ns  (clk_out1_pll rise@20.000ns - clk_out2_pll rise@0.000ns)
  Data Path Delay:        4.249ns  (logic 0.475ns (11.179%)  route 3.774ns (88.821%))
  Logic Levels:           2  (LUT3=1 LUT6=1)
  Clock Path Skew:        -0.172ns (DCD - SCD + CPR)
    Destination Clock Delay (DCD):    4.317ns = ( 24.317 - 20.000 ) 
    Source Clock Delay      (SCD):    4.585ns
    Clock Pessimism Removal (CPR):    0.095ns
  Clock Uncertainty:      0.225ns  ((TSJ^2 + DJ^2)^1/2) / 2 + PE
    Total System Jitter     (TSJ):    0.071ns
    Discrete Jitter          (DJ):    0.198ns
    Phase Error              (PE):    0.120ns

    Location             Delay type                Incr(ns)  Path(ns)    Netlist Resource(s)
  -------------------------------------------------------------------    -------------------
                         (clock clk_out2_pll rise edge)
                                                      0.000     0.000 r  
    AD12                                              0.000     0.000 r  i_sys_clk_p (IN)
                         net (fo=0)                   0.000     0.000    pll_inst/inst/clk_in1_p
    AD12                 IBUFDS (Prop_ibufds_I_O)     0.906     0.906 r  pll_inst/inst/clkin1_ibufgds/O
                         net (fo=1, routed)           2.299     3.205    pll_inst/inst/clk_in1_pll_buf
    BUFGCTRL_X0Y3        BUFG (Prop_bufg_I_O)         0.093     3.298 r  pll_inst/inst/clkin1_bufg1/O
                         net (fo=1, routed)           1.959     5.257    pll_inst/inst/clk_in1_pll
    PLLE2_ADV_X1Y0       PLLE2_ADV (Prop_plle2_adv_CLKIN1_CLKOUT1)
                                                     -4.519     0.738 r  pll_inst/inst/plle2_adv_inst/CLKOUT1
                         net (fo=1, routed)           2.467     3.205    pll_inst/inst/clk_out2_pll
    BUFGCTRL_X0Y0        BUFG (Prop_bufg_I_O)         0.093     3.298 r  pll_inst/inst/clkout2_buf/O
                         net (fo=34223, routed)       1.287     4.585    student_top_inst/bridge_inst/seg_driver/clk_out2
    SLICE_X23Y241        FDCE                                         r  student_top_inst/bridge_inst/seg_driver/count_reg[4]/C
  -------------------------------------------------------------------    -------------------
    SLICE_X23Y241        FDCE (Prop_fdce_C_Q)         0.204     4.789 r  student_top_inst/bridge_inst/seg_driver/count_reg[4]/Q
                         net (fo=47, routed)          2.320     7.109    student_top_inst/bridge_inst/seg_driver/Q[0]
    SLICE_X32Y274        LUT3 (Prop_lut3_I1_O)        0.134     7.243 r  student_top_inst/bridge_inst/seg_driver/virtual_seg_OBUF[6]_inst_i_4/O
                         net (fo=7, routed)           0.803     8.046    student_top_inst/bridge_inst/seg_driver/virtual_seg_OBUF[6]_inst_i_4_n_0
    SLICE_X32Y276        LUT6 (Prop_lut6_I1_O)        0.137     8.183 r  student_top_inst/bridge_inst/seg_driver/virtual_seg_OBUF[3]_inst_i_1/O
                         net (fo=2, routed)           0.650     8.834    twin_controller_inst/virtual_seg_OBUF[3]
    SLICE_X34Y274        FDCE                                         r  twin_controller_inst/status_buffer_reg[0][3]/D
  -------------------------------------------------------------------    -------------------

                         (clock clk_out1_pll rise edge)
                                                     20.000    20.000 r  
    AD12                                              0.000    20.000 r  i_sys_clk_p (IN)
                         net (fo=0)                   0.000    20.000    pll_inst/inst/clk_in1_p
    AD12                 IBUFDS (Prop_ibufds_I_O)     0.803    20.803 r  pll_inst/inst/clkin1_ibufgds/O
                         net (fo=1, routed)           2.173    22.976    pll_inst/inst/clk_in1_pll_buf
    BUFGCTRL_X0Y3        BUFG (Prop_bufg_I_O)         0.083    23.059 r  pll_inst/inst/clkin1_bufg1/O
                         net (fo=1, routed)           1.796    24.855    pll_inst/inst/clk_in1_pll
    PLLE2_ADV_X1Y0       PLLE2_ADV (Prop_plle2_adv_CLKIN1_CLKOUT0)
                                                     -4.213    20.642 r  pll_inst/inst/plle2_adv_inst/CLKOUT0
                         net (fo=1, routed)           2.334    22.976    pll_inst/inst/clk_out1_pll
    BUFGCTRL_X0Y1        BUFG (Prop_bufg_I_O)         0.083    23.059 r  pll_inst/inst/clkout1_buf/O
                         net (fo=353, routed)         1.258    24.317    twin_controller_inst/CLK
    SLICE_X34Y274        FDCE                                         r  twin_controller_inst/status_buffer_reg[0][3]/C
                         clock pessimism              0.095    24.413    
                         clock uncertainty           -0.225    24.187    
    SLICE_X34Y274        FDCE (Setup_fdce_C_D)       -0.022    24.165    twin_controller_inst/status_buffer_reg[0][3]
  -------------------------------------------------------------------
                         required time                         24.165    
                         arrival time                          -8.834    
  -------------------------------------------------------------------
                         slack                                 15.332    

Slack (MET) :             15.486ns  (required time - arrival time)
  Source:                 student_top_inst/bridge_inst/seg_driver/count_reg[4]/C
                            (rising edge-triggered cell FDCE clocked by clk_out2_pll  {rise@0.000ns fall@10.000ns period=20.000ns})
  Destination:            twin_controller_inst/status_buffer_reg[0][5]/D
                            (rising edge-triggered cell FDCE clocked by clk_out1_pll  {rise@0.000ns fall@10.000ns period=20.000ns})
  Path Group:             clk_out1_pll
  Path Type:              Setup (Max at Slow Process Corner)
  Requirement:            20.000ns  (clk_out1_pll rise@20.000ns - clk_out2_pll rise@0.000ns)
  Data Path Delay:        4.086ns  (logic 0.475ns (11.626%)  route 3.611ns (88.374%))
  Logic Levels:           2  (LUT3=1 LUT6=1)
  Clock Path Skew:        -0.172ns (DCD - SCD + CPR)
    Destination Clock Delay (DCD):    4.317ns = ( 24.317 - 20.000 ) 
    Source Clock Delay      (SCD):    4.585ns
    Clock Pessimism Removal (CPR):    0.095ns
  Clock Uncertainty:      0.225ns  ((TSJ^2 + DJ^2)^1/2) / 2 + PE
    Total System Jitter     (TSJ):    0.071ns
    Discrete Jitter          (DJ):    0.198ns
    Phase Error              (PE):    0.120ns

    Location             Delay type                Incr(ns)  Path(ns)    Netlist Resource(s)
  -------------------------------------------------------------------    -------------------
                         (clock clk_out2_pll rise edge)
                                                      0.000     0.000 r  
    AD12                                              0.000     0.000 r  i_sys_clk_p (IN)
                         net (fo=0)                   0.000     0.000    pll_inst/inst/clk_in1_p
    AD12                 IBUFDS (Prop_ibufds_I_O)     0.906     0.906 r  pll_inst/inst/clkin1_ibufgds/O
                         net (fo=1, routed)           2.299     3.205    pll_inst/inst/clk_in1_pll_buf
    BUFGCTRL_X0Y3        BUFG (Prop_bufg_I_O)         0.093     3.298 r  pll_inst/inst/clkin1_bufg1/O
                         net (fo=1, routed)           1.959     5.257    pll_inst/inst/clk_in1_pll
    PLLE2_ADV_X1Y0       PLLE2_ADV (Prop_plle2_adv_CLKIN1_CLKOUT1)
                                                     -4.519     0.738 r  pll_inst/inst/plle2_adv_inst/CLKOUT1
                         net (fo=1, routed)           2.467     3.205    pll_inst/inst/clk_out2_pll
    BUFGCTRL_X0Y0        BUFG (Prop_bufg_I_O)         0.093     3.298 r  pll_inst/inst/clkout2_buf/O
                         net (fo=34223, routed)       1.287     4.585    student_top_inst/bridge_inst/seg_driver/clk_out2
    SLICE_X23Y241        FDCE                                         r  student_top_inst/bridge_inst/seg_driver/count_reg[4]/C
  -------------------------------------------------------------------    -------------------
    SLICE_X23Y241        FDCE (Prop_fdce_C_Q)         0.204     4.789 r  student_top_inst/bridge_inst/seg_driver/count_reg[4]/Q
                         net (fo=47, routed)          2.320     7.109    student_top_inst/bridge_inst/seg_driver/Q[0]
    SLICE_X32Y274        LUT3 (Prop_lut3_I1_O)        0.134     7.243 r  student_top_inst/bridge_inst/seg_driver/virtual_seg_OBUF[6]_inst_i_4/O
                         net (fo=7, routed)           0.627     7.870    student_top_inst/bridge_inst/seg_driver/virtual_seg_OBUF[6]_inst_i_4_n_0
    SLICE_X32Y277        LUT6 (Prop_lut6_I5_O)        0.137     8.007 r  student_top_inst/bridge_inst/seg_driver/virtual_seg_OBUF[5]_inst_i_1/O
                         net (fo=2, routed)           0.664     8.670    twin_controller_inst/virtual_seg_OBUF[5]
    SLICE_X34Y274        FDCE                                         r  twin_controller_inst/status_buffer_reg[0][5]/D
  -------------------------------------------------------------------    -------------------

                         (clock clk_out1_pll rise edge)
                                                     20.000    20.000 r  
    AD12                                              0.000    20.000 r  i_sys_clk_p (IN)
                         net (fo=0)                   0.000    20.000    pll_inst/inst/clk_in1_p
    AD12                 IBUFDS (Prop_ibufds_I_O)     0.803    20.803 r  pll_inst/inst/clkin1_ibufgds/O
                         net (fo=1, routed)           2.173    22.976    pll_inst/inst/clk_in1_pll_buf
    BUFGCTRL_X0Y3        BUFG (Prop_bufg_I_O)         0.083    23.059 r  pll_inst/inst/clkin1_bufg1/O
                         net (fo=1, routed)           1.796    24.855    pll_inst/inst/clk_in1_pll
    PLLE2_ADV_X1Y0       PLLE2_ADV (Prop_plle2_adv_CLKIN1_CLKOUT0)
                                                     -4.213    20.642 r  pll_inst/inst/plle2_adv_inst/CLKOUT0
                         net (fo=1, routed)           2.334    22.976    pll_inst/inst/clk_out1_pll
    BUFGCTRL_X0Y1        BUFG (Prop_bufg_I_O)         0.083    23.059 r  pll_inst/inst/clkout1_buf/O
                         net (fo=353, routed)         1.258    24.317    twin_controller_inst/CLK
    SLICE_X34Y274        FDCE                                         r  twin_controller_inst/status_buffer_reg[0][5]/C
                         clock pessimism              0.095    24.413    
                         clock uncertainty           -0.225    24.187    
    SLICE_X34Y274        FDCE (Setup_fdce_C_D)       -0.031    24.156    twin_controller_inst/status_buffer_reg[0][5]
  -------------------------------------------------------------------
                         required time                         24.156    
                         arrival time                          -8.670    
  -------------------------------------------------------------------
                         slack                                 15.486    

Slack (MET) :             15.502ns  (required time - arrival time)
  Source:                 student_top_inst/bridge_inst/seg_driver/count_reg[4]/C
                            (rising edge-triggered cell FDCE clocked by clk_out2_pll  {rise@0.000ns fall@10.000ns period=20.000ns})
  Destination:            twin_controller_inst/status_buffer_reg[0][2]/D
                            (rising edge-triggered cell FDCE clocked by clk_out1_pll  {rise@0.000ns fall@10.000ns period=20.000ns})
  Path Group:             clk_out1_pll
  Path Type:              Setup (Max at Slow Process Corner)
  Requirement:            20.000ns  (clk_out1_pll rise@20.000ns - clk_out2_pll rise@0.000ns)
  Data Path Delay:        4.096ns  (logic 0.370ns (9.034%)  route 3.726ns (90.966%))
  Logic Levels:           2  (LUT3=1 LUT6=1)
  Clock Path Skew:        -0.170ns (DCD - SCD + CPR)
    Destination Clock Delay (DCD):    4.319ns = ( 24.319 - 20.000 ) 
    Source Clock Delay      (SCD):    4.585ns
    Clock Pessimism Removal (CPR):    0.095ns
  Clock Uncertainty:      0.225ns  ((TSJ^2 + DJ^2)^1/2) / 2 + PE
    Total System Jitter     (TSJ):    0.071ns
    Discrete Jitter          (DJ):    0.198ns
    Phase Error              (PE):    0.120ns

    Location             Delay type                Incr(ns)  Path(ns)    Netlist Resource(s)
  -------------------------------------------------------------------    -------------------
                         (clock clk_out2_pll rise edge)
                                                      0.000     0.000 r  
    AD12                                              0.000     0.000 r  i_sys_clk_p (IN)
                         net (fo=0)                   0.000     0.000    pll_inst/inst/clk_in1_p
    AD12                 IBUFDS (Prop_ibufds_I_O)     0.906     0.906 r  pll_inst/inst/clkin1_ibufgds/O
                         net (fo=1, routed)           2.299     3.205    pll_inst/inst/clk_in1_pll_buf
    BUFGCTRL_X0Y3        BUFG (Prop_bufg_I_O)         0.093     3.298 r  pll_inst/inst/clkin1_bufg1/O
                         net (fo=1, routed)           1.959     5.257    pll_inst/inst/clk_in1_pll
    PLLE2_ADV_X1Y0       PLLE2_ADV (Prop_plle2_adv_CLKIN1_CLKOUT1)
                                                     -4.519     0.738 r  pll_inst/inst/plle2_adv_inst/CLKOUT1
                         net (fo=1, routed)           2.467     3.205    pll_inst/inst/clk_out2_pll
    BUFGCTRL_X0Y0        BUFG (Prop_bufg_I_O)         0.093     3.298 r  pll_inst/inst/clkout2_buf/O
                         net (fo=34223, routed)       1.287     4.585    student_top_inst/bridge_inst/seg_driver/clk_out2
    SLICE_X23Y241        FDCE                                         r  student_top_inst/bridge_inst/seg_driver/count_reg[4]/C
  -------------------------------------------------------------------    -------------------
    SLICE_X23Y241        FDCE (Prop_fdce_C_Q)         0.204     4.789 r  student_top_inst/bridge_inst/seg_driver/count_reg[4]/Q
                         net (fo=47, routed)          2.320     7.109    student_top_inst/bridge_inst/seg_driver/Q[0]
    SLICE_X32Y274        LUT3 (Prop_lut3_I1_O)        0.123     7.232 r  student_top_inst/bridge_inst/seg_driver/virtual_seg_OBUF[6]_inst_i_2/O
                         net (fo=7, routed)           0.730     7.962    student_top_inst/bridge_inst/seg_driver/virtual_seg_OBUF[6]_inst_i_2_n_0
    SLICE_X32Y277        LUT6 (Prop_lut6_I0_O)        0.043     8.005 r  student_top_inst/bridge_inst/seg_driver/virtual_seg_OBUF[2]_inst_i_1/O
                         net (fo=2, routed)           0.675     8.680    twin_controller_inst/virtual_seg_OBUF[2]
    SLICE_X30Y273        FDCE                                         r  twin_controller_inst/status_buffer_reg[0][2]/D
  -------------------------------------------------------------------    -------------------

                         (clock clk_out1_pll rise edge)
                                                     20.000    20.000 r  
    AD12                                              0.000    20.000 r  i_sys_clk_p (IN)
                         net (fo=0)                   0.000    20.000    pll_inst/inst/clk_in1_p
    AD12                 IBUFDS (Prop_ibufds_I_O)     0.803    20.803 r  pll_inst/inst/clkin1_ibufgds/O
                         net (fo=1, routed)           2.173    22.976    pll_inst/inst/clk_in1_pll_buf
    BUFGCTRL_X0Y3        BUFG (Prop_bufg_I_O)         0.083    23.059 r  pll_inst/inst/clkin1_bufg1/O
                         net (fo=1, routed)           1.796    24.855    pll_inst/inst/clk_in1_pll
    PLLE2_ADV_X1Y0       PLLE2_ADV (Prop_plle2_adv_CLKIN1_CLKOUT0)
                                                     -4.213    20.642 r  pll_inst/inst/plle2_adv_inst/CLKOUT0
                         net (fo=1, routed)           2.334    22.976    pll_inst/inst/clk_out1_pll
    BUFGCTRL_X0Y1        BUFG (Prop_bufg_I_O)         0.083    23.059 r  pll_inst/inst/clkout1_buf/O
                         net (fo=353, routed)         1.260    24.319    twin_controller_inst/CLK
    SLICE_X30Y273        FDCE                                         r  twin_controller_inst/status_buffer_reg[0][2]/C
                         clock pessimism              0.095    24.415    
                         clock uncertainty           -0.225    24.189    
    SLICE_X30Y273        FDCE (Setup_fdce_C_D)       -0.007    24.182    twin_controller_inst/status_buffer_reg[0][2]
  -------------------------------------------------------------------
                         required time                         24.182    
                         arrival time                          -8.680    
  -------------------------------------------------------------------
                         slack                                 15.502    

Slack (MET) :             15.505ns  (required time - arrival time)
  Source:                 student_top_inst/bridge_inst/seg_driver/count_reg[4]/C
                            (rising edge-triggered cell FDCE clocked by clk_out2_pll  {rise@0.000ns fall@10.000ns period=20.000ns})
  Destination:            twin_controller_inst/status_buffer_reg[0][4]/D
                            (rising edge-triggered cell FDCE clocked by clk_out1_pll  {rise@0.000ns fall@10.000ns period=20.000ns})
  Path Group:             clk_out1_pll
  Path Type:              Setup (Max at Slow Process Corner)
  Requirement:            20.000ns  (clk_out1_pll rise@20.000ns - clk_out2_pll rise@0.000ns)
  Data Path Delay:        4.093ns  (logic 0.475ns (11.606%)  route 3.618ns (88.394%))
  Logic Levels:           2  (LUT3=1 LUT6=1)
  Clock Path Skew:        -0.169ns (DCD - SCD + CPR)
    Destination Clock Delay (DCD):    4.320ns = ( 24.320 - 20.000 ) 
    Source Clock Delay      (SCD):    4.585ns
    Clock Pessimism Removal (CPR):    0.095ns
  Clock Uncertainty:      0.225ns  ((TSJ^2 + DJ^2)^1/2) / 2 + PE
    Total System Jitter     (TSJ):    0.071ns
    Discrete Jitter          (DJ):    0.198ns
    Phase Error              (PE):    0.120ns

    Location             Delay type                Incr(ns)  Path(ns)    Netlist Resource(s)
  -------------------------------------------------------------------    -------------------
                         (clock clk_out2_pll rise edge)
                                                      0.000     0.000 r  
    AD12                                              0.000     0.000 r  i_sys_clk_p (IN)
                         net (fo=0)                   0.000     0.000    pll_inst/inst/clk_in1_p
    AD12                 IBUFDS (Prop_ibufds_I_O)     0.906     0.906 r  pll_inst/inst/clkin1_ibufgds/O
                         net (fo=1, routed)           2.299     3.205    pll_inst/inst/clk_in1_pll_buf
    BUFGCTRL_X0Y3        BUFG (Prop_bufg_I_O)         0.093     3.298 r  pll_inst/inst/clkin1_bufg1/O
                         net (fo=1, routed)           1.959     5.257    pll_inst/inst/clk_in1_pll
    PLLE2_ADV_X1Y0       PLLE2_ADV (Prop_plle2_adv_CLKIN1_CLKOUT1)
                                                     -4.519     0.738 r  pll_inst/inst/plle2_adv_inst/CLKOUT1
                         net (fo=1, routed)           2.467     3.205    pll_inst/inst/clk_out2_pll
    BUFGCTRL_X0Y0        BUFG (Prop_bufg_I_O)         0.093     3.298 r  pll_inst/inst/clkout2_buf/O
                         net (fo=34223, routed)       1.287     4.585    student_top_inst/bridge_inst/seg_driver/clk_out2
    SLICE_X23Y241        FDCE                                         r  student_top_inst/bridge_inst/seg_driver/count_reg[4]/C
  -------------------------------------------------------------------    -------------------
    SLICE_X23Y241        FDCE (Prop_fdce_C_Q)         0.204     4.789 r  student_top_inst/bridge_inst/seg_driver/count_reg[4]/Q
                         net (fo=47, routed)          2.320     7.109    student_top_inst/bridge_inst/seg_driver/Q[0]
    SLICE_X32Y274        LUT3 (Prop_lut3_I1_O)        0.134     7.243 r  student_top_inst/bridge_inst/seg_driver/virtual_seg_OBUF[6]_inst_i_4/O
                         net (fo=7, routed)           0.629     7.872    student_top_inst/bridge_inst/seg_driver/virtual_seg_OBUF[6]_inst_i_4_n_0
    SLICE_X32Y277        LUT6 (Prop_lut6_I3_O)        0.137     8.009 r  student_top_inst/bridge_inst/seg_driver/virtual_seg_OBUF[4]_inst_i_1/O
                         net (fo=2, routed)           0.669     8.677    twin_controller_inst/virtual_seg_OBUF[4]
    SLICE_X30Y272        FDCE                                         r  twin_controller_inst/status_buffer_reg[0][4]/D
  -------------------------------------------------------------------    -------------------

                         (clock clk_out1_pll rise edge)
                                                     20.000    20.000 r  
    AD12                                              0.000    20.000 r  i_sys_clk_p (IN)
                         net (fo=0)                   0.000    20.000    pll_inst/inst/clk_in1_p
    AD12                 IBUFDS (Prop_ibufds_I_O)     0.803    20.803 r  pll_inst/inst/clkin1_ibufgds/O
                         net (fo=1, routed)           2.173    22.976    pll_inst/inst/clk_in1_pll_buf
    BUFGCTRL_X0Y3        BUFG (Prop_bufg_I_O)         0.083    23.059 r  pll_inst/inst/clkin1_bufg1/O
                         net (fo=1, routed)           1.796    24.855    pll_inst/inst/clk_in1_pll
    PLLE2_ADV_X1Y0       PLLE2_ADV (Prop_plle2_adv_CLKIN1_CLKOUT0)
                                                     -4.213    20.642 r  pll_inst/inst/plle2_adv_inst/CLKOUT0
                         net (fo=1, routed)           2.334    22.976    pll_inst/inst/clk_out1_pll
    BUFGCTRL_X0Y1        BUFG (Prop_bufg_I_O)         0.083    23.059 r  pll_inst/inst/clkout1_buf/O
                         net (fo=353, routed)         1.261    24.320    twin_controller_inst/CLK
    SLICE_X30Y272        FDCE                                         r  twin_controller_inst/status_buffer_reg[0][4]/C
                         clock pessimism              0.095    24.416    
                         clock uncertainty           -0.225    24.190    
    SLICE_X30Y272        FDCE (Setup_fdce_C_D)       -0.008    24.182    twin_controller_inst/status_buffer_reg[0][4]
  -------------------------------------------------------------------
                         required time                         24.182    
                         arrival time                          -8.677    
  -------------------------------------------------------------------
                         slack                                 15.505    

Slack (MET) :             15.564ns  (required time - arrival time)
  Source:                 student_top_inst/bridge_inst/seg_driver/count_reg[4]/C
                            (rising edge-triggered cell FDCE clocked by clk_out2_pll  {rise@0.000ns fall@10.000ns period=20.000ns})
  Destination:            twin_controller_inst/status_buffer_reg[2][4]/D
                            (rising edge-triggered cell FDCE clocked by clk_out1_pll  {rise@0.000ns fall@10.000ns period=20.000ns})
  Path Group:             clk_out1_pll
  Path Type:              Setup (Max at Slow Process Corner)
  Requirement:            20.000ns  (clk_out1_pll rise@20.000ns - clk_out2_pll rise@0.000ns)
  Data Path Delay:        4.023ns  (logic 0.370ns (9.198%)  route 3.653ns (90.802%))
  Logic Levels:           2  (LUT3=1 LUT6=1)
  Clock Path Skew:        -0.169ns (DCD - SCD + CPR)
    Destination Clock Delay (DCD):    4.320ns = ( 24.320 - 20.000 ) 
    Source Clock Delay      (SCD):    4.585ns
    Clock Pessimism Removal (CPR):    0.095ns
  Clock Uncertainty:      0.225ns  ((TSJ^2 + DJ^2)^1/2) / 2 + PE
    Total System Jitter     (TSJ):    0.071ns
    Discrete Jitter          (DJ):    0.198ns
    Phase Error              (PE):    0.120ns

    Location             Delay type                Incr(ns)  Path(ns)    Netlist Resource(s)
  -------------------------------------------------------------------    -------------------
                         (clock clk_out2_pll rise edge)
                                                      0.000     0.000 r  
    AD12                                              0.000     0.000 r  i_sys_clk_p (IN)
                         net (fo=0)                   0.000     0.000    pll_inst/inst/clk_in1_p
    AD12                 IBUFDS (Prop_ibufds_I_O)     0.906     0.906 r  pll_inst/inst/clkin1_ibufgds/O
                         net (fo=1, routed)           2.299     3.205    pll_inst/inst/clk_in1_pll_buf
    BUFGCTRL_X0Y3        BUFG (Prop_bufg_I_O)         0.093     3.298 r  pll_inst/inst/clkin1_bufg1/O
                         net (fo=1, routed)           1.959     5.257    pll_inst/inst/clk_in1_pll
    PLLE2_ADV_X1Y0       PLLE2_ADV (Prop_plle2_adv_CLKIN1_CLKOUT1)
                                                     -4.519     0.738 r  pll_inst/inst/plle2_adv_inst/CLKOUT1
                         net (fo=1, routed)           2.467     3.205    pll_inst/inst/clk_out2_pll
    BUFGCTRL_X0Y0        BUFG (Prop_bufg_I_O)         0.093     3.298 r  pll_inst/inst/clkout2_buf/O
                         net (fo=34223, routed)       1.287     4.585    student_top_inst/bridge_inst/seg_driver/clk_out2
    SLICE_X23Y241        FDCE                                         r  student_top_inst/bridge_inst/seg_driver/count_reg[4]/C
  -------------------------------------------------------------------    -------------------
    SLICE_X23Y241        FDCE (Prop_fdce_C_Q)         0.204     4.789 r  student_top_inst/bridge_inst/seg_driver/count_reg[4]/Q
                         net (fo=47, routed)          1.425     6.214    student_top_inst/bridge_inst/seg_driver/Q[0]
    SLICE_X29Y265        LUT3 (Prop_lut3_I1_O)        0.123     6.337 r  student_top_inst/bridge_inst/seg_driver/virtual_seg_OBUF[26]_inst_i_3/O
                         net (fo=7, routed)           0.985     7.322    student_top_inst/bridge_inst/seg_driver/virtual_seg_OBUF[26]_inst_i_3_n_0
    SLICE_X24Y268        LUT6 (Prop_lut6_I1_O)        0.043     7.365 r  student_top_inst/bridge_inst/seg_driver/virtual_seg_OBUF[20]_inst_i_1/O
                         net (fo=2, routed)           1.243     8.607    twin_controller_inst/virtual_seg_OBUF[16]
    SLICE_X29Y272        FDCE                                         r  twin_controller_inst/status_buffer_reg[2][4]/D
  -------------------------------------------------------------------    -------------------

                         (clock clk_out1_pll rise edge)
                                                     20.000    20.000 r  
    AD12                                              0.000    20.000 r  i_sys_clk_p (IN)
                         net (fo=0)                   0.000    20.000    pll_inst/inst/clk_in1_p
    AD12                 IBUFDS (Prop_ibufds_I_O)     0.803    20.803 r  pll_inst/inst/clkin1_ibufgds/O
                         net (fo=1, routed)           2.173    22.976    pll_inst/inst/clk_in1_pll_buf
    BUFGCTRL_X0Y3        BUFG (Prop_bufg_I_O)         0.083    23.059 r  pll_inst/inst/clkin1_bufg1/O
                         net (fo=1, routed)           1.796    24.855    pll_inst/inst/clk_in1_pll
    PLLE2_ADV_X1Y0       PLLE2_ADV (Prop_plle2_adv_CLKIN1_CLKOUT0)
                                                     -4.213    20.642 r  pll_inst/inst/plle2_adv_inst/CLKOUT0
                         net (fo=1, routed)           2.334    22.976    pll_inst/inst/clk_out1_pll
    BUFGCTRL_X0Y1        BUFG (Prop_bufg_I_O)         0.083    23.059 r  pll_inst/inst/clkout1_buf/O
                         net (fo=353, routed)         1.261    24.320    twin_controller_inst/CLK
    SLICE_X29Y272        FDCE                                         r  twin_controller_inst/status_buffer_reg[2][4]/C
                         clock pessimism              0.095    24.416    
                         clock uncertainty           -0.225    24.190    
    SLICE_X29Y272        FDCE (Setup_fdce_C_D)       -0.019    24.171    twin_controller_inst/status_buffer_reg[2][4]
  -------------------------------------------------------------------
                         required time                         24.171    
                         arrival time                          -8.607    
  -------------------------------------------------------------------
                         slack                                 15.564    

Slack (MET) :             15.723ns  (required time - arrival time)
  Source:                 student_top_inst/bridge_inst/seg_driver/count_reg[4]/C
                            (rising edge-triggered cell FDCE clocked by clk_out2_pll  {rise@0.000ns fall@10.000ns period=20.000ns})
  Destination:            twin_controller_inst/status_buffer_reg[3][2]/D
                            (rising edge-triggered cell FDCE clocked by clk_out1_pll  {rise@0.000ns fall@10.000ns period=20.000ns})
  Path Group:             clk_out1_pll
  Path Type:              Setup (Max at Slow Process Corner)
  Requirement:            20.000ns  (clk_out1_pll rise@20.000ns - clk_out2_pll rise@0.000ns)
  Data Path Delay:        3.880ns  (logic 0.469ns (12.086%)  route 3.411ns (87.914%))
  Logic Levels:           2  (LUT3=1 LUT6=1)
  Clock Path Skew:        -0.161ns (DCD - SCD + CPR)
    Destination Clock Delay (DCD):    4.328ns = ( 24.328 - 20.000 ) 
    Source Clock Delay      (SCD):    4.585ns
    Clock Pessimism Removal (CPR):    0.095ns
  Clock Uncertainty:      0.225ns  ((TSJ^2 + DJ^2)^1/2) / 2 + PE
    Total System Jitter     (TSJ):    0.071ns
    Discrete Jitter          (DJ):    0.198ns
    Phase Error              (PE):    0.120ns

    Location             Delay type                Incr(ns)  Path(ns)    Netlist Resource(s)
  -------------------------------------------------------------------    -------------------
                         (clock clk_out2_pll rise edge)
                                                      0.000     0.000 r  
    AD12                                              0.000     0.000 r  i_sys_clk_p (IN)
                         net (fo=0)                   0.000     0.000    pll_inst/inst/clk_in1_p
    AD12                 IBUFDS (Prop_ibufds_I_O)     0.906     0.906 r  pll_inst/inst/clkin1_ibufgds/O
                         net (fo=1, routed)           2.299     3.205    pll_inst/inst/clk_in1_pll_buf
    BUFGCTRL_X0Y3        BUFG (Prop_bufg_I_O)         0.093     3.298 r  pll_inst/inst/clkin1_bufg1/O
                         net (fo=1, routed)           1.959     5.257    pll_inst/inst/clk_in1_pll
    PLLE2_ADV_X1Y0       PLLE2_ADV (Prop_plle2_adv_CLKIN1_CLKOUT1)
                                                     -4.519     0.738 r  pll_inst/inst/plle2_adv_inst/CLKOUT1
                         net (fo=1, routed)           2.467     3.205    pll_inst/inst/clk_out2_pll
    BUFGCTRL_X0Y0        BUFG (Prop_bufg_I_O)         0.093     3.298 r  pll_inst/inst/clkout2_buf/O
                         net (fo=34223, routed)       1.287     4.585    student_top_inst/bridge_inst/seg_driver/clk_out2
    SLICE_X23Y241        FDCE                                         r  student_top_inst/bridge_inst/seg_driver/count_reg[4]/C
  -------------------------------------------------------------------    -------------------
    SLICE_X23Y241        FDCE (Prop_fdce_C_Q)         0.204     4.789 r  student_top_inst/bridge_inst/seg_driver/count_reg[4]/Q
                         net (fo=47, routed)          1.425     6.214    student_top_inst/bridge_inst/seg_driver/Q[0]
    SLICE_X29Y265        LUT3 (Prop_lut3_I1_O)        0.129     6.343 r  student_top_inst/bridge_inst/seg_driver/virtual_seg_OBUF[26]_inst_i_4/O
                         net (fo=7, routed)           0.626     6.968    student_top_inst/bridge_inst/seg_driver/virtual_seg_OBUF[26]_inst_i_4_n_0
    SLICE_X25Y265        LUT6 (Prop_lut6_I5_O)        0.136     7.104 r  student_top_inst/bridge_inst/seg_driver/virtual_seg_OBUF[26]_inst_i_1/O
                         net (fo=2, routed)           1.361     8.465    twin_controller_inst/virtual_seg_OBUF[22]
    SLICE_X27Y265        FDCE                                         r  twin_controller_inst/status_buffer_reg[3][2]/D
  -------------------------------------------------------------------    -------------------

                         (clock clk_out1_pll rise edge)
                                                     20.000    20.000 r  
    AD12                                              0.000    20.000 r  i_sys_clk_p (IN)
                         net (fo=0)                   0.000    20.000    pll_inst/inst/clk_in1_p
    AD12                 IBUFDS (Prop_ibufds_I_O)     0.803    20.803 r  pll_inst/inst/clkin1_ibufgds/O
                         net (fo=1, routed)           2.173    22.976    pll_inst/inst/clk_in1_pll_buf
    BUFGCTRL_X0Y3        BUFG (Prop_bufg_I_O)         0.083    23.059 r  pll_inst/inst/clkin1_bufg1/O
                         net (fo=1, routed)           1.796    24.855    pll_inst/inst/clk_in1_pll
    PLLE2_ADV_X1Y0       PLLE2_ADV (Prop_plle2_adv_CLKIN1_CLKOUT0)
                                                     -4.213    20.642 r  pll_inst/inst/plle2_adv_inst/CLKOUT0
                         net (fo=1, routed)           2.334    22.976    pll_inst/inst/clk_out1_pll
    BUFGCTRL_X0Y1        BUFG (Prop_bufg_I_O)         0.083    23.059 r  pll_inst/inst/clkout1_buf/O
                         net (fo=353, routed)         1.269    24.328    twin_controller_inst/CLK
    SLICE_X27Y265        FDCE                                         r  twin_controller_inst/status_buffer_reg[3][2]/C
                         clock pessimism              0.095    24.424    
                         clock uncertainty           -0.225    24.198    
    SLICE_X27Y265        FDCE (Setup_fdce_C_D)       -0.010    24.188    twin_controller_inst/status_buffer_reg[3][2]
  -------------------------------------------------------------------
                         required time                         24.188    
                         arrival time                          -8.465    
  -------------------------------------------------------------------
                         slack                                 15.723    





Min Delay Paths
--------------------------------------------------------------------------------------
Slack (MET) :             0.140ns  (arrival time - required time)
  Source:                 student_top_inst/bridge_inst/LED_reg[9]/C
                            (rising edge-triggered cell FDRE clocked by clk_out2_pll  {rise@0.000ns fall@10.000ns period=20.000ns})
  Destination:            twin_controller_inst/status_buffer_reg[15][1]/D
                            (rising edge-triggered cell FDCE clocked by clk_out1_pll  {rise@0.000ns fall@10.000ns period=20.000ns})
  Path Group:             clk_out1_pll
  Path Type:              Hold (Min at Fast Process Corner)
  Requirement:            0.000ns  (clk_out1_pll rise@0.000ns - clk_out2_pll rise@0.000ns)
  Data Path Delay:        0.692ns  (logic 0.100ns (14.455%)  route 0.592ns (85.545%))
  Logic Levels:           0  
  Clock Path Skew:        0.295ns (DCD - SCD - CPR)
    Destination Clock Delay (DCD):    2.521ns
    Source Clock Delay      (SCD):    2.144ns
    Clock Pessimism Removal (CPR):    0.081ns
  Clock Uncertainty:      0.225ns  ((TSJ^2 + DJ^2)^1/2) / 2 + PE
    Total System Jitter     (TSJ):    0.071ns
    Discrete Jitter          (DJ):    0.198ns
    Phase Error              (PE):    0.120ns

    Location             Delay type                Incr(ns)  Path(ns)    Netlist Resource(s)
  -------------------------------------------------------------------    -------------------
                         (clock clk_out2_pll rise edge)
                                                      0.000     0.000 r  
    AD12                                              0.000     0.000 r  i_sys_clk_p (IN)
                         net (fo=0)                   0.000     0.000    pll_inst/inst/clk_in1_p
    AD12                 IBUFDS (Prop_ibufds_I_O)     0.388     0.388 r  pll_inst/inst/clkin1_ibufgds/O
                         net (fo=1, routed)           1.083     1.471    pll_inst/inst/clk_in1_pll_buf
    BUFGCTRL_X0Y3        BUFG (Prop_bufg_I_O)         0.026     1.497 r  pll_inst/inst/clkin1_bufg1/O
                         net (fo=1, routed)           0.767     2.264    pll_inst/inst/clk_in1_pll
    PLLE2_ADV_X1Y0       PLLE2_ADV (Prop_plle2_adv_CLKIN1_CLKOUT1)
                                                     -1.938     0.326 r  pll_inst/inst/plle2_adv_inst/CLKOUT1
                         net (fo=1, routed)           1.145     1.471    pll_inst/inst/clk_out2_pll
    BUFGCTRL_X0Y0        BUFG (Prop_bufg_I_O)         0.026     1.497 r  pll_inst/inst/clkout2_buf/O
                         net (fo=34223, routed)       0.647     2.144    student_top_inst/bridge_inst/clk_out2
    SLICE_X26Y266        FDRE                                         r  student_top_inst/bridge_inst/LED_reg[9]/C
  -------------------------------------------------------------------    -------------------
    SLICE_X26Y266        FDRE (Prop_fdre_C_Q)         0.100     2.244 r  student_top_inst/bridge_inst/LED_reg[9]/Q
                         net (fo=1, routed)           0.592     2.836    twin_controller_inst/Q[9]
    SLICE_X29Y268        FDCE                                         r  twin_controller_inst/status_buffer_reg[15][1]/D
  -------------------------------------------------------------------    -------------------

                         (clock clk_out1_pll rise edge)
                                                      0.000     0.000 r  
    AD12                                              0.000     0.000 r  i_sys_clk_p (IN)
                         net (fo=0)                   0.000     0.000    pll_inst/inst/clk_in1_p
    AD12                 IBUFDS (Prop_ibufds_I_O)     0.470     0.470 r  pll_inst/inst/clkin1_ibufgds/O
                         net (fo=1, routed)           1.154     1.624    pll_inst/inst/clk_in1_pll_buf
    BUFGCTRL_X0Y3        BUFG (Prop_bufg_I_O)         0.030     1.654 r  pll_inst/inst/clkin1_bufg1/O
                         net (fo=1, routed)           1.037     2.691    pll_inst/inst/clk_in1_pll
    PLLE2_ADV_X1Y0       PLLE2_ADV (Prop_plle2_adv_CLKIN1_CLKOUT0)
                                                     -2.283     0.408 r  pll_inst/inst/plle2_adv_inst/CLKOUT0
                         net (fo=1, routed)           1.216     1.624    pll_inst/inst/clk_out1_pll
    BUFGCTRL_X0Y1        BUFG (Prop_bufg_I_O)         0.030     1.654 r  pll_inst/inst/clkout1_buf/O
                         net (fo=353, routed)         0.867     2.521    twin_controller_inst/CLK
    SLICE_X29Y268        FDCE                                         r  twin_controller_inst/status_buffer_reg[15][1]/C
                         clock pessimism             -0.081     2.439    
                         clock uncertainty            0.225     2.665    
    SLICE_X29Y268        FDCE (Hold_fdce_C_D)         0.032     2.697    twin_controller_inst/status_buffer_reg[15][1]
  -------------------------------------------------------------------
                         required time                         -2.697    
                         arrival time                           2.836    
  -------------------------------------------------------------------
                         slack                                  0.140    

Slack (MET) :             0.143ns  (arrival time - required time)
  Source:                 student_top_inst/bridge_inst/LED_reg[2]/C
                            (rising edge-triggered cell FDRE clocked by clk_out2_pll  {rise@0.000ns fall@10.000ns period=20.000ns})
  Destination:            twin_controller_inst/status_buffer_reg[14][2]/D
                            (rising edge-triggered cell FDCE clocked by clk_out1_pll  {rise@0.000ns fall@10.000ns period=20.000ns})
  Path Group:             clk_out1_pll
  Path Type:              Hold (Min at Fast Process Corner)
  Requirement:            0.000ns  (clk_out1_pll rise@0.000ns - clk_out2_pll rise@0.000ns)
  Data Path Delay:        0.700ns  (logic 0.100ns (14.293%)  route 0.600ns (85.707%))
  Logic Levels:           0  
  Clock Path Skew:        0.298ns (DCD - SCD - CPR)
    Destination Clock Delay (DCD):    2.519ns
    Source Clock Delay      (SCD):    2.139ns
    Clock Pessimism Removal (CPR):    0.081ns
  Clock Uncertainty:      0.225ns  ((TSJ^2 + DJ^2)^1/2) / 2 + PE
    Total System Jitter     (TSJ):    0.071ns
    Discrete Jitter          (DJ):    0.198ns
    Phase Error              (PE):    0.120ns

    Location             Delay type                Incr(ns)  Path(ns)    Netlist Resource(s)
  -------------------------------------------------------------------    -------------------
                         (clock clk_out2_pll rise edge)
                                                      0.000     0.000 r  
    AD12                                              0.000     0.000 r  i_sys_clk_p (IN)
                         net (fo=0)                   0.000     0.000    pll_inst/inst/clk_in1_p
    AD12                 IBUFDS (Prop_ibufds_I_O)     0.388     0.388 r  pll_inst/inst/clkin1_ibufgds/O
                         net (fo=1, routed)           1.083     1.471    pll_inst/inst/clk_in1_pll_buf
    BUFGCTRL_X0Y3        BUFG (Prop_bufg_I_O)         0.026     1.497 r  pll_inst/inst/clkin1_bufg1/O
                         net (fo=1, routed)           0.767     2.264    pll_inst/inst/clk_in1_pll
    PLLE2_ADV_X1Y0       PLLE2_ADV (Prop_plle2_adv_CLKIN1_CLKOUT1)
                                                     -1.938     0.326 r  pll_inst/inst/plle2_adv_inst/CLKOUT1
                         net (fo=1, routed)           1.145     1.471    pll_inst/inst/clk_out2_pll
    BUFGCTRL_X0Y0        BUFG (Prop_bufg_I_O)         0.026     1.497 r  pll_inst/inst/clkout2_buf/O
                         net (fo=34223, routed)       0.642     2.139    student_top_inst/bridge_inst/clk_out2
    SLICE_X34Y268        FDRE                                         r  student_top_inst/bridge_inst/LED_reg[2]/C
  -------------------------------------------------------------------    -------------------
    SLICE_X34Y268        FDRE (Prop_fdre_C_Q)         0.100     2.239 r  student_top_inst/bridge_inst/LED_reg[2]/Q
                         net (fo=1, routed)           0.600     2.839    twin_controller_inst/Q[2]
    SLICE_X33Y268        FDCE                                         r  twin_controller_inst/status_buffer_reg[14][2]/D
  -------------------------------------------------------------------    -------------------

                         (clock clk_out1_pll rise edge)
                                                      0.000     0.000 r  
    AD12                                              0.000     0.000 r  i_sys_clk_p (IN)
                         net (fo=0)                   0.000     0.000    pll_inst/inst/clk_in1_p
    AD12                 IBUFDS (Prop_ibufds_I_O)     0.470     0.470 r  pll_inst/inst/clkin1_ibufgds/O
                         net (fo=1, routed)           1.154     1.624    pll_inst/inst/clk_in1_pll_buf
    BUFGCTRL_X0Y3        BUFG (Prop_bufg_I_O)         0.030     1.654 r  pll_inst/inst/clkin1_bufg1/O
                         net (fo=1, routed)           1.037     2.691    pll_inst/inst/clk_in1_pll
    PLLE2_ADV_X1Y0       PLLE2_ADV (Prop_plle2_adv_CLKIN1_CLKOUT0)
                                                     -2.283     0.408 r  pll_inst/inst/plle2_adv_inst/CLKOUT0
                         net (fo=1, routed)           1.216     1.624    pll_inst/inst/clk_out1_pll
    BUFGCTRL_X0Y1        BUFG (Prop_bufg_I_O)         0.030     1.654 r  pll_inst/inst/clkout1_buf/O
                         net (fo=353, routed)         0.865     2.519    twin_controller_inst/CLK
    SLICE_X33Y268        FDCE                                         r  twin_controller_inst/status_buffer_reg[14][2]/C
                         clock pessimism             -0.081     2.437    
                         clock uncertainty            0.225     2.663    
    SLICE_X33Y268        FDCE (Hold_fdce_C_D)         0.033     2.696    twin_controller_inst/status_buffer_reg[14][2]
  -------------------------------------------------------------------
                         required time                         -2.696    
                         arrival time                           2.839    
  -------------------------------------------------------------------
                         slack                                  0.143    

Slack (MET) :             0.148ns  (arrival time - required time)
  Source:                 student_top_inst/bridge_inst/LED_reg[16]/C
                            (rising edge-triggered cell FDRE clocked by clk_out2_pll  {rise@0.000ns fall@10.000ns period=20.000ns})
  Destination:            twin_controller_inst/status_buffer_reg[16][0]/D
                            (rising edge-triggered cell FDCE clocked by clk_out1_pll  {rise@0.000ns fall@10.000ns period=20.000ns})
  Path Group:             clk_out1_pll
  Path Type:              Hold (Min at Fast Process Corner)
  Requirement:            0.000ns  (clk_out1_pll rise@0.000ns - clk_out2_pll rise@0.000ns)
  Data Path Delay:        0.706ns  (logic 0.100ns (14.171%)  route 0.606ns (85.829%))
  Logic Levels:           0  
  Clock Path Skew:        0.300ns (DCD - SCD - CPR)
    Destination Clock Delay (DCD):    2.522ns
    Source Clock Delay      (SCD):    2.140ns
    Clock Pessimism Removal (CPR):    0.081ns
  Clock Uncertainty:      0.225ns  ((TSJ^2 + DJ^2)^1/2) / 2 + PE
    Total System Jitter     (TSJ):    0.071ns
    Discrete Jitter          (DJ):    0.198ns
    Phase Error              (PE):    0.120ns

    Location             Delay type                Incr(ns)  Path(ns)    Netlist Resource(s)
  -------------------------------------------------------------------    -------------------
                         (clock clk_out2_pll rise edge)
                                                      0.000     0.000 r  
    AD12                                              0.000     0.000 r  i_sys_clk_p (IN)
                         net (fo=0)                   0.000     0.000    pll_inst/inst/clk_in1_p
    AD12                 IBUFDS (Prop_ibufds_I_O)     0.388     0.388 r  pll_inst/inst/clkin1_ibufgds/O
                         net (fo=1, routed)           1.083     1.471    pll_inst/inst/clk_in1_pll_buf
    BUFGCTRL_X0Y3        BUFG (Prop_bufg_I_O)         0.026     1.497 r  pll_inst/inst/clkin1_bufg1/O
                         net (fo=1, routed)           0.767     2.264    pll_inst/inst/clk_in1_pll
    PLLE2_ADV_X1Y0       PLLE2_ADV (Prop_plle2_adv_CLKIN1_CLKOUT1)
                                                     -1.938     0.326 r  pll_inst/inst/plle2_adv_inst/CLKOUT1
                         net (fo=1, routed)           1.145     1.471    pll_inst/inst/clk_out2_pll
    BUFGCTRL_X0Y0        BUFG (Prop_bufg_I_O)         0.026     1.497 r  pll_inst/inst/clkout2_buf/O
                         net (fo=34223, routed)       0.643     2.140    student_top_inst/bridge_inst/clk_out2
    SLICE_X31Y268        FDRE                                         r  student_top_inst/bridge_inst/LED_reg[16]/C
  -------------------------------------------------------------------    -------------------
    SLICE_X31Y268        FDRE (Prop_fdre_C_Q)         0.100     2.240 r  student_top_inst/bridge_inst/LED_reg[16]/Q
                         net (fo=1, routed)           0.606     2.846    twin_controller_inst/Q[16]
    SLICE_X31Y267        FDCE                                         r  twin_controller_inst/status_buffer_reg[16][0]/D
  -------------------------------------------------------------------    -------------------

                         (clock clk_out1_pll rise edge)
                                                      0.000     0.000 r  
    AD12                                              0.000     0.000 r  i_sys_clk_p (IN)
                         net (fo=0)                   0.000     0.000    pll_inst/inst/clk_in1_p
    AD12                 IBUFDS (Prop_ibufds_I_O)     0.470     0.470 r  pll_inst/inst/clkin1_ibufgds/O
                         net (fo=1, routed)           1.154     1.624    pll_inst/inst/clk_in1_pll_buf
    BUFGCTRL_X0Y3        BUFG (Prop_bufg_I_O)         0.030     1.654 r  pll_inst/inst/clkin1_bufg1/O
                         net (fo=1, routed)           1.037     2.691    pll_inst/inst/clk_in1_pll
    PLLE2_ADV_X1Y0       PLLE2_ADV (Prop_plle2_adv_CLKIN1_CLKOUT0)
                                                     -2.283     0.408 r  pll_inst/inst/plle2_adv_inst/CLKOUT0
                         net (fo=1, routed)           1.216     1.624    pll_inst/inst/clk_out1_pll
    BUFGCTRL_X0Y1        BUFG (Prop_bufg_I_O)         0.030     1.654 r  pll_inst/inst/clkout1_buf/O
                         net (fo=353, routed)         0.868     2.522    twin_controller_inst/CLK
    SLICE_X31Y267        FDCE                                         r  twin_controller_inst/status_buffer_reg[16][0]/C
                         clock pessimism             -0.081     2.440    
                         clock uncertainty            0.225     2.666    
    SLICE_X31Y267        FDCE (Hold_fdce_C_D)         0.032     2.698    twin_controller_inst/status_buffer_reg[16][0]
  -------------------------------------------------------------------
                         required time                         -2.698    
                         arrival time                           2.846    
  -------------------------------------------------------------------
                         slack                                  0.148    

Slack (MET) :             0.149ns  (arrival time - required time)
  Source:                 student_top_inst/bridge_inst/LED_reg[28]/C
                            (rising edge-triggered cell FDRE clocked by clk_out2_pll  {rise@0.000ns fall@10.000ns period=20.000ns})
  Destination:            twin_controller_inst/status_buffer_reg[17][4]/D
                            (rising edge-triggered cell FDCE clocked by clk_out1_pll  {rise@0.000ns fall@10.000ns period=20.000ns})
  Path Group:             clk_out1_pll
  Path Type:              Hold (Min at Fast Process Corner)
  Requirement:            0.000ns  (clk_out1_pll rise@0.000ns - clk_out2_pll rise@0.000ns)
  Data Path Delay:        0.704ns  (logic 0.100ns (14.196%)  route 0.604ns (85.804%))
  Logic Levels:           0  
  Clock Path Skew:        0.297ns (DCD - SCD - CPR)
    Destination Clock Delay (DCD):    2.519ns
    Source Clock Delay      (SCD):    2.140ns
    Clock Pessimism Removal (CPR):    0.081ns
  Clock Uncertainty:      0.225ns  ((TSJ^2 + DJ^2)^1/2) / 2 + PE
    Total System Jitter     (TSJ):    0.071ns
    Discrete Jitter          (DJ):    0.198ns
    Phase Error              (PE):    0.120ns

    Location             Delay type                Incr(ns)  Path(ns)    Netlist Resource(s)
  -------------------------------------------------------------------    -------------------
                         (clock clk_out2_pll rise edge)
                                                      0.000     0.000 r  
    AD12                                              0.000     0.000 r  i_sys_clk_p (IN)
                         net (fo=0)                   0.000     0.000    pll_inst/inst/clk_in1_p
    AD12                 IBUFDS (Prop_ibufds_I_O)     0.388     0.388 r  pll_inst/inst/clkin1_ibufgds/O
                         net (fo=1, routed)           1.083     1.471    pll_inst/inst/clk_in1_pll_buf
    BUFGCTRL_X0Y3        BUFG (Prop_bufg_I_O)         0.026     1.497 r  pll_inst/inst/clkin1_bufg1/O
                         net (fo=1, routed)           0.767     2.264    pll_inst/inst/clk_in1_pll
    PLLE2_ADV_X1Y0       PLLE2_ADV (Prop_plle2_adv_CLKIN1_CLKOUT1)
                                                     -1.938     0.326 r  pll_inst/inst/plle2_adv_inst/CLKOUT1
                         net (fo=1, routed)           1.145     1.471    pll_inst/inst/clk_out2_pll
    BUFGCTRL_X0Y0        BUFG (Prop_bufg_I_O)         0.026     1.497 r  pll_inst/inst/clkout2_buf/O
                         net (fo=34223, routed)       0.643     2.140    student_top_inst/bridge_inst/clk_out2
    SLICE_X31Y268        FDRE                                         r  student_top_inst/bridge_inst/LED_reg[28]/C
  -------------------------------------------------------------------    -------------------
    SLICE_X31Y268        FDRE (Prop_fdre_C_Q)         0.100     2.240 r  student_top_inst/bridge_inst/LED_reg[28]/Q
                         net (fo=1, routed)           0.604     2.845    twin_controller_inst/Q[28]
    SLICE_X33Y268        FDCE                                         r  twin_controller_inst/status_buffer_reg[17][4]/D
  -------------------------------------------------------------------    -------------------

                         (clock clk_out1_pll rise edge)
                                                      0.000     0.000 r  
    AD12                                              0.000     0.000 r  i_sys_clk_p (IN)
                         net (fo=0)                   0.000     0.000    pll_inst/inst/clk_in1_p
    AD12                 IBUFDS (Prop_ibufds_I_O)     0.470     0.470 r  pll_inst/inst/clkin1_ibufgds/O
                         net (fo=1, routed)           1.154     1.624    pll_inst/inst/clk_in1_pll_buf
    BUFGCTRL_X0Y3        BUFG (Prop_bufg_I_O)         0.030     1.654 r  pll_inst/inst/clkin1_bufg1/O
                         net (fo=1, routed)           1.037     2.691    pll_inst/inst/clk_in1_pll
    PLLE2_ADV_X1Y0       PLLE2_ADV (Prop_plle2_adv_CLKIN1_CLKOUT0)
                                                     -2.283     0.408 r  pll_inst/inst/plle2_adv_inst/CLKOUT0
                         net (fo=1, routed)           1.216     1.624    pll_inst/inst/clk_out1_pll
    BUFGCTRL_X0Y1        BUFG (Prop_bufg_I_O)         0.030     1.654 r  pll_inst/inst/clkout1_buf/O
                         net (fo=353, routed)         0.865     2.519    twin_controller_inst/CLK
    SLICE_X33Y268        FDCE                                         r  twin_controller_inst/status_buffer_reg[17][4]/C
                         clock pessimism             -0.081     2.437    
                         clock uncertainty            0.225     2.663    
    SLICE_X33Y268        FDCE (Hold_fdce_C_D)         0.033     2.696    twin_controller_inst/status_buffer_reg[17][4]
  -------------------------------------------------------------------
                         required time                         -2.696    
                         arrival time                           2.845    
  -------------------------------------------------------------------
                         slack                                  0.149    

Slack (MET) :             0.152ns  (arrival time - required time)
  Source:                 student_top_inst/bridge_inst/LED_reg[30]/C
                            (rising edge-triggered cell FDRE clocked by clk_out2_pll  {rise@0.000ns fall@10.000ns period=20.000ns})
  Destination:            twin_controller_inst/status_buffer_reg[17][6]/D
                            (rising edge-triggered cell FDCE clocked by clk_out1_pll  {rise@0.000ns fall@10.000ns period=20.000ns})
  Path Group:             clk_out1_pll
  Path Type:              Hold (Min at Fast Process Corner)
  Requirement:            0.000ns  (clk_out1_pll rise@0.000ns - clk_out2_pll rise@0.000ns)
  Data Path Delay:        0.721ns  (logic 0.100ns (13.870%)  route 0.621ns (86.130%))
  Logic Levels:           0  
  Clock Path Skew:        0.297ns (DCD - SCD - CPR)
    Destination Clock Delay (DCD):    2.519ns
    Source Clock Delay      (SCD):    2.140ns
    Clock Pessimism Removal (CPR):    0.081ns
  Clock Uncertainty:      0.225ns  ((TSJ^2 + DJ^2)^1/2) / 2 + PE
    Total System Jitter     (TSJ):    0.071ns
    Discrete Jitter          (DJ):    0.198ns
    Phase Error              (PE):    0.120ns

    Location             Delay type                Incr(ns)  Path(ns)    Netlist Resource(s)
  -------------------------------------------------------------------    -------------------
                         (clock clk_out2_pll rise edge)
                                                      0.000     0.000 r  
    AD12                                              0.000     0.000 r  i_sys_clk_p (IN)
                         net (fo=0)                   0.000     0.000    pll_inst/inst/clk_in1_p
    AD12                 IBUFDS (Prop_ibufds_I_O)     0.388     0.388 r  pll_inst/inst/clkin1_ibufgds/O
                         net (fo=1, routed)           1.083     1.471    pll_inst/inst/clk_in1_pll_buf
    BUFGCTRL_X0Y3        BUFG (Prop_bufg_I_O)         0.026     1.497 r  pll_inst/inst/clkin1_bufg1/O
                         net (fo=1, routed)           0.767     2.264    pll_inst/inst/clk_in1_pll
    PLLE2_ADV_X1Y0       PLLE2_ADV (Prop_plle2_adv_CLKIN1_CLKOUT1)
                                                     -1.938     0.326 r  pll_inst/inst/plle2_adv_inst/CLKOUT1
                         net (fo=1, routed)           1.145     1.471    pll_inst/inst/clk_out2_pll
    BUFGCTRL_X0Y0        BUFG (Prop_bufg_I_O)         0.026     1.497 r  pll_inst/inst/clkout2_buf/O
                         net (fo=34223, routed)       0.643     2.140    student_top_inst/bridge_inst/clk_out2
    SLICE_X31Y268        FDRE                                         r  student_top_inst/bridge_inst/LED_reg[30]/C
  -------------------------------------------------------------------    -------------------
    SLICE_X31Y268        FDRE (Prop_fdre_C_Q)         0.100     2.240 r  student_top_inst/bridge_inst/LED_reg[30]/Q
                         net (fo=1, routed)           0.621     2.861    twin_controller_inst/Q[30]
    SLICE_X33Y268        FDCE                                         r  twin_controller_inst/status_buffer_reg[17][6]/D
  -------------------------------------------------------------------    -------------------

                         (clock clk_out1_pll rise edge)
                                                      0.000     0.000 r  
    AD12                                              0.000     0.000 r  i_sys_clk_p (IN)
                         net (fo=0)                   0.000     0.000    pll_inst/inst/clk_in1_p
    AD12                 IBUFDS (Prop_ibufds_I_O)     0.470     0.470 r  pll_inst/inst/clkin1_ibufgds/O
                         net (fo=1, routed)           1.154     1.624    pll_inst/inst/clk_in1_pll_buf
    BUFGCTRL_X0Y3        BUFG (Prop_bufg_I_O)         0.030     1.654 r  pll_inst/inst/clkin1_bufg1/O
                         net (fo=1, routed)           1.037     2.691    pll_inst/inst/clk_in1_pll
    PLLE2_ADV_X1Y0       PLLE2_ADV (Prop_plle2_adv_CLKIN1_CLKOUT0)
                                                     -2.283     0.408 r  pll_inst/inst/plle2_adv_inst/CLKOUT0
                         net (fo=1, routed)           1.216     1.624    pll_inst/inst/clk_out1_pll
    BUFGCTRL_X0Y1        BUFG (Prop_bufg_I_O)         0.030     1.654 r  pll_inst/inst/clkout1_buf/O
                         net (fo=353, routed)         0.865     2.519    twin_controller_inst/CLK
    SLICE_X33Y268        FDCE                                         r  twin_controller_inst/status_buffer_reg[17][6]/C
                         clock pessimism             -0.081     2.437    
                         clock uncertainty            0.225     2.663    
    SLICE_X33Y268        FDCE (Hold_fdce_C_D)         0.047     2.710    twin_controller_inst/status_buffer_reg[17][6]
  -------------------------------------------------------------------
                         required time                         -2.710    
                         arrival time                           2.861    
  -------------------------------------------------------------------
                         slack                                  0.152    

Slack (MET) :             0.153ns  (arrival time - required time)
  Source:                 student_top_inst/bridge_inst/LED_reg[10]/C
                            (rising edge-triggered cell FDRE clocked by clk_out2_pll  {rise@0.000ns fall@10.000ns period=20.000ns})
  Destination:            twin_controller_inst/status_buffer_reg[15][2]/D
                            (rising edge-triggered cell FDCE clocked by clk_out1_pll  {rise@0.000ns fall@10.000ns period=20.000ns})
  Path Group:             clk_out1_pll
  Path Type:              Hold (Min at Fast Process Corner)
  Requirement:            0.000ns  (clk_out1_pll rise@0.000ns - clk_out2_pll rise@0.000ns)
  Data Path Delay:        0.722ns  (logic 0.100ns (13.849%)  route 0.622ns (86.151%))
  Logic Levels:           0  
  Clock Path Skew:        0.297ns (DCD - SCD - CPR)
    Destination Clock Delay (DCD):    2.520ns
    Source Clock Delay      (SCD):    2.141ns
    Clock Pessimism Removal (CPR):    0.081ns
  Clock Uncertainty:      0.225ns  ((TSJ^2 + DJ^2)^1/2) / 2 + PE
    Total System Jitter     (TSJ):    0.071ns
    Discrete Jitter          (DJ):    0.198ns
    Phase Error              (PE):    0.120ns

    Location             Delay type                Incr(ns)  Path(ns)    Netlist Resource(s)
  -------------------------------------------------------------------    -------------------
                         (clock clk_out2_pll rise edge)
                                                      0.000     0.000 r  
    AD12                                              0.000     0.000 r  i_sys_clk_p (IN)
                         net (fo=0)                   0.000     0.000    pll_inst/inst/clk_in1_p
    AD12                 IBUFDS (Prop_ibufds_I_O)     0.388     0.388 r  pll_inst/inst/clkin1_ibufgds/O
                         net (fo=1, routed)           1.083     1.471    pll_inst/inst/clk_in1_pll_buf
    BUFGCTRL_X0Y3        BUFG (Prop_bufg_I_O)         0.026     1.497 r  pll_inst/inst/clkin1_bufg1/O
                         net (fo=1, routed)           0.767     2.264    pll_inst/inst/clk_in1_pll
    PLLE2_ADV_X1Y0       PLLE2_ADV (Prop_plle2_adv_CLKIN1_CLKOUT1)
                                                     -1.938     0.326 r  pll_inst/inst/plle2_adv_inst/CLKOUT1
                         net (fo=1, routed)           1.145     1.471    pll_inst/inst/clk_out2_pll
    BUFGCTRL_X0Y0        BUFG (Prop_bufg_I_O)         0.026     1.497 r  pll_inst/inst/clkout2_buf/O
                         net (fo=34223, routed)       0.644     2.141    student_top_inst/bridge_inst/clk_out2
    SLICE_X27Y269        FDRE                                         r  student_top_inst/bridge_inst/LED_reg[10]/C
  -------------------------------------------------------------------    -------------------
    SLICE_X27Y269        FDRE (Prop_fdre_C_Q)         0.100     2.241 r  student_top_inst/bridge_inst/LED_reg[10]/Q
                         net (fo=1, routed)           0.622     2.864    twin_controller_inst/Q[10]
    SLICE_X28Y269        FDCE                                         r  twin_controller_inst/status_buffer_reg[15][2]/D
  -------------------------------------------------------------------    -------------------

                         (clock clk_out1_pll rise edge)
                                                      0.000     0.000 r  
    AD12                                              0.000     0.000 r  i_sys_clk_p (IN)
                         net (fo=0)                   0.000     0.000    pll_inst/inst/clk_in1_p
    AD12                 IBUFDS (Prop_ibufds_I_O)     0.470     0.470 r  pll_inst/inst/clkin1_ibufgds/O
                         net (fo=1, routed)           1.154     1.624    pll_inst/inst/clk_in1_pll_buf
    BUFGCTRL_X0Y3        BUFG (Prop_bufg_I_O)         0.030     1.654 r  pll_inst/inst/clkin1_bufg1/O
                         net (fo=1, routed)           1.037     2.691    pll_inst/inst/clk_in1_pll
    PLLE2_ADV_X1Y0       PLLE2_ADV (Prop_plle2_adv_CLKIN1_CLKOUT0)
                                                     -2.283     0.408 r  pll_inst/inst/plle2_adv_inst/CLKOUT0
                         net (fo=1, routed)           1.216     1.624    pll_inst/inst/clk_out1_pll
    BUFGCTRL_X0Y1        BUFG (Prop_bufg_I_O)         0.030     1.654 r  pll_inst/inst/clkout1_buf/O
                         net (fo=353, routed)         0.866     2.520    twin_controller_inst/CLK
    SLICE_X28Y269        FDCE                                         r  twin_controller_inst/status_buffer_reg[15][2]/C
                         clock pessimism             -0.081     2.438    
                         clock uncertainty            0.225     2.664    
    SLICE_X28Y269        FDCE (Hold_fdce_C_D)         0.047     2.711    twin_controller_inst/status_buffer_reg[15][2]
  -------------------------------------------------------------------
                         required time                         -2.711    
                         arrival time                           2.864    
  -------------------------------------------------------------------
                         slack                                  0.153    

Slack (MET) :             0.153ns  (arrival time - required time)
  Source:                 student_top_inst/bridge_inst/LED_reg[4]/C
                            (rising edge-triggered cell FDRE clocked by clk_out2_pll  {rise@0.000ns fall@10.000ns period=20.000ns})
  Destination:            twin_controller_inst/status_buffer_reg[14][4]/D
                            (rising edge-triggered cell FDCE clocked by clk_out1_pll  {rise@0.000ns fall@10.000ns period=20.000ns})
  Path Group:             clk_out1_pll
  Path Type:              Hold (Min at Fast Process Corner)
  Requirement:            0.000ns  (clk_out1_pll rise@0.000ns - clk_out2_pll rise@0.000ns)
  Data Path Delay:        0.673ns  (logic 0.091ns (13.515%)  route 0.582ns (86.485%))
  Logic Levels:           0  
  Clock Path Skew:        0.298ns (DCD - SCD - CPR)
    Destination Clock Delay (DCD):    2.520ns
    Source Clock Delay      (SCD):    2.140ns
    Clock Pessimism Removal (CPR):    0.081ns
  Clock Uncertainty:      0.225ns  ((TSJ^2 + DJ^2)^1/2) / 2 + PE
    Total System Jitter     (TSJ):    0.071ns
    Discrete Jitter          (DJ):    0.198ns
    Phase Error              (PE):    0.120ns

    Location             Delay type                Incr(ns)  Path(ns)    Netlist Resource(s)
  -------------------------------------------------------------------    -------------------
                         (clock clk_out2_pll rise edge)
                                                      0.000     0.000 r  
    AD12                                              0.000     0.000 r  i_sys_clk_p (IN)
                         net (fo=0)                   0.000     0.000    pll_inst/inst/clk_in1_p
    AD12                 IBUFDS (Prop_ibufds_I_O)     0.388     0.388 r  pll_inst/inst/clkin1_ibufgds/O
                         net (fo=1, routed)           1.083     1.471    pll_inst/inst/clk_in1_pll_buf
    BUFGCTRL_X0Y3        BUFG (Prop_bufg_I_O)         0.026     1.497 r  pll_inst/inst/clkin1_bufg1/O
                         net (fo=1, routed)           0.767     2.264    pll_inst/inst/clk_in1_pll
    PLLE2_ADV_X1Y0       PLLE2_ADV (Prop_plle2_adv_CLKIN1_CLKOUT1)
                                                     -1.938     0.326 r  pll_inst/inst/plle2_adv_inst/CLKOUT1
                         net (fo=1, routed)           1.145     1.471    pll_inst/inst/clk_out2_pll
    BUFGCTRL_X0Y0        BUFG (Prop_bufg_I_O)         0.026     1.497 r  pll_inst/inst/clkout2_buf/O
                         net (fo=34223, routed)       0.643     2.140    student_top_inst/bridge_inst/clk_out2
    SLICE_X31Y268        FDRE                                         r  student_top_inst/bridge_inst/LED_reg[4]/C
  -------------------------------------------------------------------    -------------------
    SLICE_X31Y268        FDRE (Prop_fdre_C_Q)         0.091     2.231 r  student_top_inst/bridge_inst/LED_reg[4]/Q
                         net (fo=1, routed)           0.582     2.814    twin_controller_inst/Q[4]
    SLICE_X30Y269        FDCE                                         r  twin_controller_inst/status_buffer_reg[14][4]/D
  -------------------------------------------------------------------    -------------------

                         (clock clk_out1_pll rise edge)
                                                      0.000     0.000 r  
    AD12                                              0.000     0.000 r  i_sys_clk_p (IN)
                         net (fo=0)                   0.000     0.000    pll_inst/inst/clk_in1_p
    AD12                 IBUFDS (Prop_ibufds_I_O)     0.470     0.470 r  pll_inst/inst/clkin1_ibufgds/O
                         net (fo=1, routed)           1.154     1.624    pll_inst/inst/clk_in1_pll_buf
    BUFGCTRL_X0Y3        BUFG (Prop_bufg_I_O)         0.030     1.654 r  pll_inst/inst/clkin1_bufg1/O
                         net (fo=1, routed)           1.037     2.691    pll_inst/inst/clk_in1_pll
    PLLE2_ADV_X1Y0       PLLE2_ADV (Prop_plle2_adv_CLKIN1_CLKOUT0)
                                                     -2.283     0.408 r  pll_inst/inst/plle2_adv_inst/CLKOUT0
                         net (fo=1, routed)           1.216     1.624    pll_inst/inst/clk_out1_pll
    BUFGCTRL_X0Y1        BUFG (Prop_bufg_I_O)         0.030     1.654 r  pll_inst/inst/clkout1_buf/O
                         net (fo=353, routed)         0.866     2.520    twin_controller_inst/CLK
    SLICE_X30Y269        FDCE                                         r  twin_controller_inst/status_buffer_reg[14][4]/C
                         clock pessimism             -0.081     2.438    
                         clock uncertainty            0.225     2.664    
    SLICE_X30Y269        FDCE (Hold_fdce_C_D)        -0.003     2.661    twin_controller_inst/status_buffer_reg[14][4]
  -------------------------------------------------------------------
                         required time                         -2.661    
                         arrival time                           2.814    
  -------------------------------------------------------------------
                         slack                                  0.153    

Slack (MET) :             0.156ns  (arrival time - required time)
  Source:                 student_top_inst/bridge_inst/LED_reg[29]/C
                            (rising edge-triggered cell FDRE clocked by clk_out2_pll  {rise@0.000ns fall@10.000ns period=20.000ns})
  Destination:            twin_controller_inst/status_buffer_reg[17][5]/D
                            (rising edge-triggered cell FDCE clocked by clk_out1_pll  {rise@0.000ns fall@10.000ns period=20.000ns})
  Path Group:             clk_out1_pll
  Path Type:              Hold (Min at Fast Process Corner)
  Requirement:            0.000ns  (clk_out1_pll rise@0.000ns - clk_out2_pll rise@0.000ns)
  Data Path Delay:        0.686ns  (logic 0.091ns (13.258%)  route 0.595ns (86.742%))
  Logic Levels:           0  
  Clock Path Skew:        0.297ns (DCD - SCD - CPR)
    Destination Clock Delay (DCD):    2.521ns
    Source Clock Delay      (SCD):    2.142ns
    Clock Pessimism Removal (CPR):    0.081ns
  Clock Uncertainty:      0.225ns  ((TSJ^2 + DJ^2)^1/2) / 2 + PE
    Total System Jitter     (TSJ):    0.071ns
    Discrete Jitter          (DJ):    0.198ns
    Phase Error              (PE):    0.120ns

    Location             Delay type                Incr(ns)  Path(ns)    Netlist Resource(s)
  -------------------------------------------------------------------    -------------------
                         (clock clk_out2_pll rise edge)
                                                      0.000     0.000 r  
    AD12                                              0.000     0.000 r  i_sys_clk_p (IN)
                         net (fo=0)                   0.000     0.000    pll_inst/inst/clk_in1_p
    AD12                 IBUFDS (Prop_ibufds_I_O)     0.388     0.388 r  pll_inst/inst/clkin1_ibufgds/O
                         net (fo=1, routed)           1.083     1.471    pll_inst/inst/clk_in1_pll_buf
    BUFGCTRL_X0Y3        BUFG (Prop_bufg_I_O)         0.026     1.497 r  pll_inst/inst/clkin1_bufg1/O
                         net (fo=1, routed)           0.767     2.264    pll_inst/inst/clk_in1_pll
    PLLE2_ADV_X1Y0       PLLE2_ADV (Prop_plle2_adv_CLKIN1_CLKOUT1)
                                                     -1.938     0.326 r  pll_inst/inst/plle2_adv_inst/CLKOUT1
                         net (fo=1, routed)           1.145     1.471    pll_inst/inst/clk_out2_pll
    BUFGCTRL_X0Y0        BUFG (Prop_bufg_I_O)         0.026     1.497 r  pll_inst/inst/clkout2_buf/O
                         net (fo=34223, routed)       0.645     2.142    student_top_inst/bridge_inst/clk_out2
    SLICE_X33Y265        FDRE                                         r  student_top_inst/bridge_inst/LED_reg[29]/C
  -------------------------------------------------------------------    -------------------
    SLICE_X33Y265        FDRE (Prop_fdre_C_Q)         0.091     2.233 r  student_top_inst/bridge_inst/LED_reg[29]/Q
                         net (fo=1, routed)           0.595     2.829    twin_controller_inst/Q[29]
    SLICE_X34Y266        FDCE                                         r  twin_controller_inst/status_buffer_reg[17][5]/D
  -------------------------------------------------------------------    -------------------

                         (clock clk_out1_pll rise edge)
                                                      0.000     0.000 r  
    AD12                                              0.000     0.000 r  i_sys_clk_p (IN)
                         net (fo=0)                   0.000     0.000    pll_inst/inst/clk_in1_p
    AD12                 IBUFDS (Prop_ibufds_I_O)     0.470     0.470 r  pll_inst/inst/clkin1_ibufgds/O
                         net (fo=1, routed)           1.154     1.624    pll_inst/inst/clk_in1_pll_buf
    BUFGCTRL_X0Y3        BUFG (Prop_bufg_I_O)         0.030     1.654 r  pll_inst/inst/clkin1_bufg1/O
                         net (fo=1, routed)           1.037     2.691    pll_inst/inst/clk_in1_pll
    PLLE2_ADV_X1Y0       PLLE2_ADV (Prop_plle2_adv_CLKIN1_CLKOUT0)
                                                     -2.283     0.408 r  pll_inst/inst/plle2_adv_inst/CLKOUT0
                         net (fo=1, routed)           1.216     1.624    pll_inst/inst/clk_out1_pll
    BUFGCTRL_X0Y1        BUFG (Prop_bufg_I_O)         0.030     1.654 r  pll_inst/inst/clkout1_buf/O
                         net (fo=353, routed)         0.867     2.521    twin_controller_inst/CLK
    SLICE_X34Y266        FDCE                                         r  twin_controller_inst/status_buffer_reg[17][5]/C
                         clock pessimism             -0.081     2.439    
                         clock uncertainty            0.225     2.665    
    SLICE_X34Y266        FDCE (Hold_fdce_C_D)         0.008     2.673    twin_controller_inst/status_buffer_reg[17][5]
  -------------------------------------------------------------------
                         required time                         -2.673    
                         arrival time                           2.829    
  -------------------------------------------------------------------
                         slack                                  0.156    

Slack (MET) :             0.157ns  (arrival time - required time)
  Source:                 student_top_inst/bridge_inst/LED_reg[0]/C
                            (rising edge-triggered cell FDRE clocked by clk_out2_pll  {rise@0.000ns fall@10.000ns period=20.000ns})
  Destination:            twin_controller_inst/status_buffer_reg[14][0]/D
                            (rising edge-triggered cell FDCE clocked by clk_out1_pll  {rise@0.000ns fall@10.000ns period=20.000ns})
  Path Group:             clk_out1_pll
  Path Type:              Hold (Min at Fast Process Corner)
  Requirement:            0.000ns  (clk_out1_pll rise@0.000ns - clk_out2_pll rise@0.000ns)
  Data Path Delay:        0.712ns  (logic 0.100ns (14.035%)  route 0.612ns (85.965%))
  Logic Levels:           0  
  Clock Path Skew:        0.297ns (DCD - SCD - CPR)
    Destination Clock Delay (DCD):    2.520ns
    Source Clock Delay      (SCD):    2.141ns
    Clock Pessimism Removal (CPR):    0.081ns
  Clock Uncertainty:      0.225ns  ((TSJ^2 + DJ^2)^1/2) / 2 + PE
    Total System Jitter     (TSJ):    0.071ns
    Discrete Jitter          (DJ):    0.198ns
    Phase Error              (PE):    0.120ns

    Location             Delay type                Incr(ns)  Path(ns)    Netlist Resource(s)
  -------------------------------------------------------------------    -------------------
                         (clock clk_out2_pll rise edge)
                                                      0.000     0.000 r  
    AD12                                              0.000     0.000 r  i_sys_clk_p (IN)
                         net (fo=0)                   0.000     0.000    pll_inst/inst/clk_in1_p
    AD12                 IBUFDS (Prop_ibufds_I_O)     0.388     0.388 r  pll_inst/inst/clkin1_ibufgds/O
                         net (fo=1, routed)           1.083     1.471    pll_inst/inst/clk_in1_pll_buf
    BUFGCTRL_X0Y3        BUFG (Prop_bufg_I_O)         0.026     1.497 r  pll_inst/inst/clkin1_bufg1/O
                         net (fo=1, routed)           0.767     2.264    pll_inst/inst/clk_in1_pll
    PLLE2_ADV_X1Y0       PLLE2_ADV (Prop_plle2_adv_CLKIN1_CLKOUT1)
                                                     -1.938     0.326 r  pll_inst/inst/plle2_adv_inst/CLKOUT1
                         net (fo=1, routed)           1.145     1.471    pll_inst/inst/clk_out2_pll
    BUFGCTRL_X0Y0        BUFG (Prop_bufg_I_O)         0.026     1.497 r  pll_inst/inst/clkout2_buf/O
                         net (fo=34223, routed)       0.644     2.141    student_top_inst/bridge_inst/clk_out2
    SLICE_X27Y269        FDRE                                         r  student_top_inst/bridge_inst/LED_reg[0]/C
  -------------------------------------------------------------------    -------------------
    SLICE_X27Y269        FDRE (Prop_fdre_C_Q)         0.100     2.241 r  student_top_inst/bridge_inst/LED_reg[0]/Q
                         net (fo=1, routed)           0.612     2.854    twin_controller_inst/Q[0]
    SLICE_X28Y269        FDCE                                         r  twin_controller_inst/status_buffer_reg[14][0]/D
  -------------------------------------------------------------------    -------------------

                         (clock clk_out1_pll rise edge)
                                                      0.000     0.000 r  
    AD12                                              0.000     0.000 r  i_sys_clk_p (IN)
                         net (fo=0)                   0.000     0.000    pll_inst/inst/clk_in1_p
    AD12                 IBUFDS (Prop_ibufds_I_O)     0.470     0.470 r  pll_inst/inst/clkin1_ibufgds/O
                         net (fo=1, routed)           1.154     1.624    pll_inst/inst/clk_in1_pll_buf
    BUFGCTRL_X0Y3        BUFG (Prop_bufg_I_O)         0.030     1.654 r  pll_inst/inst/clkin1_bufg1/O
                         net (fo=1, routed)           1.037     2.691    pll_inst/inst/clk_in1_pll
    PLLE2_ADV_X1Y0       PLLE2_ADV (Prop_plle2_adv_CLKIN1_CLKOUT0)
                                                     -2.283     0.408 r  pll_inst/inst/plle2_adv_inst/CLKOUT0
                         net (fo=1, routed)           1.216     1.624    pll_inst/inst/clk_out1_pll
    BUFGCTRL_X0Y1        BUFG (Prop_bufg_I_O)         0.030     1.654 r  pll_inst/inst/clkout1_buf/O
                         net (fo=353, routed)         0.866     2.520    twin_controller_inst/CLK
    SLICE_X28Y269        FDCE                                         r  twin_controller_inst/status_buffer_reg[14][0]/C
                         clock pessimism             -0.081     2.438    
                         clock uncertainty            0.225     2.664    
    SLICE_X28Y269        FDCE (Hold_fdce_C_D)         0.033     2.697    twin_controller_inst/status_buffer_reg[14][0]
  -------------------------------------------------------------------
                         required time                         -2.697    
                         arrival time                           2.854    
  -------------------------------------------------------------------
                         slack                                  0.157    

Slack (MET) :             0.160ns  (arrival time - required time)
  Source:                 student_top_inst/bridge_inst/LED_reg[18]/C
                            (rising edge-triggered cell FDRE clocked by clk_out2_pll  {rise@0.000ns fall@10.000ns period=20.000ns})
  Destination:            twin_controller_inst/status_buffer_reg[16][2]/D
                            (rising edge-triggered cell FDCE clocked by clk_out1_pll  {rise@0.000ns fall@10.000ns period=20.000ns})
  Path Group:             clk_out1_pll
  Path Type:              Hold (Min at Fast Process Corner)
  Requirement:            0.000ns  (clk_out1_pll rise@0.000ns - clk_out2_pll rise@0.000ns)
  Data Path Delay:        0.717ns  (logic 0.100ns (13.948%)  route 0.617ns (86.052%))
  Logic Levels:           0  
  Clock Path Skew:        0.291ns (DCD - SCD - CPR)
    Destination Clock Delay (DCD):    2.519ns
    Source Clock Delay      (SCD):    2.146ns
    Clock Pessimism Removal (CPR):    0.081ns
  Clock Uncertainty:      0.225ns  ((TSJ^2 + DJ^2)^1/2) / 2 + PE
    Total System Jitter     (TSJ):    0.071ns
    Discrete Jitter          (DJ):    0.198ns
    Phase Error              (PE):    0.120ns

    Location             Delay type                Incr(ns)  Path(ns)    Netlist Resource(s)
  -------------------------------------------------------------------    -------------------
                         (clock clk_out2_pll rise edge)
                                                      0.000     0.000 r  
    AD12                                              0.000     0.000 r  i_sys_clk_p (IN)
                         net (fo=0)                   0.000     0.000    pll_inst/inst/clk_in1_p
    AD12                 IBUFDS (Prop_ibufds_I_O)     0.388     0.388 r  pll_inst/inst/clkin1_ibufgds/O
                         net (fo=1, routed)           1.083     1.471    pll_inst/inst/clk_in1_pll_buf
    BUFGCTRL_X0Y3        BUFG (Prop_bufg_I_O)         0.026     1.497 r  pll_inst/inst/clkin1_bufg1/O
                         net (fo=1, routed)           0.767     2.264    pll_inst/inst/clk_in1_pll
    PLLE2_ADV_X1Y0       PLLE2_ADV (Prop_plle2_adv_CLKIN1_CLKOUT1)
                                                     -1.938     0.326 r  pll_inst/inst/plle2_adv_inst/CLKOUT1
                         net (fo=1, routed)           1.145     1.471    pll_inst/inst/clk_out2_pll
    BUFGCTRL_X0Y0        BUFG (Prop_bufg_I_O)         0.026     1.497 r  pll_inst/inst/clkout2_buf/O
                         net (fo=34223, routed)       0.649     2.146    student_top_inst/bridge_inst/clk_out2
    SLICE_X27Y262        FDRE                                         r  student_top_inst/bridge_inst/LED_reg[18]/C
  -------------------------------------------------------------------    -------------------
    SLICE_X27Y262        FDRE (Prop_fdre_C_Q)         0.100     2.246 r  student_top_inst/bridge_inst/LED_reg[18]/Q
                         net (fo=1, routed)           0.617     2.863    twin_controller_inst/Q[18]
    SLICE_X28Y270        FDCE                                         r  twin_controller_inst/status_buffer_reg[16][2]/D
  -------------------------------------------------------------------    -------------------

                         (clock clk_out1_pll rise edge)
                                                      0.000     0.000 r  
    AD12                                              0.000     0.000 r  i_sys_clk_p (IN)
                         net (fo=0)                   0.000     0.000    pll_inst/inst/clk_in1_p
    AD12                 IBUFDS (Prop_ibufds_I_O)     0.470     0.470 r  pll_inst/inst/clkin1_ibufgds/O
                         net (fo=1, routed)           1.154     1.624    pll_inst/inst/clk_in1_pll_buf
    BUFGCTRL_X0Y3        BUFG (Prop_bufg_I_O)         0.030     1.654 r  pll_inst/inst/clkin1_bufg1/O
                         net (fo=1, routed)           1.037     2.691    pll_inst/inst/clk_in1_pll
    PLLE2_ADV_X1Y0       PLLE2_ADV (Prop_plle2_adv_CLKIN1_CLKOUT0)
                                                     -2.283     0.408 r  pll_inst/inst/plle2_adv_inst/CLKOUT0
                         net (fo=1, routed)           1.216     1.624    pll_inst/inst/clk_out1_pll
    BUFGCTRL_X0Y1        BUFG (Prop_bufg_I_O)         0.030     1.654 r  pll_inst/inst/clkout1_buf/O
                         net (fo=353, routed)         0.865     2.519    twin_controller_inst/CLK
    SLICE_X28Y270        FDCE                                         r  twin_controller_inst/status_buffer_reg[16][2]/C
                         clock pessimism             -0.081     2.437    
                         clock uncertainty            0.225     2.663    
    SLICE_X28Y270        FDCE (Hold_fdce_C_D)         0.041     2.704    twin_controller_inst/status_buffer_reg[16][2]
  -------------------------------------------------------------------
                         required time                         -2.704    
                         arrival time                           2.863    
  -------------------------------------------------------------------
                         slack                                  0.160    





---------------------------------------------------------------------------------------------------
From Clock:  clk_out1_pll
  To Clock:  clk_out2_pll

Setup :            0  Failing Endpoints,  Worst Slack       16.832ns,  Total Violation        0.000ns
Hold  :            0  Failing Endpoints,  Worst Slack        0.103ns,  Total Violation        0.000ns
---------------------------------------------------------------------------------------------------


Max Delay Paths
--------------------------------------------------------------------------------------
Slack (MET) :             16.832ns  (required time - arrival time)
  Source:                 twin_controller_inst/sw_reg[39]/C
                            (rising edge-triggered cell FDCE clocked by clk_out1_pll  {rise@0.000ns fall@10.000ns period=20.000ns})
  Destination:            student_top_inst/Core_cpu/load_data_out_reg[7]/D
                            (rising edge-triggered cell FDCE clocked by clk_out2_pll  {rise@0.000ns fall@10.000ns period=20.000ns})
  Path Group:             clk_out2_pll
  Path Type:              Setup (Max at Slow Process Corner)
  Requirement:            20.000ns  (clk_out2_pll rise@20.000ns - clk_out1_pll rise@0.000ns)
  Data Path Delay:        2.681ns  (logic 0.451ns (16.822%)  route 2.230ns (83.178%))
  Logic Levels:           3  (LUT3=1 LUT6=2)
  Clock Path Skew:        -0.296ns (DCD - SCD + CPR)
    Destination Clock Delay (DCD):    4.332ns = ( 24.332 - 20.000 ) 
    Source Clock Delay      (SCD):    4.724ns
    Clock Pessimism Removal (CPR):    0.095ns
  Clock Uncertainty:      0.225ns  ((TSJ^2 + DJ^2)^1/2) / 2 + PE
    Total System Jitter     (TSJ):    0.071ns
    Discrete Jitter          (DJ):    0.198ns
    Phase Error              (PE):    0.120ns

    Location             Delay type                Incr(ns)  Path(ns)    Netlist Resource(s)
  -------------------------------------------------------------------    -------------------
                         (clock clk_out1_pll rise edge)
                                                      0.000     0.000 r  
    AD12                                              0.000     0.000 r  i_sys_clk_p (IN)
                         net (fo=0)                   0.000     0.000    pll_inst/inst/clk_in1_p
    AD12                 IBUFDS (Prop_ibufds_I_O)     0.906     0.906 r  pll_inst/inst/clkin1_ibufgds/O
                         net (fo=1, routed)           2.299     3.205    pll_inst/inst/clk_in1_pll_buf
    BUFGCTRL_X0Y3        BUFG (Prop_bufg_I_O)         0.093     3.298 r  pll_inst/inst/clkin1_bufg1/O
                         net (fo=1, routed)           1.959     5.257    pll_inst/inst/clk_in1_pll
    PLLE2_ADV_X1Y0       PLLE2_ADV (Prop_plle2_adv_CLKIN1_CLKOUT0)
                                                     -4.519     0.738 r  pll_inst/inst/plle2_adv_inst/CLKOUT0
                         net (fo=1, routed)           2.467     3.205    pll_inst/inst/clk_out1_pll
    BUFGCTRL_X0Y1        BUFG (Prop_bufg_I_O)         0.093     3.298 r  pll_inst/inst/clkout1_buf/O
                         net (fo=353, routed)         1.426     4.724    twin_controller_inst/CLK
    SLICE_X36Y270        FDCE                                         r  twin_controller_inst/sw_reg[39]/C
  -------------------------------------------------------------------    -------------------
    SLICE_X36Y270        FDCE (Prop_fdce_C_Q)         0.223     4.947 r  twin_controller_inst/sw_reg[39]/Q
                         net (fo=3, routed)           0.744     5.691    student_top_inst/Core_cpu/virtual_sw[29]
    SLICE_X34Y270        LUT6 (Prop_lut6_I3_O)        0.043     5.734 f  student_top_inst/Core_cpu/load_data_out[7]_i_4/O
                         net (fo=1, routed)           0.634     6.368    student_top_inst/Core_cpu/load_data_out[7]_i_4_n_0
    SLICE_X33Y272        LUT3 (Prop_lut3_I0_O)        0.049     6.417 f  student_top_inst/Core_cpu/load_data_out[7]_i_2/O
                         net (fo=1, routed)           0.852     7.269    student_top_inst/Core_cpu/load_data_out[7]_i_2_n_0
    SLICE_X33Y255        LUT6 (Prop_lut6_I0_O)        0.136     7.405 r  student_top_inst/Core_cpu/load_data_out[7]_i_1/O
                         net (fo=1, routed)           0.000     7.405    student_top_inst/Core_cpu/perip_rdata[7]
    SLICE_X33Y255        FDCE                                         r  student_top_inst/Core_cpu/load_data_out_reg[7]/D
  -------------------------------------------------------------------    -------------------

                         (clock clk_out2_pll rise edge)
                                                     20.000    20.000 r  
    AD12                                              0.000    20.000 r  i_sys_clk_p (IN)
                         net (fo=0)                   0.000    20.000    pll_inst/inst/clk_in1_p
    AD12                 IBUFDS (Prop_ibufds_I_O)     0.803    20.803 r  pll_inst/inst/clkin1_ibufgds/O
                         net (fo=1, routed)           2.173    22.976    pll_inst/inst/clk_in1_pll_buf
    BUFGCTRL_X0Y3        BUFG (Prop_bufg_I_O)         0.083    23.059 r  pll_inst/inst/clkin1_bufg1/O
                         net (fo=1, routed)           1.796    24.855    pll_inst/inst/clk_in1_pll
    PLLE2_ADV_X1Y0       PLLE2_ADV (Prop_plle2_adv_CLKIN1_CLKOUT1)
                                                     -4.213    20.642 r  pll_inst/inst/plle2_adv_inst/CLKOUT1
                         net (fo=1, routed)           2.334    22.976    pll_inst/inst/clk_out2_pll
    BUFGCTRL_X0Y0        BUFG (Prop_bufg_I_O)         0.083    23.059 r  pll_inst/inst/clkout2_buf/O
                         net (fo=34223, routed)       1.273    24.332    student_top_inst/Core_cpu/clk_out2
    SLICE_X33Y255        FDCE                                         r  student_top_inst/Core_cpu/load_data_out_reg[7]/C
                         clock pessimism              0.095    24.428    
                         clock uncertainty           -0.225    24.202    
    SLICE_X33Y255        FDCE (Setup_fdce_C_D)        0.034    24.236    student_top_inst/Core_cpu/load_data_out_reg[7]
  -------------------------------------------------------------------
                         required time                         24.236    
                         arrival time                          -7.405    
  -------------------------------------------------------------------
                         slack                                 16.832    

Slack (MET) :             17.053ns  (required time - arrival time)
  Source:                 twin_controller_inst/key_reg[1]/C
                            (rising edge-triggered cell FDCE clocked by clk_out1_pll  {rise@0.000ns fall@10.000ns period=20.000ns})
  Destination:            student_top_inst/Core_cpu/load_data_out_reg[1]/D
                            (rising edge-triggered cell FDCE clocked by clk_out2_pll  {rise@0.000ns fall@10.000ns period=20.000ns})
  Path Group:             clk_out2_pll
  Path Type:              Setup (Max at Slow Process Corner)
  Requirement:            20.000ns  (clk_out2_pll rise@20.000ns - clk_out1_pll rise@0.000ns)
  Data Path Delay:        2.461ns  (logic 0.352ns (14.304%)  route 2.109ns (85.696%))
  Logic Levels:           3  (LUT3=1 LUT6=2)
  Clock Path Skew:        -0.294ns (DCD - SCD + CPR)
    Destination Clock Delay (DCD):    4.332ns = ( 24.332 - 20.000 ) 
    Source Clock Delay      (SCD):    4.722ns
    Clock Pessimism Removal (CPR):    0.095ns
  Clock Uncertainty:      0.225ns  ((TSJ^2 + DJ^2)^1/2) / 2 + PE
    Total System Jitter     (TSJ):    0.071ns
    Discrete Jitter          (DJ):    0.198ns
    Phase Error              (PE):    0.120ns

    Location             Delay type                Incr(ns)  Path(ns)    Netlist Resource(s)
  -------------------------------------------------------------------    -------------------
                         (clock clk_out1_pll rise edge)
                                                      0.000     0.000 r  
    AD12                                              0.000     0.000 r  i_sys_clk_p (IN)
                         net (fo=0)                   0.000     0.000    pll_inst/inst/clk_in1_p
    AD12                 IBUFDS (Prop_ibufds_I_O)     0.906     0.906 r  pll_inst/inst/clkin1_ibufgds/O
                         net (fo=1, routed)           2.299     3.205    pll_inst/inst/clk_in1_pll_buf
    BUFGCTRL_X0Y3        BUFG (Prop_bufg_I_O)         0.093     3.298 r  pll_inst/inst/clkin1_bufg1/O
                         net (fo=1, routed)           1.959     5.257    pll_inst/inst/clk_in1_pll
    PLLE2_ADV_X1Y0       PLLE2_ADV (Prop_plle2_adv_CLKIN1_CLKOUT0)
                                                     -4.519     0.738 r  pll_inst/inst/plle2_adv_inst/CLKOUT0
                         net (fo=1, routed)           2.467     3.205    pll_inst/inst/clk_out1_pll
    BUFGCTRL_X0Y1        BUFG (Prop_bufg_I_O)         0.093     3.298 r  pll_inst/inst/clkout1_buf/O
                         net (fo=353, routed)         1.424     4.722    twin_controller_inst/CLK
    SLICE_X34Y273        FDCE                                         r  twin_controller_inst/key_reg[1]/C
  -------------------------------------------------------------------    -------------------
    SLICE_X34Y273        FDCE (Prop_fdce_C_Q)         0.223     4.945 r  twin_controller_inst/key_reg[1]/Q
                         net (fo=3, routed)           0.848     5.793    student_top_inst/Core_cpu/D[1]
    SLICE_X31Y268        LUT6 (Prop_lut6_I5_O)        0.043     5.836 f  student_top_inst/Core_cpu/load_data_out[1]_i_4/O
                         net (fo=1, routed)           0.538     6.374    student_top_inst/Core_cpu/load_data_out[1]_i_4_n_0
    SLICE_X32Y266        LUT3 (Prop_lut3_I0_O)        0.043     6.417 f  student_top_inst/Core_cpu/load_data_out[1]_i_2/O
                         net (fo=1, routed)           0.723     7.139    student_top_inst/Core_cpu/load_data_out[1]_i_2_n_0
    SLICE_X35Y255        LUT6 (Prop_lut6_I0_O)        0.043     7.182 r  student_top_inst/Core_cpu/load_data_out[1]_i_1/O
                         net (fo=1, routed)           0.000     7.182    student_top_inst/Core_cpu/perip_rdata[1]
    SLICE_X35Y255        FDCE                                         r  student_top_inst/Core_cpu/load_data_out_reg[1]/D
  -------------------------------------------------------------------    -------------------

                         (clock clk_out2_pll rise edge)
                                                     20.000    20.000 r  
    AD12                                              0.000    20.000 r  i_sys_clk_p (IN)
                         net (fo=0)                   0.000    20.000    pll_inst/inst/clk_in1_p
    AD12                 IBUFDS (Prop_ibufds_I_O)     0.803    20.803 r  pll_inst/inst/clkin1_ibufgds/O
                         net (fo=1, routed)           2.173    22.976    pll_inst/inst/clk_in1_pll_buf
    BUFGCTRL_X0Y3        BUFG (Prop_bufg_I_O)         0.083    23.059 r  pll_inst/inst/clkin1_bufg1/O
                         net (fo=1, routed)           1.796    24.855    pll_inst/inst/clk_in1_pll
    PLLE2_ADV_X1Y0       PLLE2_ADV (Prop_plle2_adv_CLKIN1_CLKOUT1)
                                                     -4.213    20.642 r  pll_inst/inst/plle2_adv_inst/CLKOUT1
                         net (fo=1, routed)           2.334    22.976    pll_inst/inst/clk_out2_pll
    BUFGCTRL_X0Y0        BUFG (Prop_bufg_I_O)         0.083    23.059 r  pll_inst/inst/clkout2_buf/O
                         net (fo=34223, routed)       1.273    24.332    student_top_inst/Core_cpu/clk_out2
    SLICE_X35Y255        FDCE                                         r  student_top_inst/Core_cpu/load_data_out_reg[1]/C
                         clock pessimism              0.095    24.428    
                         clock uncertainty           -0.225    24.202    
    SLICE_X35Y255        FDCE (Setup_fdce_C_D)        0.033    24.235    student_top_inst/Core_cpu/load_data_out_reg[1]
  -------------------------------------------------------------------
                         required time                         24.235    
                         arrival time                          -7.182    
  -------------------------------------------------------------------
                         slack                                 17.053    

Slack (MET) :             17.071ns  (required time - arrival time)
  Source:                 twin_controller_inst/sw_reg[2]/C
                            (rising edge-triggered cell FDCE clocked by clk_out1_pll  {rise@0.000ns fall@10.000ns period=20.000ns})
  Destination:            student_top_inst/Core_cpu/load_data_out_reg[2]/D
                            (rising edge-triggered cell FDCE clocked by clk_out2_pll  {rise@0.000ns fall@10.000ns period=20.000ns})
  Path Group:             clk_out2_pll
  Path Type:              Setup (Max at Slow Process Corner)
  Requirement:            20.000ns  (clk_out2_pll rise@20.000ns - clk_out1_pll rise@0.000ns)
  Data Path Delay:        2.443ns  (logic 0.352ns (14.408%)  route 2.091ns (85.592%))
  Logic Levels:           3  (LUT4=1 LUT6=2)
  Clock Path Skew:        -0.294ns (DCD - SCD + CPR)
    Destination Clock Delay (DCD):    4.332ns = ( 24.332 - 20.000 ) 
    Source Clock Delay      (SCD):    4.722ns
    Clock Pessimism Removal (CPR):    0.095ns
  Clock Uncertainty:      0.225ns  ((TSJ^2 + DJ^2)^1/2) / 2 + PE
    Total System Jitter     (TSJ):    0.071ns
    Discrete Jitter          (DJ):    0.198ns
    Phase Error              (PE):    0.120ns

    Location             Delay type                Incr(ns)  Path(ns)    Netlist Resource(s)
  -------------------------------------------------------------------    -------------------
                         (clock clk_out1_pll rise edge)
                                                      0.000     0.000 r  
    AD12                                              0.000     0.000 r  i_sys_clk_p (IN)
                         net (fo=0)                   0.000     0.000    pll_inst/inst/clk_in1_p
    AD12                 IBUFDS (Prop_ibufds_I_O)     0.906     0.906 r  pll_inst/inst/clkin1_ibufgds/O
                         net (fo=1, routed)           2.299     3.205    pll_inst/inst/clk_in1_pll_buf
    BUFGCTRL_X0Y3        BUFG (Prop_bufg_I_O)         0.093     3.298 r  pll_inst/inst/clkin1_bufg1/O
                         net (fo=1, routed)           1.959     5.257    pll_inst/inst/clk_in1_pll
    PLLE2_ADV_X1Y0       PLLE2_ADV (Prop_plle2_adv_CLKIN1_CLKOUT0)
                                                     -4.519     0.738 r  pll_inst/inst/plle2_adv_inst/CLKOUT0
                         net (fo=1, routed)           2.467     3.205    pll_inst/inst/clk_out1_pll
    BUFGCTRL_X0Y1        BUFG (Prop_bufg_I_O)         0.093     3.298 r  pll_inst/inst/clkout1_buf/O
                         net (fo=353, routed)         1.424     4.722    twin_controller_inst/CLK
    SLICE_X29Y274        FDCE                                         r  twin_controller_inst/sw_reg[2]/C
  -------------------------------------------------------------------    -------------------
    SLICE_X29Y274        FDCE (Prop_fdce_C_Q)         0.223     4.945 r  twin_controller_inst/sw_reg[2]/Q
                         net (fo=3, routed)           0.839     5.784    twin_controller_inst/virtual_sw[2]
    SLICE_X29Y266        LUT4 (Prop_lut4_I0_O)        0.043     5.827 r  twin_controller_inst/load_data_out[2]_i_4/O
                         net (fo=1, routed)           0.432     6.259    student_top_inst/Core_cpu/load_data_out_reg[2]_0
    SLICE_X31Y266        LUT6 (Prop_lut6_I0_O)        0.043     6.302 f  student_top_inst/Core_cpu/load_data_out[2]_i_2/O
                         net (fo=1, routed)           0.820     7.122    student_top_inst/Core_cpu/load_data_out[2]_i_2_n_0
    SLICE_X32Y255        LUT6 (Prop_lut6_I0_O)        0.043     7.165 r  student_top_inst/Core_cpu/load_data_out[2]_i_1/O
                         net (fo=1, routed)           0.000     7.165    student_top_inst/Core_cpu/perip_rdata[2]
    SLICE_X32Y255        FDCE                                         r  student_top_inst/Core_cpu/load_data_out_reg[2]/D
  -------------------------------------------------------------------    -------------------

                         (clock clk_out2_pll rise edge)
                                                     20.000    20.000 r  
    AD12                                              0.000    20.000 r  i_sys_clk_p (IN)
                         net (fo=0)                   0.000    20.000    pll_inst/inst/clk_in1_p
    AD12                 IBUFDS (Prop_ibufds_I_O)     0.803    20.803 r  pll_inst/inst/clkin1_ibufgds/O
                         net (fo=1, routed)           2.173    22.976    pll_inst/inst/clk_in1_pll_buf
    BUFGCTRL_X0Y3        BUFG (Prop_bufg_I_O)         0.083    23.059 r  pll_inst/inst/clkin1_bufg1/O
                         net (fo=1, routed)           1.796    24.855    pll_inst/inst/clk_in1_pll
    PLLE2_ADV_X1Y0       PLLE2_ADV (Prop_plle2_adv_CLKIN1_CLKOUT1)
                                                     -4.213    20.642 r  pll_inst/inst/plle2_adv_inst/CLKOUT1
                         net (fo=1, routed)           2.334    22.976    pll_inst/inst/clk_out2_pll
    BUFGCTRL_X0Y0        BUFG (Prop_bufg_I_O)         0.083    23.059 r  pll_inst/inst/clkout2_buf/O
                         net (fo=34223, routed)       1.273    24.332    student_top_inst/Core_cpu/clk_out2
    SLICE_X32Y255        FDCE                                         r  student_top_inst/Core_cpu/load_data_out_reg[2]/C
                         clock pessimism              0.095    24.428    
                         clock uncertainty           -0.225    24.202    
    SLICE_X32Y255        FDCE (Setup_fdce_C_D)        0.033    24.235    student_top_inst/Core_cpu/load_data_out_reg[2]
  -------------------------------------------------------------------
                         required time                         24.235    
                         arrival time                          -7.165    
  -------------------------------------------------------------------
                         slack                                 17.071    

Slack (MET) :             17.110ns  (required time - arrival time)
  Source:                 twin_controller_inst/sw_reg[35]/C
                            (rising edge-triggered cell FDCE clocked by clk_out1_pll  {rise@0.000ns fall@10.000ns period=20.000ns})
  Destination:            student_top_inst/Core_cpu/load_data_out_reg[3]/D
                            (rising edge-triggered cell FDCE clocked by clk_out2_pll  {rise@0.000ns fall@10.000ns period=20.000ns})
  Path Group:             clk_out2_pll
  Path Type:              Setup (Max at Slow Process Corner)
  Requirement:            20.000ns  (clk_out2_pll rise@20.000ns - clk_out1_pll rise@0.000ns)
  Data Path Delay:        2.399ns  (logic 0.451ns (18.801%)  route 1.948ns (81.199%))
  Logic Levels:           3  (LUT3=1 LUT6=2)
  Clock Path Skew:        -0.300ns (DCD - SCD + CPR)
    Destination Clock Delay (DCD):    4.332ns = ( 24.332 - 20.000 ) 
    Source Clock Delay      (SCD):    4.728ns
    Clock Pessimism Removal (CPR):    0.095ns
  Clock Uncertainty:      0.225ns  ((TSJ^2 + DJ^2)^1/2) / 2 + PE
    Total System Jitter     (TSJ):    0.071ns
    Discrete Jitter          (DJ):    0.198ns
    Phase Error              (PE):    0.120ns

    Location             Delay type                Incr(ns)  Path(ns)    Netlist Resource(s)
  -------------------------------------------------------------------    -------------------
                         (clock clk_out1_pll rise edge)
                                                      0.000     0.000 r  
    AD12                                              0.000     0.000 r  i_sys_clk_p (IN)
                         net (fo=0)                   0.000     0.000    pll_inst/inst/clk_in1_p
    AD12                 IBUFDS (Prop_ibufds_I_O)     0.906     0.906 r  pll_inst/inst/clkin1_ibufgds/O
                         net (fo=1, routed)           2.299     3.205    pll_inst/inst/clk_in1_pll_buf
    BUFGCTRL_X0Y3        BUFG (Prop_bufg_I_O)         0.093     3.298 r  pll_inst/inst/clkin1_bufg1/O
                         net (fo=1, routed)           1.959     5.257    pll_inst/inst/clk_in1_pll
    PLLE2_ADV_X1Y0       PLLE2_ADV (Prop_plle2_adv_CLKIN1_CLKOUT0)
                                                     -4.519     0.738 r  pll_inst/inst/plle2_adv_inst/CLKOUT0
                         net (fo=1, routed)           2.467     3.205    pll_inst/inst/clk_out1_pll
    BUFGCTRL_X0Y1        BUFG (Prop_bufg_I_O)         0.093     3.298 r  pll_inst/inst/clkout1_buf/O
                         net (fo=353, routed)         1.430     4.728    twin_controller_inst/CLK
    SLICE_X35Y269        FDCE                                         r  twin_controller_inst/sw_reg[35]/C
  -------------------------------------------------------------------    -------------------
    SLICE_X35Y269        FDCE (Prop_fdce_C_Q)         0.223     4.951 r  twin_controller_inst/sw_reg[35]/Q
                         net (fo=3, routed)           0.557     5.507    student_top_inst/Core_cpu/virtual_sw[28]
    SLICE_X35Y268        LUT6 (Prop_lut6_I3_O)        0.043     5.550 f  student_top_inst/Core_cpu/load_data_out[3]_i_4/O
                         net (fo=1, routed)           0.558     6.108    student_top_inst/Core_cpu/load_data_out[3]_i_4_n_0
    SLICE_X32Y266        LUT3 (Prop_lut3_I0_O)        0.049     6.157 f  student_top_inst/Core_cpu/load_data_out[3]_i_2/O
                         net (fo=1, routed)           0.834     6.990    student_top_inst/Core_cpu/load_data_out[3]_i_2_n_0
    SLICE_X35Y255        LUT6 (Prop_lut6_I0_O)        0.136     7.126 r  student_top_inst/Core_cpu/load_data_out[3]_i_1/O
                         net (fo=1, routed)           0.000     7.126    student_top_inst/Core_cpu/perip_rdata[3]
    SLICE_X35Y255        FDCE                                         r  student_top_inst/Core_cpu/load_data_out_reg[3]/D
  -------------------------------------------------------------------    -------------------

                         (clock clk_out2_pll rise edge)
                                                     20.000    20.000 r  
    AD12                                              0.000    20.000 r  i_sys_clk_p (IN)
                         net (fo=0)                   0.000    20.000    pll_inst/inst/clk_in1_p
    AD12                 IBUFDS (Prop_ibufds_I_O)     0.803    20.803 r  pll_inst/inst/clkin1_ibufgds/O
                         net (fo=1, routed)           2.173    22.976    pll_inst/inst/clk_in1_pll_buf
    BUFGCTRL_X0Y3        BUFG (Prop_bufg_I_O)         0.083    23.059 r  pll_inst/inst/clkin1_bufg1/O
                         net (fo=1, routed)           1.796    24.855    pll_inst/inst/clk_in1_pll
    PLLE2_ADV_X1Y0       PLLE2_ADV (Prop_plle2_adv_CLKIN1_CLKOUT1)
                                                     -4.213    20.642 r  pll_inst/inst/plle2_adv_inst/CLKOUT1
                         net (fo=1, routed)           2.334    22.976    pll_inst/inst/clk_out2_pll
    BUFGCTRL_X0Y0        BUFG (Prop_bufg_I_O)         0.083    23.059 r  pll_inst/inst/clkout2_buf/O
                         net (fo=34223, routed)       1.273    24.332    student_top_inst/Core_cpu/clk_out2
    SLICE_X35Y255        FDCE                                         r  student_top_inst/Core_cpu/load_data_out_reg[3]/C
                         clock pessimism              0.095    24.428    
                         clock uncertainty           -0.225    24.202    
    SLICE_X35Y255        FDCE (Setup_fdce_C_D)        0.034    24.236    student_top_inst/Core_cpu/load_data_out_reg[3]
  -------------------------------------------------------------------
                         required time                         24.236    
                         arrival time                          -7.126    
  -------------------------------------------------------------------
                         slack                                 17.110    

Slack (MET) :             17.171ns  (required time - arrival time)
  Source:                 twin_controller_inst/sw_reg[63]/C
                            (rising edge-triggered cell FDCE clocked by clk_out1_pll  {rise@0.000ns fall@10.000ns period=20.000ns})
  Destination:            student_top_inst/Core_cpu/load_data_out_reg[31]/D
                            (rising edge-triggered cell FDCE clocked by clk_out2_pll  {rise@0.000ns fall@10.000ns period=20.000ns})
  Path Group:             clk_out2_pll
  Path Type:              Setup (Max at Slow Process Corner)
  Requirement:            20.000ns  (clk_out2_pll rise@20.000ns - clk_out1_pll rise@0.000ns)
  Data Path Delay:        2.328ns  (logic 0.454ns (19.503%)  route 1.874ns (80.497%))
  Logic Levels:           3  (LUT2=1 LUT6=2)
  Clock Path Skew:        -0.309ns (DCD - SCD + CPR)
    Destination Clock Delay (DCD):    4.327ns = ( 24.327 - 20.000 ) 
    Source Clock Delay      (SCD):    4.732ns
    Clock Pessimism Removal (CPR):    0.095ns
  Clock Uncertainty:      0.225ns  ((TSJ^2 + DJ^2)^1/2) / 2 + PE
    Total System Jitter     (TSJ):    0.071ns
    Discrete Jitter          (DJ):    0.198ns
    Phase Error              (PE):    0.120ns

    Location             Delay type                Incr(ns)  Path(ns)    Netlist Resource(s)
  -------------------------------------------------------------------    -------------------
                         (clock clk_out1_pll rise edge)
                                                      0.000     0.000 r  
    AD12                                              0.000     0.000 r  i_sys_clk_p (IN)
                         net (fo=0)                   0.000     0.000    pll_inst/inst/clk_in1_p
    AD12                 IBUFDS (Prop_ibufds_I_O)     0.906     0.906 r  pll_inst/inst/clkin1_ibufgds/O
                         net (fo=1, routed)           2.299     3.205    pll_inst/inst/clk_in1_pll_buf
    BUFGCTRL_X0Y3        BUFG (Prop_bufg_I_O)         0.093     3.298 r  pll_inst/inst/clkin1_bufg1/O
                         net (fo=1, routed)           1.959     5.257    pll_inst/inst/clk_in1_pll
    PLLE2_ADV_X1Y0       PLLE2_ADV (Prop_plle2_adv_CLKIN1_CLKOUT0)
                                                     -4.519     0.738 r  pll_inst/inst/plle2_adv_inst/CLKOUT0
                         net (fo=1, routed)           2.467     3.205    pll_inst/inst/clk_out1_pll
    BUFGCTRL_X0Y1        BUFG (Prop_bufg_I_O)         0.093     3.298 r  pll_inst/inst/clkout1_buf/O
                         net (fo=353, routed)         1.434     4.732    twin_controller_inst/CLK
    SLICE_X30Y266        FDCE                                         r  twin_controller_inst/sw_reg[63]/C
  -------------------------------------------------------------------    -------------------
    SLICE_X30Y266        FDCE (Prop_fdce_C_Q)         0.223     4.955 r  twin_controller_inst/sw_reg[63]/Q
                         net (fo=3, routed)           0.904     5.859    student_top_inst/Core_cpu/virtual_sw[53]
    SLICE_X32Y265        LUT2 (Prop_lut2_I1_O)        0.052     5.911 f  student_top_inst/Core_cpu/load_data_out[31]_i_8/O
                         net (fo=1, routed)           0.325     6.235    student_top_inst/Core_cpu/load_data_out[31]_i_8_n_0
    SLICE_X31Y265        LUT6 (Prop_lut6_I3_O)        0.136     6.371 f  student_top_inst/Core_cpu/load_data_out[31]_i_2/O
                         net (fo=1, routed)           0.645     7.017    student_top_inst/Core_cpu/load_data_out[31]_i_2_n_0
    SLICE_X32Y264        LUT6 (Prop_lut6_I0_O)        0.043     7.060 r  student_top_inst/Core_cpu/load_data_out[31]_i_1/O
                         net (fo=1, routed)           0.000     7.060    student_top_inst/Core_cpu/perip_rdata[31]
    SLICE_X32Y264        FDCE                                         r  student_top_inst/Core_cpu/load_data_out_reg[31]/D
  -------------------------------------------------------------------    -------------------

                         (clock clk_out2_pll rise edge)
                                                     20.000    20.000 r  
    AD12                                              0.000    20.000 r  i_sys_clk_p (IN)
                         net (fo=0)                   0.000    20.000    pll_inst/inst/clk_in1_p
    AD12                 IBUFDS (Prop_ibufds_I_O)     0.803    20.803 r  pll_inst/inst/clkin1_ibufgds/O
                         net (fo=1, routed)           2.173    22.976    pll_inst/inst/clk_in1_pll_buf
    BUFGCTRL_X0Y3        BUFG (Prop_bufg_I_O)         0.083    23.059 r  pll_inst/inst/clkin1_bufg1/O
                         net (fo=1, routed)           1.796    24.855    pll_inst/inst/clk_in1_pll
    PLLE2_ADV_X1Y0       PLLE2_ADV (Prop_plle2_adv_CLKIN1_CLKOUT1)
                                                     -4.213    20.642 r  pll_inst/inst/plle2_adv_inst/CLKOUT1
                         net (fo=1, routed)           2.334    22.976    pll_inst/inst/clk_out2_pll
    BUFGCTRL_X0Y0        BUFG (Prop_bufg_I_O)         0.083    23.059 r  pll_inst/inst/clkout2_buf/O
                         net (fo=34223, routed)       1.268    24.327    student_top_inst/Core_cpu/clk_out2
    SLICE_X32Y264        FDCE                                         r  student_top_inst/Core_cpu/load_data_out_reg[31]/C
                         clock pessimism              0.095    24.423    
                         clock uncertainty           -0.225    24.197    
    SLICE_X32Y264        FDCE (Setup_fdce_C_D)        0.033    24.230    student_top_inst/Core_cpu/load_data_out_reg[31]
  -------------------------------------------------------------------
                         required time                         24.230    
                         arrival time                          -7.060    
  -------------------------------------------------------------------
                         slack                                 17.171    

Slack (MET) :             17.184ns  (required time - arrival time)
  Source:                 twin_controller_inst/sw_reg[43]/C
                            (rising edge-triggered cell FDCE clocked by clk_out1_pll  {rise@0.000ns fall@10.000ns period=20.000ns})
  Destination:            student_top_inst/Core_cpu/load_data_out_reg[11]/D
                            (rising edge-triggered cell FDCE clocked by clk_out2_pll  {rise@0.000ns fall@10.000ns period=20.000ns})
  Path Group:             clk_out2_pll
  Path Type:              Setup (Max at Slow Process Corner)
  Requirement:            20.000ns  (clk_out2_pll rise@20.000ns - clk_out1_pll rise@0.000ns)
  Data Path Delay:        2.321ns  (logic 0.352ns (15.163%)  route 1.969ns (84.837%))
  Logic Levels:           3  (LUT2=1 LUT6=2)
  Clock Path Skew:        -0.302ns (DCD - SCD + CPR)
    Destination Clock Delay (DCD):    4.330ns = ( 24.330 - 20.000 ) 
    Source Clock Delay      (SCD):    4.728ns
    Clock Pessimism Removal (CPR):    0.095ns
  Clock Uncertainty:      0.225ns  ((TSJ^2 + DJ^2)^1/2) / 2 + PE
    Total System Jitter     (TSJ):    0.071ns
    Discrete Jitter          (DJ):    0.198ns
    Phase Error              (PE):    0.120ns

    Location             Delay type                Incr(ns)  Path(ns)    Netlist Resource(s)
  -------------------------------------------------------------------    -------------------
                         (clock clk_out1_pll rise edge)
                                                      0.000     0.000 r  
    AD12                                              0.000     0.000 r  i_sys_clk_p (IN)
                         net (fo=0)                   0.000     0.000    pll_inst/inst/clk_in1_p
    AD12                 IBUFDS (Prop_ibufds_I_O)     0.906     0.906 r  pll_inst/inst/clkin1_ibufgds/O
                         net (fo=1, routed)           2.299     3.205    pll_inst/inst/clk_in1_pll_buf
    BUFGCTRL_X0Y3        BUFG (Prop_bufg_I_O)         0.093     3.298 r  pll_inst/inst/clkin1_bufg1/O
                         net (fo=1, routed)           1.959     5.257    pll_inst/inst/clk_in1_pll
    PLLE2_ADV_X1Y0       PLLE2_ADV (Prop_plle2_adv_CLKIN1_CLKOUT0)
                                                     -4.519     0.738 r  pll_inst/inst/plle2_adv_inst/CLKOUT0
                         net (fo=1, routed)           2.467     3.205    pll_inst/inst/clk_out1_pll
    BUFGCTRL_X0Y1        BUFG (Prop_bufg_I_O)         0.093     3.298 r  pll_inst/inst/clkout1_buf/O
                         net (fo=353, routed)         1.430     4.728    twin_controller_inst/CLK
    SLICE_X34Y269        FDCE                                         r  twin_controller_inst/sw_reg[43]/C
  -------------------------------------------------------------------    -------------------
    SLICE_X34Y269        FDCE (Prop_fdce_C_Q)         0.223     4.951 r  twin_controller_inst/sw_reg[43]/Q
                         net (fo=3, routed)           0.861     5.811    student_top_inst/Core_cpu/virtual_sw[33]
    SLICE_X31Y265        LUT2 (Prop_lut2_I1_O)        0.043     5.854 f  student_top_inst/Core_cpu/load_data_out[11]_i_6/O
                         net (fo=1, routed)           0.326     6.180    student_top_inst/Core_cpu/load_data_out[11]_i_6_n_0
    SLICE_X32Y265        LUT6 (Prop_lut6_I3_O)        0.043     6.223 f  student_top_inst/Core_cpu/load_data_out[11]_i_2/O
                         net (fo=1, routed)           0.783     7.006    student_top_inst/Core_cpu/load_data_out[11]_i_2_n_0
    SLICE_X32Y259        LUT6 (Prop_lut6_I0_O)        0.043     7.049 r  student_top_inst/Core_cpu/load_data_out[11]_i_1/O
                         net (fo=1, routed)           0.000     7.049    student_top_inst/Core_cpu/perip_rdata[11]
    SLICE_X32Y259        FDCE                                         r  student_top_inst/Core_cpu/load_data_out_reg[11]/D
  -------------------------------------------------------------------    -------------------

                         (clock clk_out2_pll rise edge)
                                                     20.000    20.000 r  
    AD12                                              0.000    20.000 r  i_sys_clk_p (IN)
                         net (fo=0)                   0.000    20.000    pll_inst/inst/clk_in1_p
    AD12                 IBUFDS (Prop_ibufds_I_O)     0.803    20.803 r  pll_inst/inst/clkin1_ibufgds/O
                         net (fo=1, routed)           2.173    22.976    pll_inst/inst/clk_in1_pll_buf
    BUFGCTRL_X0Y3        BUFG (Prop_bufg_I_O)         0.083    23.059 r  pll_inst/inst/clkin1_bufg1/O
                         net (fo=1, routed)           1.796    24.855    pll_inst/inst/clk_in1_pll
    PLLE2_ADV_X1Y0       PLLE2_ADV (Prop_plle2_adv_CLKIN1_CLKOUT1)
                                                     -4.213    20.642 r  pll_inst/inst/plle2_adv_inst/CLKOUT1
                         net (fo=1, routed)           2.334    22.976    pll_inst/inst/clk_out2_pll
    BUFGCTRL_X0Y0        BUFG (Prop_bufg_I_O)         0.083    23.059 r  pll_inst/inst/clkout2_buf/O
                         net (fo=34223, routed)       1.271    24.330    student_top_inst/Core_cpu/clk_out2
    SLICE_X32Y259        FDCE                                         r  student_top_inst/Core_cpu/load_data_out_reg[11]/C
                         clock pessimism              0.095    24.426    
                         clock uncertainty           -0.225    24.200    
    SLICE_X32Y259        FDCE (Setup_fdce_C_D)        0.033    24.233    student_top_inst/Core_cpu/load_data_out_reg[11]
  -------------------------------------------------------------------
                         required time                         24.233    
                         arrival time                          -7.049    
  -------------------------------------------------------------------
                         slack                                 17.184    

Slack (MET) :             17.216ns  (required time - arrival time)
  Source:                 twin_controller_inst/sw_reg[60]/C
                            (rising edge-triggered cell FDCE clocked by clk_out1_pll  {rise@0.000ns fall@10.000ns period=20.000ns})
  Destination:            student_top_inst/Core_cpu/load_data_out_reg[28]/D
                            (rising edge-triggered cell FDCE clocked by clk_out2_pll  {rise@0.000ns fall@10.000ns period=20.000ns})
  Path Group:             clk_out2_pll
  Path Type:              Setup (Max at Slow Process Corner)
  Requirement:            20.000ns  (clk_out2_pll rise@20.000ns - clk_out1_pll rise@0.000ns)
  Data Path Delay:        2.295ns  (logic 0.451ns (19.650%)  route 1.844ns (80.351%))
  Logic Levels:           3  (LUT2=1 LUT6=2)
  Clock Path Skew:        -0.297ns (DCD - SCD + CPR)
    Destination Clock Delay (DCD):    4.329ns = ( 24.329 - 20.000 ) 
    Source Clock Delay      (SCD):    4.722ns
    Clock Pessimism Removal (CPR):    0.095ns
  Clock Uncertainty:      0.225ns  ((TSJ^2 + DJ^2)^1/2) / 2 + PE
    Total System Jitter     (TSJ):    0.071ns
    Discrete Jitter          (DJ):    0.198ns
    Phase Error              (PE):    0.120ns

    Location             Delay type                Incr(ns)  Path(ns)    Netlist Resource(s)
  -------------------------------------------------------------------    -------------------
                         (clock clk_out1_pll rise edge)
                                                      0.000     0.000 r  
    AD12                                              0.000     0.000 r  i_sys_clk_p (IN)
                         net (fo=0)                   0.000     0.000    pll_inst/inst/clk_in1_p
    AD12                 IBUFDS (Prop_ibufds_I_O)     0.906     0.906 r  pll_inst/inst/clkin1_ibufgds/O
                         net (fo=1, routed)           2.299     3.205    pll_inst/inst/clk_in1_pll_buf
    BUFGCTRL_X0Y3        BUFG (Prop_bufg_I_O)         0.093     3.298 r  pll_inst/inst/clkin1_bufg1/O
                         net (fo=1, routed)           1.959     5.257    pll_inst/inst/clk_in1_pll
    PLLE2_ADV_X1Y0       PLLE2_ADV (Prop_plle2_adv_CLKIN1_CLKOUT0)
                                                     -4.519     0.738 r  pll_inst/inst/plle2_adv_inst/CLKOUT0
                         net (fo=1, routed)           2.467     3.205    pll_inst/inst/clk_out1_pll
    BUFGCTRL_X0Y1        BUFG (Prop_bufg_I_O)         0.093     3.298 r  pll_inst/inst/clkout1_buf/O
                         net (fo=353, routed)         1.424     4.722    twin_controller_inst/CLK
    SLICE_X28Y275        FDCE                                         r  twin_controller_inst/sw_reg[60]/C
  -------------------------------------------------------------------    -------------------
    SLICE_X28Y275        FDCE (Prop_fdce_C_Q)         0.223     4.945 r  twin_controller_inst/sw_reg[60]/Q
                         net (fo=3, routed)           0.720     5.664    student_top_inst/Core_cpu/virtual_sw[50]
    SLICE_X28Y268        LUT2 (Prop_lut2_I1_O)        0.049     5.713 f  student_top_inst/Core_cpu/load_data_out[28]_i_4/O
                         net (fo=1, routed)           0.444     6.158    student_top_inst/Core_cpu/load_data_out[28]_i_4_n_0
    SLICE_X28Y267        LUT6 (Prop_lut6_I3_O)        0.136     6.294 f  student_top_inst/Core_cpu/load_data_out[28]_i_2/O
                         net (fo=1, routed)           0.680     6.974    student_top_inst/Core_cpu/load_data_out[28]_i_2_n_0
    SLICE_X28Y262        LUT6 (Prop_lut6_I0_O)        0.043     7.017 r  student_top_inst/Core_cpu/load_data_out[28]_i_1/O
                         net (fo=1, routed)           0.000     7.017    student_top_inst/Core_cpu/perip_rdata[28]
    SLICE_X28Y262        FDCE                                         r  student_top_inst/Core_cpu/load_data_out_reg[28]/D
  -------------------------------------------------------------------    -------------------

                         (clock clk_out2_pll rise edge)
                                                     20.000    20.000 r  
    AD12                                              0.000    20.000 r  i_sys_clk_p (IN)
                         net (fo=0)                   0.000    20.000    pll_inst/inst/clk_in1_p
    AD12                 IBUFDS (Prop_ibufds_I_O)     0.803    20.803 r  pll_inst/inst/clkin1_ibufgds/O
                         net (fo=1, routed)           2.173    22.976    pll_inst/inst/clk_in1_pll_buf
    BUFGCTRL_X0Y3        BUFG (Prop_bufg_I_O)         0.083    23.059 r  pll_inst/inst/clkin1_bufg1/O
                         net (fo=1, routed)           1.796    24.855    pll_inst/inst/clk_in1_pll
    PLLE2_ADV_X1Y0       PLLE2_ADV (Prop_plle2_adv_CLKIN1_CLKOUT1)
                                                     -4.213    20.642 r  pll_inst/inst/plle2_adv_inst/CLKOUT1
                         net (fo=1, routed)           2.334    22.976    pll_inst/inst/clk_out2_pll
    BUFGCTRL_X0Y0        BUFG (Prop_bufg_I_O)         0.083    23.059 r  pll_inst/inst/clkout2_buf/O
                         net (fo=34223, routed)       1.270    24.329    student_top_inst/Core_cpu/clk_out2
    SLICE_X28Y262        FDCE                                         r  student_top_inst/Core_cpu/load_data_out_reg[28]/C
                         clock pessimism              0.095    24.425    
                         clock uncertainty           -0.225    24.199    
    SLICE_X28Y262        FDCE (Setup_fdce_C_D)        0.033    24.232    student_top_inst/Core_cpu/load_data_out_reg[28]
  -------------------------------------------------------------------
                         required time                         24.232    
                         arrival time                          -7.017    
  -------------------------------------------------------------------
                         slack                                 17.216    

Slack (MET) :             17.248ns  (required time - arrival time)
  Source:                 twin_controller_inst/sw_reg[32]/C
                            (rising edge-triggered cell FDCE clocked by clk_out1_pll  {rise@0.000ns fall@10.000ns period=20.000ns})
  Destination:            student_top_inst/Core_cpu/load_data_out_reg[0]/D
                            (rising edge-triggered cell FDCE clocked by clk_out2_pll  {rise@0.000ns fall@10.000ns period=20.000ns})
  Path Group:             clk_out2_pll
  Path Type:              Setup (Max at Slow Process Corner)
  Requirement:            20.000ns  (clk_out2_pll rise@20.000ns - clk_out1_pll rise@0.000ns)
  Data Path Delay:        2.265ns  (logic 0.352ns (15.539%)  route 1.913ns (84.461%))
  Logic Levels:           3  (LUT4=1 LUT6=2)
  Clock Path Skew:        -0.296ns (DCD - SCD + CPR)
    Destination Clock Delay (DCD):    4.332ns = ( 24.332 - 20.000 ) 
    Source Clock Delay      (SCD):    4.724ns
    Clock Pessimism Removal (CPR):    0.095ns
  Clock Uncertainty:      0.225ns  ((TSJ^2 + DJ^2)^1/2) / 2 + PE
    Total System Jitter     (TSJ):    0.071ns
    Discrete Jitter          (DJ):    0.198ns
    Phase Error              (PE):    0.120ns

    Location             Delay type                Incr(ns)  Path(ns)    Netlist Resource(s)
  -------------------------------------------------------------------    -------------------
                         (clock clk_out1_pll rise edge)
                                                      0.000     0.000 r  
    AD12                                              0.000     0.000 r  i_sys_clk_p (IN)
                         net (fo=0)                   0.000     0.000    pll_inst/inst/clk_in1_p
    AD12                 IBUFDS (Prop_ibufds_I_O)     0.906     0.906 r  pll_inst/inst/clkin1_ibufgds/O
                         net (fo=1, routed)           2.299     3.205    pll_inst/inst/clk_in1_pll_buf
    BUFGCTRL_X0Y3        BUFG (Prop_bufg_I_O)         0.093     3.298 r  pll_inst/inst/clkin1_bufg1/O
                         net (fo=1, routed)           1.959     5.257    pll_inst/inst/clk_in1_pll
    PLLE2_ADV_X1Y0       PLLE2_ADV (Prop_plle2_adv_CLKIN1_CLKOUT0)
                                                     -4.519     0.738 r  pll_inst/inst/plle2_adv_inst/CLKOUT0
                         net (fo=1, routed)           2.467     3.205    pll_inst/inst/clk_out1_pll
    BUFGCTRL_X0Y1        BUFG (Prop_bufg_I_O)         0.093     3.298 r  pll_inst/inst/clkout1_buf/O
                         net (fo=353, routed)         1.426     4.724    twin_controller_inst/CLK
    SLICE_X34Y272        FDCE                                         r  twin_controller_inst/sw_reg[32]/C
  -------------------------------------------------------------------    -------------------
    SLICE_X34Y272        FDCE (Prop_fdce_C_Q)         0.223     4.947 r  twin_controller_inst/sw_reg[32]/Q
                         net (fo=3, routed)           0.546     5.493    twin_controller_inst/virtual_sw[32]
    SLICE_X29Y272        LUT4 (Prop_lut4_I2_O)        0.043     5.536 r  twin_controller_inst/load_data_out[0]_i_4/O
                         net (fo=1, routed)           0.427     5.963    student_top_inst/Core_cpu/load_data_out_reg[0]_0
    SLICE_X32Y272        LUT6 (Prop_lut6_I0_O)        0.043     6.006 f  student_top_inst/Core_cpu/load_data_out[0]_i_2/O
                         net (fo=1, routed)           0.940     6.946    student_top_inst/Core_cpu/load_data_out[0]_i_2_n_0
    SLICE_X32Y255        LUT6 (Prop_lut6_I0_O)        0.043     6.989 r  student_top_inst/Core_cpu/load_data_out[0]_i_1/O
                         net (fo=1, routed)           0.000     6.989    student_top_inst/Core_cpu/perip_rdata[0]
    SLICE_X32Y255        FDCE                                         r  student_top_inst/Core_cpu/load_data_out_reg[0]/D
  -------------------------------------------------------------------    -------------------

                         (clock clk_out2_pll rise edge)
                                                     20.000    20.000 r  
    AD12                                              0.000    20.000 r  i_sys_clk_p (IN)
                         net (fo=0)                   0.000    20.000    pll_inst/inst/clk_in1_p
    AD12                 IBUFDS (Prop_ibufds_I_O)     0.803    20.803 r  pll_inst/inst/clkin1_ibufgds/O
                         net (fo=1, routed)           2.173    22.976    pll_inst/inst/clk_in1_pll_buf
    BUFGCTRL_X0Y3        BUFG (Prop_bufg_I_O)         0.083    23.059 r  pll_inst/inst/clkin1_bufg1/O
                         net (fo=1, routed)           1.796    24.855    pll_inst/inst/clk_in1_pll
    PLLE2_ADV_X1Y0       PLLE2_ADV (Prop_plle2_adv_CLKIN1_CLKOUT1)
                                                     -4.213    20.642 r  pll_inst/inst/plle2_adv_inst/CLKOUT1
                         net (fo=1, routed)           2.334    22.976    pll_inst/inst/clk_out2_pll
    BUFGCTRL_X0Y0        BUFG (Prop_bufg_I_O)         0.083    23.059 r  pll_inst/inst/clkout2_buf/O
                         net (fo=34223, routed)       1.273    24.332    student_top_inst/Core_cpu/clk_out2
    SLICE_X32Y255        FDCE                                         r  student_top_inst/Core_cpu/load_data_out_reg[0]/C
                         clock pessimism              0.095    24.428    
                         clock uncertainty           -0.225    24.202    
    SLICE_X32Y255        FDCE (Setup_fdce_C_D)        0.034    24.236    student_top_inst/Core_cpu/load_data_out_reg[0]
  -------------------------------------------------------------------
                         required time                         24.236    
                         arrival time                          -6.989    
  -------------------------------------------------------------------
                         slack                                 17.248    

Slack (MET) :             17.268ns  (required time - arrival time)
  Source:                 twin_controller_inst/sw_reg[45]/C
                            (rising edge-triggered cell FDCE clocked by clk_out1_pll  {rise@0.000ns fall@10.000ns period=20.000ns})
  Destination:            student_top_inst/Core_cpu/load_data_out_reg[13]/D
                            (rising edge-triggered cell FDCE clocked by clk_out2_pll  {rise@0.000ns fall@10.000ns period=20.000ns})
  Path Group:             clk_out2_pll
  Path Type:              Setup (Max at Slow Process Corner)
  Requirement:            20.000ns  (clk_out2_pll rise@20.000ns - clk_out1_pll rise@0.000ns)
  Data Path Delay:        2.241ns  (logic 0.453ns (20.215%)  route 1.788ns (79.785%))
  Logic Levels:           3  (LUT2=1 LUT6=2)
  Clock Path Skew:        -0.300ns (DCD - SCD + CPR)
    Destination Clock Delay (DCD):    4.329ns = ( 24.329 - 20.000 ) 
    Source Clock Delay      (SCD):    4.725ns
    Clock Pessimism Removal (CPR):    0.095ns
  Clock Uncertainty:      0.225ns  ((TSJ^2 + DJ^2)^1/2) / 2 + PE
    Total System Jitter     (TSJ):    0.071ns
    Discrete Jitter          (DJ):    0.198ns
    Phase Error              (PE):    0.120ns

    Location             Delay type                Incr(ns)  Path(ns)    Netlist Resource(s)
  -------------------------------------------------------------------    -------------------
                         (clock clk_out1_pll rise edge)
                                                      0.000     0.000 r  
    AD12                                              0.000     0.000 r  i_sys_clk_p (IN)
                         net (fo=0)                   0.000     0.000    pll_inst/inst/clk_in1_p
    AD12                 IBUFDS (Prop_ibufds_I_O)     0.906     0.906 r  pll_inst/inst/clkin1_ibufgds/O
                         net (fo=1, routed)           2.299     3.205    pll_inst/inst/clk_in1_pll_buf
    BUFGCTRL_X0Y3        BUFG (Prop_bufg_I_O)         0.093     3.298 r  pll_inst/inst/clkin1_bufg1/O
                         net (fo=1, routed)           1.959     5.257    pll_inst/inst/clk_in1_pll
    PLLE2_ADV_X1Y0       PLLE2_ADV (Prop_plle2_adv_CLKIN1_CLKOUT0)
                                                     -4.519     0.738 r  pll_inst/inst/plle2_adv_inst/CLKOUT0
                         net (fo=1, routed)           2.467     3.205    pll_inst/inst/clk_out1_pll
    BUFGCTRL_X0Y1        BUFG (Prop_bufg_I_O)         0.093     3.298 r  pll_inst/inst/clkout1_buf/O
                         net (fo=353, routed)         1.427     4.725    twin_controller_inst/CLK
    SLICE_X36Y269        FDCE                                         r  twin_controller_inst/sw_reg[45]/C
  -------------------------------------------------------------------    -------------------
    SLICE_X36Y269        FDCE (Prop_fdce_C_Q)         0.223     4.948 r  twin_controller_inst/sw_reg[45]/Q
                         net (fo=3, routed)           0.590     5.538    student_top_inst/Core_cpu/virtual_sw[35]
    SLICE_X31Y265        LUT2 (Prop_lut2_I1_O)        0.051     5.589 f  student_top_inst/Core_cpu/load_data_out[13]_i_6/O
                         net (fo=1, routed)           0.343     5.932    student_top_inst/Core_cpu/load_data_out[13]_i_6_n_0
    SLICE_X31Y265        LUT6 (Prop_lut6_I3_O)        0.136     6.068 f  student_top_inst/Core_cpu/load_data_out[13]_i_2/O
                         net (fo=1, routed)           0.854     6.923    student_top_inst/Core_cpu/load_data_out[13]_i_2_n_0
    SLICE_X31Y261        LUT6 (Prop_lut6_I0_O)        0.043     6.966 r  student_top_inst/Core_cpu/load_data_out[13]_i_1/O
                         net (fo=1, routed)           0.000     6.966    student_top_inst/Core_cpu/perip_rdata[13]
    SLICE_X31Y261        FDCE                                         r  student_top_inst/Core_cpu/load_data_out_reg[13]/D
  -------------------------------------------------------------------    -------------------

                         (clock clk_out2_pll rise edge)
                                                     20.000    20.000 r  
    AD12                                              0.000    20.000 r  i_sys_clk_p (IN)
                         net (fo=0)                   0.000    20.000    pll_inst/inst/clk_in1_p
    AD12                 IBUFDS (Prop_ibufds_I_O)     0.803    20.803 r  pll_inst/inst/clkin1_ibufgds/O
                         net (fo=1, routed)           2.173    22.976    pll_inst/inst/clk_in1_pll_buf
    BUFGCTRL_X0Y3        BUFG (Prop_bufg_I_O)         0.083    23.059 r  pll_inst/inst/clkin1_bufg1/O
                         net (fo=1, routed)           1.796    24.855    pll_inst/inst/clk_in1_pll
    PLLE2_ADV_X1Y0       PLLE2_ADV (Prop_plle2_adv_CLKIN1_CLKOUT1)
                                                     -4.213    20.642 r  pll_inst/inst/plle2_adv_inst/CLKOUT1
                         net (fo=1, routed)           2.334    22.976    pll_inst/inst/clk_out2_pll
    BUFGCTRL_X0Y0        BUFG (Prop_bufg_I_O)         0.083    23.059 r  pll_inst/inst/clkout2_buf/O
                         net (fo=34223, routed)       1.270    24.329    student_top_inst/Core_cpu/clk_out2
    SLICE_X31Y261        FDCE                                         r  student_top_inst/Core_cpu/load_data_out_reg[13]/C
                         clock pessimism              0.095    24.425    
                         clock uncertainty           -0.225    24.199    
    SLICE_X31Y261        FDCE (Setup_fdce_C_D)        0.034    24.233    student_top_inst/Core_cpu/load_data_out_reg[13]
  -------------------------------------------------------------------
                         required time                         24.233    
                         arrival time                          -6.966    
  -------------------------------------------------------------------
                         slack                                 17.268    

Slack (MET) :             17.290ns  (required time - arrival time)
  Source:                 twin_controller_inst/key_reg[5]/C
                            (rising edge-triggered cell FDCE clocked by clk_out1_pll  {rise@0.000ns fall@10.000ns period=20.000ns})
  Destination:            student_top_inst/Core_cpu/load_data_out_reg[5]/D
                            (rising edge-triggered cell FDCE clocked by clk_out2_pll  {rise@0.000ns fall@10.000ns period=20.000ns})
  Path Group:             clk_out2_pll
  Path Type:              Setup (Max at Slow Process Corner)
  Requirement:            20.000ns  (clk_out2_pll rise@20.000ns - clk_out1_pll rise@0.000ns)
  Data Path Delay:        2.224ns  (logic 0.309ns (13.894%)  route 1.915ns (86.106%))
  Logic Levels:           2  (LUT6=2)
  Clock Path Skew:        -0.295ns (DCD - SCD + CPR)
    Destination Clock Delay (DCD):    4.332ns = ( 24.332 - 20.000 ) 
    Source Clock Delay      (SCD):    4.723ns
    Clock Pessimism Removal (CPR):    0.095ns
  Clock Uncertainty:      0.225ns  ((TSJ^2 + DJ^2)^1/2) / 2 + PE
    Total System Jitter     (TSJ):    0.071ns
    Discrete Jitter          (DJ):    0.198ns
    Phase Error              (PE):    0.120ns

    Location             Delay type                Incr(ns)  Path(ns)    Netlist Resource(s)
  -------------------------------------------------------------------    -------------------
                         (clock clk_out1_pll rise edge)
                                                      0.000     0.000 r  
    AD12                                              0.000     0.000 r  i_sys_clk_p (IN)
                         net (fo=0)                   0.000     0.000    pll_inst/inst/clk_in1_p
    AD12                 IBUFDS (Prop_ibufds_I_O)     0.906     0.906 r  pll_inst/inst/clkin1_ibufgds/O
                         net (fo=1, routed)           2.299     3.205    pll_inst/inst/clk_in1_pll_buf
    BUFGCTRL_X0Y3        BUFG (Prop_bufg_I_O)         0.093     3.298 r  pll_inst/inst/clkin1_bufg1/O
                         net (fo=1, routed)           1.959     5.257    pll_inst/inst/clk_in1_pll
    PLLE2_ADV_X1Y0       PLLE2_ADV (Prop_plle2_adv_CLKIN1_CLKOUT0)
                                                     -4.519     0.738 r  pll_inst/inst/plle2_adv_inst/CLKOUT0
                         net (fo=1, routed)           2.467     3.205    pll_inst/inst/clk_out1_pll
    BUFGCTRL_X0Y1        BUFG (Prop_bufg_I_O)         0.093     3.298 r  pll_inst/inst/clkout1_buf/O
                         net (fo=353, routed)         1.425     4.723    twin_controller_inst/CLK
    SLICE_X39Y270        FDCE                                         r  twin_controller_inst/key_reg[5]/C
  -------------------------------------------------------------------    -------------------
    SLICE_X39Y270        FDCE (Prop_fdce_C_Q)         0.223     4.946 r  twin_controller_inst/key_reg[5]/Q
                         net (fo=3, routed)           1.290     6.236    student_top_inst/Core_cpu/D[4]
    SLICE_X31Y266        LUT6 (Prop_lut6_I2_O)        0.043     6.279 f  student_top_inst/Core_cpu/load_data_out[5]_i_2/O
                         net (fo=1, routed)           0.625     6.904    student_top_inst/Core_cpu/load_data_out[5]_i_2_n_0
    SLICE_X31Y256        LUT6 (Prop_lut6_I0_O)        0.043     6.947 r  student_top_inst/Core_cpu/load_data_out[5]_i_1/O
                         net (fo=1, routed)           0.000     6.947    student_top_inst/Core_cpu/perip_rdata[5]
    SLICE_X31Y256        FDCE                                         r  student_top_inst/Core_cpu/load_data_out_reg[5]/D
  -------------------------------------------------------------------    -------------------

                         (clock clk_out2_pll rise edge)
                                                     20.000    20.000 r  
    AD12                                              0.000    20.000 r  i_sys_clk_p (IN)
                         net (fo=0)                   0.000    20.000    pll_inst/inst/clk_in1_p
    AD12                 IBUFDS (Prop_ibufds_I_O)     0.803    20.803 r  pll_inst/inst/clkin1_ibufgds/O
                         net (fo=1, routed)           2.173    22.976    pll_inst/inst/clk_in1_pll_buf
    BUFGCTRL_X0Y3        BUFG (Prop_bufg_I_O)         0.083    23.059 r  pll_inst/inst/clkin1_bufg1/O
                         net (fo=1, routed)           1.796    24.855    pll_inst/inst/clk_in1_pll
    PLLE2_ADV_X1Y0       PLLE2_ADV (Prop_plle2_adv_CLKIN1_CLKOUT1)
                                                     -4.213    20.642 r  pll_inst/inst/plle2_adv_inst/CLKOUT1
                         net (fo=1, routed)           2.334    22.976    pll_inst/inst/clk_out2_pll
    BUFGCTRL_X0Y0        BUFG (Prop_bufg_I_O)         0.083    23.059 r  pll_inst/inst/clkout2_buf/O
                         net (fo=34223, routed)       1.273    24.332    student_top_inst/Core_cpu/clk_out2
    SLICE_X31Y256        FDCE                                         r  student_top_inst/Core_cpu/load_data_out_reg[5]/C
                         clock pessimism              0.095    24.428    
                         clock uncertainty           -0.225    24.202    
    SLICE_X31Y256        FDCE (Setup_fdce_C_D)        0.034    24.236    student_top_inst/Core_cpu/load_data_out_reg[5]
  -------------------------------------------------------------------
                         required time                         24.236    
                         arrival time                          -6.947    
  -------------------------------------------------------------------
                         slack                                 17.290    





Min Delay Paths
--------------------------------------------------------------------------------------
Slack (MET) :             0.103ns  (arrival time - required time)
  Source:                 student_top_inst/bridge_inst/counter_inst/cnt_ms_reg[22]/C
                            (rising edge-triggered cell FDRE clocked by clk_out1_pll  {rise@0.000ns fall@10.000ns period=20.000ns})
  Destination:            student_top_inst/Core_cpu/load_data_out_reg[22]/D
                            (rising edge-triggered cell FDCE clocked by clk_out2_pll  {rise@0.000ns fall@10.000ns period=20.000ns})
  Path Group:             clk_out2_pll
  Path Type:              Hold (Min at Fast Process Corner)
  Requirement:            0.000ns  (clk_out2_pll rise@0.000ns - clk_out1_pll rise@0.000ns)
  Data Path Delay:        0.686ns  (logic 0.128ns (18.661%)  route 0.558ns (81.339%))
  Logic Levels:           1  (LUT6=1)
  Clock Path Skew:        0.298ns (DCD - SCD - CPR)
    Destination Clock Delay (DCD):    2.525ns
    Source Clock Delay      (SCD):    2.145ns
    Clock Pessimism Removal (CPR):    0.081ns
  Clock Uncertainty:      0.225ns  ((TSJ^2 + DJ^2)^1/2) / 2 + PE
    Total System Jitter     (TSJ):    0.071ns
    Discrete Jitter          (DJ):    0.198ns
    Phase Error              (PE):    0.120ns

    Location             Delay type                Incr(ns)  Path(ns)    Netlist Resource(s)
  -------------------------------------------------------------------    -------------------
                         (clock clk_out1_pll rise edge)
                                                      0.000     0.000 r  
    AD12                                              0.000     0.000 r  i_sys_clk_p (IN)
                         net (fo=0)                   0.000     0.000    pll_inst/inst/clk_in1_p
    AD12                 IBUFDS (Prop_ibufds_I_O)     0.388     0.388 r  pll_inst/inst/clkin1_ibufgds/O
                         net (fo=1, routed)           1.083     1.471    pll_inst/inst/clk_in1_pll_buf
    BUFGCTRL_X0Y3        BUFG (Prop_bufg_I_O)         0.026     1.497 r  pll_inst/inst/clkin1_bufg1/O
                         net (fo=1, routed)           0.767     2.264    pll_inst/inst/clk_in1_pll
    PLLE2_ADV_X1Y0       PLLE2_ADV (Prop_plle2_adv_CLKIN1_CLKOUT0)
                                                     -1.938     0.326 r  pll_inst/inst/plle2_adv_inst/CLKOUT0
                         net (fo=1, routed)           1.145     1.471    pll_inst/inst/clk_out1_pll
    BUFGCTRL_X0Y1        BUFG (Prop_bufg_I_O)         0.026     1.497 r  pll_inst/inst/clkout1_buf/O
                         net (fo=353, routed)         0.648     2.145    student_top_inst/bridge_inst/counter_inst/clk_out1
    SLICE_X30Y260        FDRE                                         r  student_top_inst/bridge_inst/counter_inst/cnt_ms_reg[22]/C
  -------------------------------------------------------------------    -------------------
    SLICE_X30Y260        FDRE (Prop_fdre_C_Q)         0.100     2.245 r  student_top_inst/bridge_inst/counter_inst/cnt_ms_reg[22]/Q
                         net (fo=2, routed)           0.558     2.803    student_top_inst/Core_cpu/cnt_rdata[22]
    SLICE_X30Y263        LUT6 (Prop_lut6_I4_O)        0.028     2.831 r  student_top_inst/Core_cpu/load_data_out[22]_i_1/O
                         net (fo=1, routed)           0.000     2.831    student_top_inst/Core_cpu/perip_rdata[22]
    SLICE_X30Y263        FDCE                                         r  student_top_inst/Core_cpu/load_data_out_reg[22]/D
  -------------------------------------------------------------------    -------------------

                         (clock clk_out2_pll rise edge)
                                                      0.000     0.000 r  
    AD12                                              0.000     0.000 r  i_sys_clk_p (IN)
                         net (fo=0)                   0.000     0.000    pll_inst/inst/clk_in1_p
    AD12                 IBUFDS (Prop_ibufds_I_O)     0.470     0.470 r  pll_inst/inst/clkin1_ibufgds/O
                         net (fo=1, routed)           1.154     1.624    pll_inst/inst/clk_in1_pll_buf
    BUFGCTRL_X0Y3        BUFG (Prop_bufg_I_O)         0.030     1.654 r  pll_inst/inst/clkin1_bufg1/O
                         net (fo=1, routed)           1.037     2.691    pll_inst/inst/clk_in1_pll
    PLLE2_ADV_X1Y0       PLLE2_ADV (Prop_plle2_adv_CLKIN1_CLKOUT1)
                                                     -2.283     0.408 r  pll_inst/inst/plle2_adv_inst/CLKOUT1
                         net (fo=1, routed)           1.216     1.624    pll_inst/inst/clk_out2_pll
    BUFGCTRL_X0Y0        BUFG (Prop_bufg_I_O)         0.030     1.654 r  pll_inst/inst/clkout2_buf/O
                         net (fo=34223, routed)       0.871     2.525    student_top_inst/Core_cpu/clk_out2
    SLICE_X30Y263        FDCE                                         r  student_top_inst/Core_cpu/load_data_out_reg[22]/C
                         clock pessimism             -0.081     2.443    
                         clock uncertainty            0.225     2.669    
    SLICE_X30Y263        FDCE (Hold_fdce_C_D)         0.060     2.729    student_top_inst/Core_cpu/load_data_out_reg[22]
  -------------------------------------------------------------------
                         required time                         -2.729    
                         arrival time                           2.831    
  -------------------------------------------------------------------
                         slack                                  0.103    

Slack (MET) :             0.106ns  (arrival time - required time)
  Source:                 student_top_inst/bridge_inst/counter_inst/cnt_ms_reg[24]/C
                            (rising edge-triggered cell FDRE clocked by clk_out1_pll  {rise@0.000ns fall@10.000ns period=20.000ns})
  Destination:            student_top_inst/Core_cpu/load_data_out_reg[24]/D
                            (rising edge-triggered cell FDCE clocked by clk_out2_pll  {rise@0.000ns fall@10.000ns period=20.000ns})
  Path Group:             clk_out2_pll
  Path Type:              Hold (Min at Fast Process Corner)
  Requirement:            0.000ns  (clk_out2_pll rise@0.000ns - clk_out1_pll rise@0.000ns)
  Data Path Delay:        0.690ns  (logic 0.128ns (18.548%)  route 0.562ns (81.452%))
  Logic Levels:           1  (LUT6=1)
  Clock Path Skew:        0.299ns (DCD - SCD - CPR)
    Destination Clock Delay (DCD):    2.526ns
    Source Clock Delay      (SCD):    2.145ns
    Clock Pessimism Removal (CPR):    0.081ns
  Clock Uncertainty:      0.225ns  ((TSJ^2 + DJ^2)^1/2) / 2 + PE
    Total System Jitter     (TSJ):    0.071ns
    Discrete Jitter          (DJ):    0.198ns
    Phase Error              (PE):    0.120ns

    Location             Delay type                Incr(ns)  Path(ns)    Netlist Resource(s)
  -------------------------------------------------------------------    -------------------
                         (clock clk_out1_pll rise edge)
                                                      0.000     0.000 r  
    AD12                                              0.000     0.000 r  i_sys_clk_p (IN)
                         net (fo=0)                   0.000     0.000    pll_inst/inst/clk_in1_p
    AD12                 IBUFDS (Prop_ibufds_I_O)     0.388     0.388 r  pll_inst/inst/clkin1_ibufgds/O
                         net (fo=1, routed)           1.083     1.471    pll_inst/inst/clk_in1_pll_buf
    BUFGCTRL_X0Y3        BUFG (Prop_bufg_I_O)         0.026     1.497 r  pll_inst/inst/clkin1_bufg1/O
                         net (fo=1, routed)           0.767     2.264    pll_inst/inst/clk_in1_pll
    PLLE2_ADV_X1Y0       PLLE2_ADV (Prop_plle2_adv_CLKIN1_CLKOUT0)
                                                     -1.938     0.326 r  pll_inst/inst/plle2_adv_inst/CLKOUT0
                         net (fo=1, routed)           1.145     1.471    pll_inst/inst/clk_out1_pll
    BUFGCTRL_X0Y1        BUFG (Prop_bufg_I_O)         0.026     1.497 r  pll_inst/inst/clkout1_buf/O
                         net (fo=353, routed)         0.648     2.145    student_top_inst/bridge_inst/counter_inst/clk_out1
    SLICE_X30Y261        FDRE                                         r  student_top_inst/bridge_inst/counter_inst/cnt_ms_reg[24]/C
  -------------------------------------------------------------------    -------------------
    SLICE_X30Y261        FDRE (Prop_fdre_C_Q)         0.100     2.245 r  student_top_inst/bridge_inst/counter_inst/cnt_ms_reg[24]/Q
                         net (fo=2, routed)           0.562     2.808    student_top_inst/Core_cpu/cnt_rdata[24]
    SLICE_X31Y262        LUT6 (Prop_lut6_I4_O)        0.028     2.836 r  student_top_inst/Core_cpu/load_data_out[24]_i_1/O
                         net (fo=1, routed)           0.000     2.836    student_top_inst/Core_cpu/perip_rdata[24]
    SLICE_X31Y262        FDCE                                         r  student_top_inst/Core_cpu/load_data_out_reg[24]/D
  -------------------------------------------------------------------    -------------------

                         (clock clk_out2_pll rise edge)
                                                      0.000     0.000 r  
    AD12                                              0.000     0.000 r  i_sys_clk_p (IN)
                         net (fo=0)                   0.000     0.000    pll_inst/inst/clk_in1_p
    AD12                 IBUFDS (Prop_ibufds_I_O)     0.470     0.470 r  pll_inst/inst/clkin1_ibufgds/O
                         net (fo=1, routed)           1.154     1.624    pll_inst/inst/clk_in1_pll_buf
    BUFGCTRL_X0Y3        BUFG (Prop_bufg_I_O)         0.030     1.654 r  pll_inst/inst/clkin1_bufg1/O
                         net (fo=1, routed)           1.037     2.691    pll_inst/inst/clk_in1_pll
    PLLE2_ADV_X1Y0       PLLE2_ADV (Prop_plle2_adv_CLKIN1_CLKOUT1)
                                                     -2.283     0.408 r  pll_inst/inst/plle2_adv_inst/CLKOUT1
                         net (fo=1, routed)           1.216     1.624    pll_inst/inst/clk_out2_pll
    BUFGCTRL_X0Y0        BUFG (Prop_bufg_I_O)         0.030     1.654 r  pll_inst/inst/clkout2_buf/O
                         net (fo=34223, routed)       0.872     2.526    student_top_inst/Core_cpu/clk_out2
    SLICE_X31Y262        FDCE                                         r  student_top_inst/Core_cpu/load_data_out_reg[24]/C
                         clock pessimism             -0.081     2.444    
                         clock uncertainty            0.225     2.670    
    SLICE_X31Y262        FDCE (Hold_fdce_C_D)         0.060     2.730    student_top_inst/Core_cpu/load_data_out_reg[24]
  -------------------------------------------------------------------
                         required time                         -2.730    
                         arrival time                           2.836    
  -------------------------------------------------------------------
                         slack                                  0.106    

Slack (MET) :             0.107ns  (arrival time - required time)
  Source:                 student_top_inst/bridge_inst/counter_inst/cnt_ms_reg[6]/C
                            (rising edge-triggered cell FDRE clocked by clk_out1_pll  {rise@0.000ns fall@10.000ns period=20.000ns})
  Destination:            student_top_inst/Core_cpu/load_data_out_reg[6]/D
                            (rising edge-triggered cell FDCE clocked by clk_out2_pll  {rise@0.000ns fall@10.000ns period=20.000ns})
  Path Group:             clk_out2_pll
  Path Type:              Hold (Min at Fast Process Corner)
  Requirement:            0.000ns  (clk_out2_pll rise@0.000ns - clk_out1_pll rise@0.000ns)
  Data Path Delay:        0.692ns  (logic 0.128ns (18.508%)  route 0.564ns (81.492%))
  Logic Levels:           1  (LUT6=1)
  Clock Path Skew:        0.299ns (DCD - SCD - CPR)
    Destination Clock Delay (DCD):    2.528ns
    Source Clock Delay      (SCD):    2.147ns
    Clock Pessimism Removal (CPR):    0.081ns
  Clock Uncertainty:      0.225ns  ((TSJ^2 + DJ^2)^1/2) / 2 + PE
    Total System Jitter     (TSJ):    0.071ns
    Discrete Jitter          (DJ):    0.198ns
    Phase Error              (PE):    0.120ns

    Location             Delay type                Incr(ns)  Path(ns)    Netlist Resource(s)
  -------------------------------------------------------------------    -------------------
                         (clock clk_out1_pll rise edge)
                                                      0.000     0.000 r  
    AD12                                              0.000     0.000 r  i_sys_clk_p (IN)
                         net (fo=0)                   0.000     0.000    pll_inst/inst/clk_in1_p
    AD12                 IBUFDS (Prop_ibufds_I_O)     0.388     0.388 r  pll_inst/inst/clkin1_ibufgds/O
                         net (fo=1, routed)           1.083     1.471    pll_inst/inst/clk_in1_pll_buf
    BUFGCTRL_X0Y3        BUFG (Prop_bufg_I_O)         0.026     1.497 r  pll_inst/inst/clkin1_bufg1/O
                         net (fo=1, routed)           0.767     2.264    pll_inst/inst/clk_in1_pll
    PLLE2_ADV_X1Y0       PLLE2_ADV (Prop_plle2_adv_CLKIN1_CLKOUT0)
                                                     -1.938     0.326 r  pll_inst/inst/plle2_adv_inst/CLKOUT0
                         net (fo=1, routed)           1.145     1.471    pll_inst/inst/clk_out1_pll
    BUFGCTRL_X0Y1        BUFG (Prop_bufg_I_O)         0.026     1.497 r  pll_inst/inst/clkout1_buf/O
                         net (fo=353, routed)         0.650     2.147    student_top_inst/bridge_inst/counter_inst/clk_out1
    SLICE_X30Y256        FDRE                                         r  student_top_inst/bridge_inst/counter_inst/cnt_ms_reg[6]/C
  -------------------------------------------------------------------    -------------------
    SLICE_X30Y256        FDRE (Prop_fdre_C_Q)         0.100     2.247 r  student_top_inst/bridge_inst/counter_inst/cnt_ms_reg[6]/Q
                         net (fo=2, routed)           0.564     2.811    student_top_inst/Core_cpu/cnt_rdata[6]
    SLICE_X33Y255        LUT6 (Prop_lut6_I4_O)        0.028     2.839 r  student_top_inst/Core_cpu/load_data_out[6]_i_1/O
                         net (fo=1, routed)           0.000     2.839    student_top_inst/Core_cpu/perip_rdata[6]
    SLICE_X33Y255        FDCE                                         r  student_top_inst/Core_cpu/load_data_out_reg[6]/D
  -------------------------------------------------------------------    -------------------

                         (clock clk_out2_pll rise edge)
                                                      0.000     0.000 r  
    AD12                                              0.000     0.000 r  i_sys_clk_p (IN)
                         net (fo=0)                   0.000     0.000    pll_inst/inst/clk_in1_p
    AD12                 IBUFDS (Prop_ibufds_I_O)     0.470     0.470 r  pll_inst/inst/clkin1_ibufgds/O
                         net (fo=1, routed)           1.154     1.624    pll_inst/inst/clk_in1_pll_buf
    BUFGCTRL_X0Y3        BUFG (Prop_bufg_I_O)         0.030     1.654 r  pll_inst/inst/clkin1_bufg1/O
                         net (fo=1, routed)           1.037     2.691    pll_inst/inst/clk_in1_pll
    PLLE2_ADV_X1Y0       PLLE2_ADV (Prop_plle2_adv_CLKIN1_CLKOUT1)
                                                     -2.283     0.408 r  pll_inst/inst/plle2_adv_inst/CLKOUT1
                         net (fo=1, routed)           1.216     1.624    pll_inst/inst/clk_out2_pll
    BUFGCTRL_X0Y0        BUFG (Prop_bufg_I_O)         0.030     1.654 r  pll_inst/inst/clkout2_buf/O
                         net (fo=34223, routed)       0.874     2.528    student_top_inst/Core_cpu/clk_out2
    SLICE_X33Y255        FDCE                                         r  student_top_inst/Core_cpu/load_data_out_reg[6]/C
                         clock pessimism             -0.081     2.446    
                         clock uncertainty            0.225     2.672    
    SLICE_X33Y255        FDCE (Hold_fdce_C_D)         0.060     2.732    student_top_inst/Core_cpu/load_data_out_reg[6]
  -------------------------------------------------------------------
                         required time                         -2.732    
                         arrival time                           2.839    
  -------------------------------------------------------------------
                         slack                                  0.107    

Slack (MET) :             0.109ns  (arrival time - required time)
  Source:                 student_top_inst/bridge_inst/counter_inst/cnt_ms_reg[14]/C
                            (rising edge-triggered cell FDRE clocked by clk_out1_pll  {rise@0.000ns fall@10.000ns period=20.000ns})
  Destination:            student_top_inst/Core_cpu/load_data_out_reg[14]/D
                            (rising edge-triggered cell FDCE clocked by clk_out2_pll  {rise@0.000ns fall@10.000ns period=20.000ns})
  Path Group:             clk_out2_pll
  Path Type:              Hold (Min at Fast Process Corner)
  Requirement:            0.000ns  (clk_out2_pll rise@0.000ns - clk_out1_pll rise@0.000ns)
  Data Path Delay:        0.695ns  (logic 0.200ns (28.781%)  route 0.495ns (71.219%))
  Logic Levels:           2  (LUT4=1 LUT6=1)
  Clock Path Skew:        0.300ns (DCD - SCD - CPR)
    Destination Clock Delay (DCD):    2.528ns
    Source Clock Delay      (SCD):    2.146ns
    Clock Pessimism Removal (CPR):    0.081ns
  Clock Uncertainty:      0.225ns  ((TSJ^2 + DJ^2)^1/2) / 2 + PE
    Total System Jitter     (TSJ):    0.071ns
    Discrete Jitter          (DJ):    0.198ns
    Phase Error              (PE):    0.120ns

    Location             Delay type                Incr(ns)  Path(ns)    Netlist Resource(s)
  -------------------------------------------------------------------    -------------------
                         (clock clk_out1_pll rise edge)
                                                      0.000     0.000 r  
    AD12                                              0.000     0.000 r  i_sys_clk_p (IN)
                         net (fo=0)                   0.000     0.000    pll_inst/inst/clk_in1_p
    AD12                 IBUFDS (Prop_ibufds_I_O)     0.388     0.388 r  pll_inst/inst/clkin1_ibufgds/O
                         net (fo=1, routed)           1.083     1.471    pll_inst/inst/clk_in1_pll_buf
    BUFGCTRL_X0Y3        BUFG (Prop_bufg_I_O)         0.026     1.497 r  pll_inst/inst/clkin1_bufg1/O
                         net (fo=1, routed)           0.767     2.264    pll_inst/inst/clk_in1_pll
    PLLE2_ADV_X1Y0       PLLE2_ADV (Prop_plle2_adv_CLKIN1_CLKOUT0)
                                                     -1.938     0.326 r  pll_inst/inst/plle2_adv_inst/CLKOUT0
                         net (fo=1, routed)           1.145     1.471    pll_inst/inst/clk_out1_pll
    BUFGCTRL_X0Y1        BUFG (Prop_bufg_I_O)         0.026     1.497 r  pll_inst/inst/clkout1_buf/O
                         net (fo=353, routed)         0.649     2.146    student_top_inst/bridge_inst/counter_inst/clk_out1
    SLICE_X30Y258        FDRE                                         r  student_top_inst/bridge_inst/counter_inst/cnt_ms_reg[14]/C
  -------------------------------------------------------------------    -------------------
    SLICE_X30Y258        FDRE (Prop_fdre_C_Q)         0.100     2.246 r  student_top_inst/bridge_inst/counter_inst/cnt_ms_reg[14]/Q
                         net (fo=2, routed)           0.236     2.482    student_top_inst/Core_cpu/cnt_rdata[14]
    SLICE_X31Y259        LUT4 (Prop_lut4_I0_O)        0.032     2.514 r  student_top_inst/Core_cpu/load_data_out[14]_i_5/O
                         net (fo=1, routed)           0.259     2.773    student_top_inst/Core_cpu/load_data_out[14]_i_5_n_0
    SLICE_X31Y261        LUT6 (Prop_lut6_I5_O)        0.068     2.841 r  student_top_inst/Core_cpu/load_data_out[14]_i_1/O
                         net (fo=1, routed)           0.000     2.841    student_top_inst/Core_cpu/perip_rdata[14]
    SLICE_X31Y261        FDCE                                         r  student_top_inst/Core_cpu/load_data_out_reg[14]/D
  -------------------------------------------------------------------    -------------------

                         (clock clk_out2_pll rise edge)
                                                      0.000     0.000 r  
    AD12                                              0.000     0.000 r  i_sys_clk_p (IN)
                         net (fo=0)                   0.000     0.000    pll_inst/inst/clk_in1_p
    AD12                 IBUFDS (Prop_ibufds_I_O)     0.470     0.470 r  pll_inst/inst/clkin1_ibufgds/O
                         net (fo=1, routed)           1.154     1.624    pll_inst/inst/clk_in1_pll_buf
    BUFGCTRL_X0Y3        BUFG (Prop_bufg_I_O)         0.030     1.654 r  pll_inst/inst/clkin1_bufg1/O
                         net (fo=1, routed)           1.037     2.691    pll_inst/inst/clk_in1_pll
    PLLE2_ADV_X1Y0       PLLE2_ADV (Prop_plle2_adv_CLKIN1_CLKOUT1)
                                                     -2.283     0.408 r  pll_inst/inst/plle2_adv_inst/CLKOUT1
                         net (fo=1, routed)           1.216     1.624    pll_inst/inst/clk_out2_pll
    BUFGCTRL_X0Y0        BUFG (Prop_bufg_I_O)         0.030     1.654 r  pll_inst/inst/clkout2_buf/O
                         net (fo=34223, routed)       0.874     2.528    student_top_inst/Core_cpu/clk_out2
    SLICE_X31Y261        FDCE                                         r  student_top_inst/Core_cpu/load_data_out_reg[14]/C
                         clock pessimism             -0.081     2.446    
                         clock uncertainty            0.225     2.672    
    SLICE_X31Y261        FDCE (Hold_fdce_C_D)         0.061     2.733    student_top_inst/Core_cpu/load_data_out_reg[14]
  -------------------------------------------------------------------
                         required time                         -2.733    
                         arrival time                           2.841    
  -------------------------------------------------------------------
                         slack                                  0.109    

Slack (MET) :             0.110ns  (arrival time - required time)
  Source:                 student_top_inst/bridge_inst/counter_inst/cnt_ms_reg[7]/C
                            (rising edge-triggered cell FDRE clocked by clk_out1_pll  {rise@0.000ns fall@10.000ns period=20.000ns})
  Destination:            student_top_inst/Core_cpu/load_data_out_reg[7]/D
                            (rising edge-triggered cell FDCE clocked by clk_out2_pll  {rise@0.000ns fall@10.000ns period=20.000ns})
  Path Group:             clk_out2_pll
  Path Type:              Hold (Min at Fast Process Corner)
  Requirement:            0.000ns  (clk_out2_pll rise@0.000ns - clk_out1_pll rise@0.000ns)
  Data Path Delay:        0.695ns  (logic 0.128ns (18.405%)  route 0.567ns (81.595%))
  Logic Levels:           1  (LUT6=1)
  Clock Path Skew:        0.299ns (DCD - SCD - CPR)
    Destination Clock Delay (DCD):    2.528ns
    Source Clock Delay      (SCD):    2.147ns
    Clock Pessimism Removal (CPR):    0.081ns
  Clock Uncertainty:      0.225ns  ((TSJ^2 + DJ^2)^1/2) / 2 + PE
    Total System Jitter     (TSJ):    0.071ns
    Discrete Jitter          (DJ):    0.198ns
    Phase Error              (PE):    0.120ns

    Location             Delay type                Incr(ns)  Path(ns)    Netlist Resource(s)
  -------------------------------------------------------------------    -------------------
                         (clock clk_out1_pll rise edge)
                                                      0.000     0.000 r  
    AD12                                              0.000     0.000 r  i_sys_clk_p (IN)
                         net (fo=0)                   0.000     0.000    pll_inst/inst/clk_in1_p
    AD12                 IBUFDS (Prop_ibufds_I_O)     0.388     0.388 r  pll_inst/inst/clkin1_ibufgds/O
                         net (fo=1, routed)           1.083     1.471    pll_inst/inst/clk_in1_pll_buf
    BUFGCTRL_X0Y3        BUFG (Prop_bufg_I_O)         0.026     1.497 r  pll_inst/inst/clkin1_bufg1/O
                         net (fo=1, routed)           0.767     2.264    pll_inst/inst/clk_in1_pll
    PLLE2_ADV_X1Y0       PLLE2_ADV (Prop_plle2_adv_CLKIN1_CLKOUT0)
                                                     -1.938     0.326 r  pll_inst/inst/plle2_adv_inst/CLKOUT0
                         net (fo=1, routed)           1.145     1.471    pll_inst/inst/clk_out1_pll
    BUFGCTRL_X0Y1        BUFG (Prop_bufg_I_O)         0.026     1.497 r  pll_inst/inst/clkout1_buf/O
                         net (fo=353, routed)         0.650     2.147    student_top_inst/bridge_inst/counter_inst/clk_out1
    SLICE_X30Y256        FDRE                                         r  student_top_inst/bridge_inst/counter_inst/cnt_ms_reg[7]/C
  -------------------------------------------------------------------    -------------------
    SLICE_X30Y256        FDRE (Prop_fdre_C_Q)         0.100     2.247 r  student_top_inst/bridge_inst/counter_inst/cnt_ms_reg[7]/Q
                         net (fo=2, routed)           0.567     2.815    student_top_inst/Core_cpu/cnt_rdata[7]
    SLICE_X33Y255        LUT6 (Prop_lut6_I2_O)        0.028     2.843 r  student_top_inst/Core_cpu/load_data_out[7]_i_1/O
                         net (fo=1, routed)           0.000     2.843    student_top_inst/Core_cpu/perip_rdata[7]
    SLICE_X33Y255        FDCE                                         r  student_top_inst/Core_cpu/load_data_out_reg[7]/D
  -------------------------------------------------------------------    -------------------

                         (clock clk_out2_pll rise edge)
                                                      0.000     0.000 r  
    AD12                                              0.000     0.000 r  i_sys_clk_p (IN)
                         net (fo=0)                   0.000     0.000    pll_inst/inst/clk_in1_p
    AD12                 IBUFDS (Prop_ibufds_I_O)     0.470     0.470 r  pll_inst/inst/clkin1_ibufgds/O
                         net (fo=1, routed)           1.154     1.624    pll_inst/inst/clk_in1_pll_buf
    BUFGCTRL_X0Y3        BUFG (Prop_bufg_I_O)         0.030     1.654 r  pll_inst/inst/clkin1_bufg1/O
                         net (fo=1, routed)           1.037     2.691    pll_inst/inst/clk_in1_pll
    PLLE2_ADV_X1Y0       PLLE2_ADV (Prop_plle2_adv_CLKIN1_CLKOUT1)
                                                     -2.283     0.408 r  pll_inst/inst/plle2_adv_inst/CLKOUT1
                         net (fo=1, routed)           1.216     1.624    pll_inst/inst/clk_out2_pll
    BUFGCTRL_X0Y0        BUFG (Prop_bufg_I_O)         0.030     1.654 r  pll_inst/inst/clkout2_buf/O
                         net (fo=34223, routed)       0.874     2.528    student_top_inst/Core_cpu/clk_out2
    SLICE_X33Y255        FDCE                                         r  student_top_inst/Core_cpu/load_data_out_reg[7]/C
                         clock pessimism             -0.081     2.446    
                         clock uncertainty            0.225     2.672    
    SLICE_X33Y255        FDCE (Hold_fdce_C_D)         0.061     2.733    student_top_inst/Core_cpu/load_data_out_reg[7]
  -------------------------------------------------------------------
                         required time                         -2.733    
                         arrival time                           2.843    
  -------------------------------------------------------------------
                         slack                                  0.110    

Slack (MET) :             0.111ns  (arrival time - required time)
  Source:                 student_top_inst/bridge_inst/counter_inst/cnt_ms_reg[30]/C
                            (rising edge-triggered cell FDRE clocked by clk_out1_pll  {rise@0.000ns fall@10.000ns period=20.000ns})
  Destination:            student_top_inst/Core_cpu/load_data_out_reg[30]/D
                            (rising edge-triggered cell FDCE clocked by clk_out2_pll  {rise@0.000ns fall@10.000ns period=20.000ns})
  Path Group:             clk_out2_pll
  Path Type:              Hold (Min at Fast Process Corner)
  Requirement:            0.000ns  (clk_out2_pll rise@0.000ns - clk_out1_pll rise@0.000ns)
  Data Path Delay:        0.693ns  (logic 0.128ns (18.464%)  route 0.565ns (81.536%))
  Logic Levels:           1  (LUT6=1)
  Clock Path Skew:        0.297ns (DCD - SCD - CPR)
    Destination Clock Delay (DCD):    2.523ns
    Source Clock Delay      (SCD):    2.144ns
    Clock Pessimism Removal (CPR):    0.081ns
  Clock Uncertainty:      0.225ns  ((TSJ^2 + DJ^2)^1/2) / 2 + PE
    Total System Jitter     (TSJ):    0.071ns
    Discrete Jitter          (DJ):    0.198ns
    Phase Error              (PE):    0.120ns

    Location             Delay type                Incr(ns)  Path(ns)    Netlist Resource(s)
  -------------------------------------------------------------------    -------------------
                         (clock clk_out1_pll rise edge)
                                                      0.000     0.000 r  
    AD12                                              0.000     0.000 r  i_sys_clk_p (IN)
                         net (fo=0)                   0.000     0.000    pll_inst/inst/clk_in1_p
    AD12                 IBUFDS (Prop_ibufds_I_O)     0.388     0.388 r  pll_inst/inst/clkin1_ibufgds/O
                         net (fo=1, routed)           1.083     1.471    pll_inst/inst/clk_in1_pll_buf
    BUFGCTRL_X0Y3        BUFG (Prop_bufg_I_O)         0.026     1.497 r  pll_inst/inst/clkin1_bufg1/O
                         net (fo=1, routed)           0.767     2.264    pll_inst/inst/clk_in1_pll
    PLLE2_ADV_X1Y0       PLLE2_ADV (Prop_plle2_adv_CLKIN1_CLKOUT0)
                                                     -1.938     0.326 r  pll_inst/inst/plle2_adv_inst/CLKOUT0
                         net (fo=1, routed)           1.145     1.471    pll_inst/inst/clk_out1_pll
    BUFGCTRL_X0Y1        BUFG (Prop_bufg_I_O)         0.026     1.497 r  pll_inst/inst/clkout1_buf/O
                         net (fo=353, routed)         0.647     2.144    student_top_inst/bridge_inst/counter_inst/clk_out1
    SLICE_X30Y262        FDRE                                         r  student_top_inst/bridge_inst/counter_inst/cnt_ms_reg[30]/C
  -------------------------------------------------------------------    -------------------
    SLICE_X30Y262        FDRE (Prop_fdre_C_Q)         0.100     2.244 r  student_top_inst/bridge_inst/counter_inst/cnt_ms_reg[30]/Q
                         net (fo=2, routed)           0.565     2.810    student_top_inst/Core_cpu/cnt_rdata[30]
    SLICE_X32Y264        LUT6 (Prop_lut6_I2_O)        0.028     2.838 r  student_top_inst/Core_cpu/load_data_out[30]_i_1/O
                         net (fo=1, routed)           0.000     2.838    student_top_inst/Core_cpu/perip_rdata[30]
    SLICE_X32Y264        FDCE                                         r  student_top_inst/Core_cpu/load_data_out_reg[30]/D
  -------------------------------------------------------------------    -------------------

                         (clock clk_out2_pll rise edge)
                                                      0.000     0.000 r  
    AD12                                              0.000     0.000 r  i_sys_clk_p (IN)
                         net (fo=0)                   0.000     0.000    pll_inst/inst/clk_in1_p
    AD12                 IBUFDS (Prop_ibufds_I_O)     0.470     0.470 r  pll_inst/inst/clkin1_ibufgds/O
                         net (fo=1, routed)           1.154     1.624    pll_inst/inst/clk_in1_pll_buf
    BUFGCTRL_X0Y3        BUFG (Prop_bufg_I_O)         0.030     1.654 r  pll_inst/inst/clkin1_bufg1/O
                         net (fo=1, routed)           1.037     2.691    pll_inst/inst/clk_in1_pll
    PLLE2_ADV_X1Y0       PLLE2_ADV (Prop_plle2_adv_CLKIN1_CLKOUT1)
                                                     -2.283     0.408 r  pll_inst/inst/plle2_adv_inst/CLKOUT1
                         net (fo=1, routed)           1.216     1.624    pll_inst/inst/clk_out2_pll
    BUFGCTRL_X0Y0        BUFG (Prop_bufg_I_O)         0.030     1.654 r  pll_inst/inst/clkout2_buf/O
                         net (fo=34223, routed)       0.869     2.523    student_top_inst/Core_cpu/clk_out2
    SLICE_X32Y264        FDCE                                         r  student_top_inst/Core_cpu/load_data_out_reg[30]/C
                         clock pessimism             -0.081     2.441    
                         clock uncertainty            0.225     2.667    
    SLICE_X32Y264        FDCE (Hold_fdce_C_D)         0.060     2.727    student_top_inst/Core_cpu/load_data_out_reg[30]
  -------------------------------------------------------------------
                         required time                         -2.727    
                         arrival time                           2.838    
  -------------------------------------------------------------------
                         slack                                  0.111    

Slack (MET) :             0.117ns  (arrival time - required time)
  Source:                 student_top_inst/bridge_inst/counter_inst/cnt_ms_reg[18]/C
                            (rising edge-triggered cell FDRE clocked by clk_out1_pll  {rise@0.000ns fall@10.000ns period=20.000ns})
  Destination:            student_top_inst/Core_cpu/load_data_out_reg[18]/D
                            (rising edge-triggered cell FDCE clocked by clk_out2_pll  {rise@0.000ns fall@10.000ns period=20.000ns})
  Path Group:             clk_out2_pll
  Path Type:              Hold (Min at Fast Process Corner)
  Requirement:            0.000ns  (clk_out2_pll rise@0.000ns - clk_out1_pll rise@0.000ns)
  Data Path Delay:        0.703ns  (logic 0.128ns (18.195%)  route 0.575ns (81.805%))
  Logic Levels:           1  (LUT6=1)
  Clock Path Skew:        0.301ns (DCD - SCD - CPR)
    Destination Clock Delay (DCD):    2.529ns
    Source Clock Delay      (SCD):    2.146ns
    Clock Pessimism Removal (CPR):    0.081ns
  Clock Uncertainty:      0.225ns  ((TSJ^2 + DJ^2)^1/2) / 2 + PE
    Total System Jitter     (TSJ):    0.071ns
    Discrete Jitter          (DJ):    0.198ns
    Phase Error              (PE):    0.120ns

    Location             Delay type                Incr(ns)  Path(ns)    Netlist Resource(s)
  -------------------------------------------------------------------    -------------------
                         (clock clk_out1_pll rise edge)
                                                      0.000     0.000 r  
    AD12                                              0.000     0.000 r  i_sys_clk_p (IN)
                         net (fo=0)                   0.000     0.000    pll_inst/inst/clk_in1_p
    AD12                 IBUFDS (Prop_ibufds_I_O)     0.388     0.388 r  pll_inst/inst/clkin1_ibufgds/O
                         net (fo=1, routed)           1.083     1.471    pll_inst/inst/clk_in1_pll_buf
    BUFGCTRL_X0Y3        BUFG (Prop_bufg_I_O)         0.026     1.497 r  pll_inst/inst/clkin1_bufg1/O
                         net (fo=1, routed)           0.767     2.264    pll_inst/inst/clk_in1_pll
    PLLE2_ADV_X1Y0       PLLE2_ADV (Prop_plle2_adv_CLKIN1_CLKOUT0)
                                                     -1.938     0.326 r  pll_inst/inst/plle2_adv_inst/CLKOUT0
                         net (fo=1, routed)           1.145     1.471    pll_inst/inst/clk_out1_pll
    BUFGCTRL_X0Y1        BUFG (Prop_bufg_I_O)         0.026     1.497 r  pll_inst/inst/clkout1_buf/O
                         net (fo=353, routed)         0.649     2.146    student_top_inst/bridge_inst/counter_inst/clk_out1
    SLICE_X30Y259        FDRE                                         r  student_top_inst/bridge_inst/counter_inst/cnt_ms_reg[18]/C
  -------------------------------------------------------------------    -------------------
    SLICE_X30Y259        FDRE (Prop_fdre_C_Q)         0.100     2.246 r  student_top_inst/bridge_inst/counter_inst/cnt_ms_reg[18]/Q
                         net (fo=2, routed)           0.575     2.822    student_top_inst/Core_cpu/cnt_rdata[18]
    SLICE_X28Y259        LUT6 (Prop_lut6_I2_O)        0.028     2.850 r  student_top_inst/Core_cpu/load_data_out[18]_i_1/O
                         net (fo=1, routed)           0.000     2.850    student_top_inst/Core_cpu/perip_rdata[18]
    SLICE_X28Y259        FDCE                                         r  student_top_inst/Core_cpu/load_data_out_reg[18]/D
  -------------------------------------------------------------------    -------------------

                         (clock clk_out2_pll rise edge)
                                                      0.000     0.000 r  
    AD12                                              0.000     0.000 r  i_sys_clk_p (IN)
                         net (fo=0)                   0.000     0.000    pll_inst/inst/clk_in1_p
    AD12                 IBUFDS (Prop_ibufds_I_O)     0.470     0.470 r  pll_inst/inst/clkin1_ibufgds/O
                         net (fo=1, routed)           1.154     1.624    pll_inst/inst/clk_in1_pll_buf
    BUFGCTRL_X0Y3        BUFG (Prop_bufg_I_O)         0.030     1.654 r  pll_inst/inst/clkin1_bufg1/O
                         net (fo=1, routed)           1.037     2.691    pll_inst/inst/clk_in1_pll
    PLLE2_ADV_X1Y0       PLLE2_ADV (Prop_plle2_adv_CLKIN1_CLKOUT1)
                                                     -2.283     0.408 r  pll_inst/inst/plle2_adv_inst/CLKOUT1
                         net (fo=1, routed)           1.216     1.624    pll_inst/inst/clk_out2_pll
    BUFGCTRL_X0Y0        BUFG (Prop_bufg_I_O)         0.030     1.654 r  pll_inst/inst/clkout2_buf/O
                         net (fo=34223, routed)       0.875     2.529    student_top_inst/Core_cpu/clk_out2
    SLICE_X28Y259        FDCE                                         r  student_top_inst/Core_cpu/load_data_out_reg[18]/C
                         clock pessimism             -0.081     2.447    
                         clock uncertainty            0.225     2.673    
    SLICE_X28Y259        FDCE (Hold_fdce_C_D)         0.060     2.733    student_top_inst/Core_cpu/load_data_out_reg[18]
  -------------------------------------------------------------------
                         required time                         -2.733    
                         arrival time                           2.850    
  -------------------------------------------------------------------
                         slack                                  0.117    

Slack (MET) :             0.128ns  (arrival time - required time)
  Source:                 student_top_inst/bridge_inst/counter_inst/cnt_ms_reg[28]/C
                            (rising edge-triggered cell FDRE clocked by clk_out1_pll  {rise@0.000ns fall@10.000ns period=20.000ns})
  Destination:            student_top_inst/Core_cpu/load_data_out_reg[28]/D
                            (rising edge-triggered cell FDCE clocked by clk_out2_pll  {rise@0.000ns fall@10.000ns period=20.000ns})
  Path Group:             clk_out2_pll
  Path Type:              Hold (Min at Fast Process Corner)
  Requirement:            0.000ns  (clk_out2_pll rise@0.000ns - clk_out1_pll rise@0.000ns)
  Data Path Delay:        0.714ns  (logic 0.128ns (17.939%)  route 0.586ns (82.061%))
  Logic Levels:           1  (LUT6=1)
  Clock Path Skew:        0.300ns (DCD - SCD - CPR)
    Destination Clock Delay (DCD):    2.526ns
    Source Clock Delay      (SCD):    2.144ns
    Clock Pessimism Removal (CPR):    0.081ns
  Clock Uncertainty:      0.225ns  ((TSJ^2 + DJ^2)^1/2) / 2 + PE
    Total System Jitter     (TSJ):    0.071ns
    Discrete Jitter          (DJ):    0.198ns
    Phase Error              (PE):    0.120ns

    Location             Delay type                Incr(ns)  Path(ns)    Netlist Resource(s)
  -------------------------------------------------------------------    -------------------
                         (clock clk_out1_pll rise edge)
                                                      0.000     0.000 r  
    AD12                                              0.000     0.000 r  i_sys_clk_p (IN)
                         net (fo=0)                   0.000     0.000    pll_inst/inst/clk_in1_p
    AD12                 IBUFDS (Prop_ibufds_I_O)     0.388     0.388 r  pll_inst/inst/clkin1_ibufgds/O
                         net (fo=1, routed)           1.083     1.471    pll_inst/inst/clk_in1_pll_buf
    BUFGCTRL_X0Y3        BUFG (Prop_bufg_I_O)         0.026     1.497 r  pll_inst/inst/clkin1_bufg1/O
                         net (fo=1, routed)           0.767     2.264    pll_inst/inst/clk_in1_pll
    PLLE2_ADV_X1Y0       PLLE2_ADV (Prop_plle2_adv_CLKIN1_CLKOUT0)
                                                     -1.938     0.326 r  pll_inst/inst/plle2_adv_inst/CLKOUT0
                         net (fo=1, routed)           1.145     1.471    pll_inst/inst/clk_out1_pll
    BUFGCTRL_X0Y1        BUFG (Prop_bufg_I_O)         0.026     1.497 r  pll_inst/inst/clkout1_buf/O
                         net (fo=353, routed)         0.647     2.144    student_top_inst/bridge_inst/counter_inst/clk_out1
    SLICE_X30Y262        FDRE                                         r  student_top_inst/bridge_inst/counter_inst/cnt_ms_reg[28]/C
  -------------------------------------------------------------------    -------------------
    SLICE_X30Y262        FDRE (Prop_fdre_C_Q)         0.100     2.244 r  student_top_inst/bridge_inst/counter_inst/cnt_ms_reg[28]/Q
                         net (fo=2, routed)           0.586     2.830    student_top_inst/Core_cpu/cnt_rdata[28]
    SLICE_X28Y262        LUT6 (Prop_lut6_I2_O)        0.028     2.858 r  student_top_inst/Core_cpu/load_data_out[28]_i_1/O
                         net (fo=1, routed)           0.000     2.858    student_top_inst/Core_cpu/perip_rdata[28]
    SLICE_X28Y262        FDCE                                         r  student_top_inst/Core_cpu/load_data_out_reg[28]/D
  -------------------------------------------------------------------    -------------------

                         (clock clk_out2_pll rise edge)
                                                      0.000     0.000 r  
    AD12                                              0.000     0.000 r  i_sys_clk_p (IN)
                         net (fo=0)                   0.000     0.000    pll_inst/inst/clk_in1_p
    AD12                 IBUFDS (Prop_ibufds_I_O)     0.470     0.470 r  pll_inst/inst/clkin1_ibufgds/O
                         net (fo=1, routed)           1.154     1.624    pll_inst/inst/clk_in1_pll_buf
    BUFGCTRL_X0Y3        BUFG (Prop_bufg_I_O)         0.030     1.654 r  pll_inst/inst/clkin1_bufg1/O
                         net (fo=1, routed)           1.037     2.691    pll_inst/inst/clk_in1_pll
    PLLE2_ADV_X1Y0       PLLE2_ADV (Prop_plle2_adv_CLKIN1_CLKOUT1)
                                                     -2.283     0.408 r  pll_inst/inst/plle2_adv_inst/CLKOUT1
                         net (fo=1, routed)           1.216     1.624    pll_inst/inst/clk_out2_pll
    BUFGCTRL_X0Y0        BUFG (Prop_bufg_I_O)         0.030     1.654 r  pll_inst/inst/clkout2_buf/O
                         net (fo=34223, routed)       0.872     2.526    student_top_inst/Core_cpu/clk_out2
    SLICE_X28Y262        FDCE                                         r  student_top_inst/Core_cpu/load_data_out_reg[28]/C
                         clock pessimism             -0.081     2.444    
                         clock uncertainty            0.225     2.670    
    SLICE_X28Y262        FDCE (Hold_fdce_C_D)         0.060     2.730    student_top_inst/Core_cpu/load_data_out_reg[28]
  -------------------------------------------------------------------
                         required time                         -2.730    
                         arrival time                           2.858    
  -------------------------------------------------------------------
                         slack                                  0.128    

Slack (MET) :             0.130ns  (arrival time - required time)
  Source:                 student_top_inst/bridge_inst/counter_inst/cnt_ms_reg[2]/C
                            (rising edge-triggered cell FDRE clocked by clk_out1_pll  {rise@0.000ns fall@10.000ns period=20.000ns})
  Destination:            student_top_inst/Core_cpu/load_data_out_reg[2]/D
                            (rising edge-triggered cell FDCE clocked by clk_out2_pll  {rise@0.000ns fall@10.000ns period=20.000ns})
  Path Group:             clk_out2_pll
  Path Type:              Hold (Min at Fast Process Corner)
  Requirement:            0.000ns  (clk_out2_pll rise@0.000ns - clk_out1_pll rise@0.000ns)
  Data Path Delay:        0.714ns  (logic 0.128ns (17.922%)  route 0.586ns (82.078%))
  Logic Levels:           1  (LUT6=1)
  Clock Path Skew:        0.299ns (DCD - SCD - CPR)
    Destination Clock Delay (DCD):    2.528ns
    Source Clock Delay      (SCD):    2.147ns
    Clock Pessimism Removal (CPR):    0.081ns
  Clock Uncertainty:      0.225ns  ((TSJ^2 + DJ^2)^1/2) / 2 + PE
    Total System Jitter     (TSJ):    0.071ns
    Discrete Jitter          (DJ):    0.198ns
    Phase Error              (PE):    0.120ns

    Location             Delay type                Incr(ns)  Path(ns)    Netlist Resource(s)
  -------------------------------------------------------------------    -------------------
                         (clock clk_out1_pll rise edge)
                                                      0.000     0.000 r  
    AD12                                              0.000     0.000 r  i_sys_clk_p (IN)
                         net (fo=0)                   0.000     0.000    pll_inst/inst/clk_in1_p
    AD12                 IBUFDS (Prop_ibufds_I_O)     0.388     0.388 r  pll_inst/inst/clkin1_ibufgds/O
                         net (fo=1, routed)           1.083     1.471    pll_inst/inst/clk_in1_pll_buf
    BUFGCTRL_X0Y3        BUFG (Prop_bufg_I_O)         0.026     1.497 r  pll_inst/inst/clkin1_bufg1/O
                         net (fo=1, routed)           0.767     2.264    pll_inst/inst/clk_in1_pll
    PLLE2_ADV_X1Y0       PLLE2_ADV (Prop_plle2_adv_CLKIN1_CLKOUT0)
                                                     -1.938     0.326 r  pll_inst/inst/plle2_adv_inst/CLKOUT0
                         net (fo=1, routed)           1.145     1.471    pll_inst/inst/clk_out1_pll
    BUFGCTRL_X0Y1        BUFG (Prop_bufg_I_O)         0.026     1.497 r  pll_inst/inst/clkout1_buf/O
                         net (fo=353, routed)         0.650     2.147    student_top_inst/bridge_inst/counter_inst/clk_out1
    SLICE_X30Y255        FDRE                                         r  student_top_inst/bridge_inst/counter_inst/cnt_ms_reg[2]/C
  -------------------------------------------------------------------    -------------------
    SLICE_X30Y255        FDRE (Prop_fdre_C_Q)         0.100     2.247 r  student_top_inst/bridge_inst/counter_inst/cnt_ms_reg[2]/Q
                         net (fo=2, routed)           0.586     2.834    student_top_inst/Core_cpu/cnt_rdata[2]
    SLICE_X32Y255        LUT6 (Prop_lut6_I4_O)        0.028     2.862 r  student_top_inst/Core_cpu/load_data_out[2]_i_1/O
                         net (fo=1, routed)           0.000     2.862    student_top_inst/Core_cpu/perip_rdata[2]
    SLICE_X32Y255        FDCE                                         r  student_top_inst/Core_cpu/load_data_out_reg[2]/D
  -------------------------------------------------------------------    -------------------

                         (clock clk_out2_pll rise edge)
                                                      0.000     0.000 r  
    AD12                                              0.000     0.000 r  i_sys_clk_p (IN)
                         net (fo=0)                   0.000     0.000    pll_inst/inst/clk_in1_p
    AD12                 IBUFDS (Prop_ibufds_I_O)     0.470     0.470 r  pll_inst/inst/clkin1_ibufgds/O
                         net (fo=1, routed)           1.154     1.624    pll_inst/inst/clk_in1_pll_buf
    BUFGCTRL_X0Y3        BUFG (Prop_bufg_I_O)         0.030     1.654 r  pll_inst/inst/clkin1_bufg1/O
                         net (fo=1, routed)           1.037     2.691    pll_inst/inst/clk_in1_pll
    PLLE2_ADV_X1Y0       PLLE2_ADV (Prop_plle2_adv_CLKIN1_CLKOUT1)
                                                     -2.283     0.408 r  pll_inst/inst/plle2_adv_inst/CLKOUT1
                         net (fo=1, routed)           1.216     1.624    pll_inst/inst/clk_out2_pll
    BUFGCTRL_X0Y0        BUFG (Prop_bufg_I_O)         0.030     1.654 r  pll_inst/inst/clkout2_buf/O
                         net (fo=34223, routed)       0.874     2.528    student_top_inst/Core_cpu/clk_out2
    SLICE_X32Y255        FDCE                                         r  student_top_inst/Core_cpu/load_data_out_reg[2]/C
                         clock pessimism             -0.081     2.446    
                         clock uncertainty            0.225     2.672    
    SLICE_X32Y255        FDCE (Hold_fdce_C_D)         0.060     2.732    student_top_inst/Core_cpu/load_data_out_reg[2]
  -------------------------------------------------------------------
                         required time                         -2.732    
                         arrival time                           2.862    
  -------------------------------------------------------------------
                         slack                                  0.130    

Slack (MET) :             0.134ns  (arrival time - required time)
  Source:                 student_top_inst/bridge_inst/counter_inst/cnt_ms_reg[15]/C
                            (rising edge-triggered cell FDRE clocked by clk_out1_pll  {rise@0.000ns fall@10.000ns period=20.000ns})
  Destination:            student_top_inst/Core_cpu/load_data_out_reg[15]/D
                            (rising edge-triggered cell FDCE clocked by clk_out2_pll  {rise@0.000ns fall@10.000ns period=20.000ns})
  Path Group:             clk_out2_pll
  Path Type:              Hold (Min at Fast Process Corner)
  Requirement:            0.000ns  (clk_out2_pll rise@0.000ns - clk_out1_pll rise@0.000ns)
  Data Path Delay:        0.719ns  (logic 0.128ns (17.794%)  route 0.591ns (82.206%))
  Logic Levels:           1  (LUT6=1)
  Clock Path Skew:        0.300ns (DCD - SCD - CPR)
    Destination Clock Delay (DCD):    2.528ns
    Source Clock Delay      (SCD):    2.146ns
    Clock Pessimism Removal (CPR):    0.081ns
  Clock Uncertainty:      0.225ns  ((TSJ^2 + DJ^2)^1/2) / 2 + PE
    Total System Jitter     (TSJ):    0.071ns
    Discrete Jitter          (DJ):    0.198ns
    Phase Error              (PE):    0.120ns

    Location             Delay type                Incr(ns)  Path(ns)    Netlist Resource(s)
  -------------------------------------------------------------------    -------------------
                         (clock clk_out1_pll rise edge)
                                                      0.000     0.000 r  
    AD12                                              0.000     0.000 r  i_sys_clk_p (IN)
                         net (fo=0)                   0.000     0.000    pll_inst/inst/clk_in1_p
    AD12                 IBUFDS (Prop_ibufds_I_O)     0.388     0.388 r  pll_inst/inst/clkin1_ibufgds/O
                         net (fo=1, routed)           1.083     1.471    pll_inst/inst/clk_in1_pll_buf
    BUFGCTRL_X0Y3        BUFG (Prop_bufg_I_O)         0.026     1.497 r  pll_inst/inst/clkin1_bufg1/O
                         net (fo=1, routed)           0.767     2.264    pll_inst/inst/clk_in1_pll
    PLLE2_ADV_X1Y0       PLLE2_ADV (Prop_plle2_adv_CLKIN1_CLKOUT0)
                                                     -1.938     0.326 r  pll_inst/inst/plle2_adv_inst/CLKOUT0
                         net (fo=1, routed)           1.145     1.471    pll_inst/inst/clk_out1_pll
    BUFGCTRL_X0Y1        BUFG (Prop_bufg_I_O)         0.026     1.497 r  pll_inst/inst/clkout1_buf/O
                         net (fo=353, routed)         0.649     2.146    student_top_inst/bridge_inst/counter_inst/clk_out1
    SLICE_X30Y258        FDRE                                         r  student_top_inst/bridge_inst/counter_inst/cnt_ms_reg[15]/C
  -------------------------------------------------------------------    -------------------
    SLICE_X30Y258        FDRE (Prop_fdre_C_Q)         0.100     2.246 r  student_top_inst/bridge_inst/counter_inst/cnt_ms_reg[15]/Q
                         net (fo=2, routed)           0.591     2.838    student_top_inst/Core_cpu/cnt_rdata[15]
    SLICE_X31Y260        LUT6 (Prop_lut6_I2_O)        0.028     2.866 r  student_top_inst/Core_cpu/load_data_out[15]_i_1/O
                         net (fo=1, routed)           0.000     2.866    student_top_inst/Core_cpu/perip_rdata[15]
    SLICE_X31Y260        FDCE                                         r  student_top_inst/Core_cpu/load_data_out_reg[15]/D
  -------------------------------------------------------------------    -------------------

                         (clock clk_out2_pll rise edge)
                                                      0.000     0.000 r  
    AD12                                              0.000     0.000 r  i_sys_clk_p (IN)
                         net (fo=0)                   0.000     0.000    pll_inst/inst/clk_in1_p
    AD12                 IBUFDS (Prop_ibufds_I_O)     0.470     0.470 r  pll_inst/inst/clkin1_ibufgds/O
                         net (fo=1, routed)           1.154     1.624    pll_inst/inst/clk_in1_pll_buf
    BUFGCTRL_X0Y3        BUFG (Prop_bufg_I_O)         0.030     1.654 r  pll_inst/inst/clkin1_bufg1/O
                         net (fo=1, routed)           1.037     2.691    pll_inst/inst/clk_in1_pll
    PLLE2_ADV_X1Y0       PLLE2_ADV (Prop_plle2_adv_CLKIN1_CLKOUT1)
                                                     -2.283     0.408 r  pll_inst/inst/plle2_adv_inst/CLKOUT1
                         net (fo=1, routed)           1.216     1.624    pll_inst/inst/clk_out2_pll
    BUFGCTRL_X0Y0        BUFG (Prop_bufg_I_O)         0.030     1.654 r  pll_inst/inst/clkout2_buf/O
                         net (fo=34223, routed)       0.874     2.528    student_top_inst/Core_cpu/clk_out2
    SLICE_X31Y260        FDCE                                         r  student_top_inst/Core_cpu/load_data_out_reg[15]/C
                         clock pessimism             -0.081     2.446    
                         clock uncertainty            0.225     2.672    
    SLICE_X31Y260        FDCE (Hold_fdce_C_D)         0.060     2.732    student_top_inst/Core_cpu/load_data_out_reg[15]
  -------------------------------------------------------------------
                         required time                         -2.732    
                         arrival time                           2.866    
  -------------------------------------------------------------------
                         slack                                  0.134    





--------------------------------------------------------------------------------------
Path Group:  (none)
From Clock:  clk_out1_pll
  To Clock:  

Max Delay             1 Endpoint
Min Delay             1 Endpoint
--------------------------------------------------------------------------------------


Max Delay Paths
--------------------------------------------------------------------------------------
Slack:                    inf
  Source:                 uart_inst/tx_reg/C
                            (rising edge-triggered cell FDPE clocked by clk_out1_pll  {rise@0.000ns fall@10.000ns period=20.000ns})
  Destination:            o_uart_tx
                            (output port)
  Path Group:             (none)
  Path Type:              Max at Slow Process Corner
  Data Path Delay:        5.400ns  (logic 3.539ns (65.538%)  route 1.861ns (34.462%))
  Logic Levels:           1  (OBUF=1)
  Clock Uncertainty:      0.258ns  ((TSJ^2 + DJ^2)^1/2) / 2 + PE
    Total System Jitter     (TSJ):    0.050ns
    Discrete Jitter          (DJ):    0.198ns
    Phase Error              (PE):    0.156ns

    Location             Delay type                Incr(ns)  Path(ns)    Netlist Resource(s)
  -------------------------------------------------------------------    -------------------
                         (clock clk_out1_pll rise edge)
                                                      0.000     0.000 r  
    AD12                                              0.000     0.000 r  i_sys_clk_p (IN)
                         net (fo=0)                   0.000     0.000    pll_inst/inst/clk_in1_p
    AD12                 IBUFDS (Prop_ibufds_I_O)     0.906     0.906 r  pll_inst/inst/clkin1_ibufgds/O
                         net (fo=1, routed)           2.299     3.205    pll_inst/inst/clk_in1_pll_buf
    BUFGCTRL_X0Y3        BUFG (Prop_bufg_I_O)         0.093     3.298 r  pll_inst/inst/clkin1_bufg1/O
                         net (fo=1, routed)           1.959     5.257    pll_inst/inst/clk_in1_pll
    PLLE2_ADV_X1Y0       PLLE2_ADV (Prop_plle2_adv_CLKIN1_CLKOUT0)
                                                     -4.519     0.738 r  pll_inst/inst/plle2_adv_inst/CLKOUT0
                         net (fo=1, routed)           2.467     3.205    pll_inst/inst/clk_out1_pll
    BUFGCTRL_X0Y1        BUFG (Prop_bufg_I_O)         0.093     3.298 r  pll_inst/inst/clkout1_buf/O
                         net (fo=353, routed)         1.425     4.723    uart_inst/clk_out1
    SLICE_X29Y273        FDPE                                         r  uart_inst/tx_reg/C
  -------------------------------------------------------------------    -------------------
    SLICE_X29Y273        FDPE (Prop_fdpe_C_Q)         0.223     4.946 r  uart_inst/tx_reg/Q
                         net (fo=1, routed)           1.861     6.806    o_uart_tx_OBUF
    D17                  OBUF (Prop_obuf_I_O)         3.316    10.122 r  o_uart_tx_OBUF_inst/O
                         net (fo=0)                   0.000    10.122    o_uart_tx
    D17                                                               r  o_uart_tx (OUT)
  -------------------------------------------------------------------    -------------------





Min Delay Paths
--------------------------------------------------------------------------------------
Slack:                    inf
  Source:                 uart_inst/tx_reg/C
                            (rising edge-triggered cell FDPE clocked by clk_out1_pll  {rise@0.000ns fall@10.000ns period=20.000ns})
  Destination:            o_uart_tx
                            (output port)
  Path Group:             (none)
  Path Type:              Min at Fast Process Corner
  Data Path Delay:        2.280ns  (logic 1.524ns (66.811%)  route 0.757ns (33.189%))
  Logic Levels:           1  (OBUF=1)
  Clock Uncertainty:      0.258ns  ((TSJ^2 + DJ^2)^1/2) / 2 + PE
    Total System Jitter     (TSJ):    0.050ns
    Discrete Jitter          (DJ):    0.198ns
    Phase Error              (PE):    0.156ns

    Location             Delay type                Incr(ns)  Path(ns)    Netlist Resource(s)
  -------------------------------------------------------------------    -------------------
                         (clock clk_out1_pll rise edge)
                                                      0.000     0.000 r  
    AD12                                              0.000     0.000 r  i_sys_clk_p (IN)
                         net (fo=0)                   0.000     0.000    pll_inst/inst/clk_in1_p
    AD12                 IBUFDS (Prop_ibufds_I_O)     0.388     0.388 r  pll_inst/inst/clkin1_ibufgds/O
                         net (fo=1, routed)           1.083     1.471    pll_inst/inst/clk_in1_pll_buf
    BUFGCTRL_X0Y3        BUFG (Prop_bufg_I_O)         0.026     1.497 r  pll_inst/inst/clkin1_bufg1/O
                         net (fo=1, routed)           0.767     2.264    pll_inst/inst/clk_in1_pll
    PLLE2_ADV_X1Y0       PLLE2_ADV (Prop_plle2_adv_CLKIN1_CLKOUT0)
                                                     -1.938     0.326 r  pll_inst/inst/plle2_adv_inst/CLKOUT0
                         net (fo=1, routed)           1.145     1.471    pll_inst/inst/clk_out1_pll
    BUFGCTRL_X0Y1        BUFG (Prop_bufg_I_O)         0.026     1.497 r  pll_inst/inst/clkout1_buf/O
                         net (fo=353, routed)         0.638     2.135    uart_inst/clk_out1
    SLICE_X29Y273        FDPE                                         r  uart_inst/tx_reg/C
  -------------------------------------------------------------------    -------------------
    SLICE_X29Y273        FDPE (Prop_fdpe_C_Q)         0.100     2.235 r  uart_inst/tx_reg/Q
                         net (fo=1, routed)           0.757     2.992    o_uart_tx_OBUF
    D17                  OBUF (Prop_obuf_I_O)         1.424     4.416 r  o_uart_tx_OBUF_inst/O
                         net (fo=0)                   0.000     4.416    o_uart_tx
    D17                                                               r  o_uart_tx (OUT)
  -------------------------------------------------------------------    -------------------





--------------------------------------------------------------------------------------
Path Group:  (none)
From Clock:  clk_out2_pll
  To Clock:  

Max Delay            69 Endpoints
Min Delay            69 Endpoints
--------------------------------------------------------------------------------------


Max Delay Paths
--------------------------------------------------------------------------------------
Slack:                    inf
  Source:                 student_top_inst/bridge_inst/seg_driver/count_reg[4]/C
                            (rising edge-triggered cell FDCE clocked by clk_out2_pll  {rise@0.000ns fall@10.000ns period=20.000ns})
  Destination:            virtual_seg[23]
                            (output port)
  Path Group:             (none)
  Path Type:              Max at Slow Process Corner
  Data Path Delay:        11.423ns  (logic 2.754ns (24.113%)  route 8.668ns (75.887%))
  Logic Levels:           3  (LUT3=1 LUT6=1 OBUF=1)
  Clock Uncertainty:      0.258ns  ((TSJ^2 + DJ^2)^1/2) / 2 + PE
    Total System Jitter     (TSJ):    0.050ns
    Discrete Jitter          (DJ):    0.198ns
    Phase Error              (PE):    0.156ns

    Location             Delay type                Incr(ns)  Path(ns)    Netlist Resource(s)
  -------------------------------------------------------------------    -------------------
                         (clock clk_out2_pll rise edge)
                                                      0.000     0.000 r  
    AD12                                              0.000     0.000 r  i_sys_clk_p (IN)
                         net (fo=0)                   0.000     0.000    pll_inst/inst/clk_in1_p
    AD12                 IBUFDS (Prop_ibufds_I_O)     0.906     0.906 r  pll_inst/inst/clkin1_ibufgds/O
                         net (fo=1, routed)           2.299     3.205    pll_inst/inst/clk_in1_pll_buf
    BUFGCTRL_X0Y3        BUFG (Prop_bufg_I_O)         0.093     3.298 r  pll_inst/inst/clkin1_bufg1/O
                         net (fo=1, routed)           1.959     5.257    pll_inst/inst/clk_in1_pll
    PLLE2_ADV_X1Y0       PLLE2_ADV (Prop_plle2_adv_CLKIN1_CLKOUT1)
                                                     -4.519     0.738 r  pll_inst/inst/plle2_adv_inst/CLKOUT1
                         net (fo=1, routed)           2.467     3.205    pll_inst/inst/clk_out2_pll
    BUFGCTRL_X0Y0        BUFG (Prop_bufg_I_O)         0.093     3.298 r  pll_inst/inst/clkout2_buf/O
                         net (fo=34223, routed)       1.287     4.585    student_top_inst/bridge_inst/seg_driver/clk_out2
    SLICE_X23Y241        FDCE                                         r  student_top_inst/bridge_inst/seg_driver/count_reg[4]/C
  -------------------------------------------------------------------    -------------------
    SLICE_X23Y241        FDCE (Prop_fdce_C_Q)         0.204     4.789 r  student_top_inst/bridge_inst/seg_driver/count_reg[4]/Q
                         net (fo=47, routed)          1.425     6.214    student_top_inst/bridge_inst/seg_driver/Q[0]
    SLICE_X29Y265        LUT3 (Prop_lut3_I1_O)        0.123     6.337 r  student_top_inst/bridge_inst/seg_driver/virtual_seg_OBUF[26]_inst_i_3/O
                         net (fo=7, routed)           0.986     7.322    student_top_inst/bridge_inst/seg_driver/virtual_seg_OBUF[26]_inst_i_3_n_0
    SLICE_X24Y268        LUT6 (Prop_lut6_I1_O)        0.043     7.365 r  student_top_inst/bridge_inst/seg_driver/virtual_seg_OBUF[23]_inst_i_1/O
                         net (fo=2, routed)           6.258    13.623    virtual_seg_OBUF[23]
    AC26                 OBUF (Prop_obuf_I_O)         2.384    16.007 r  virtual_seg_OBUF[23]_inst/O
                         net (fo=0)                   0.000    16.007    virtual_seg[23]
    AC26                                                              r  virtual_seg[23] (OUT)
  -------------------------------------------------------------------    -------------------

Slack:                    inf
  Source:                 student_top_inst/bridge_inst/seg_driver/count_reg[4]/C
                            (rising edge-triggered cell FDCE clocked by clk_out2_pll  {rise@0.000ns fall@10.000ns period=20.000ns})
  Destination:            virtual_seg[21]
                            (output port)
  Path Group:             (none)
  Path Type:              Max at Slow Process Corner
  Data Path Delay:        11.269ns  (logic 2.762ns (24.506%)  route 8.507ns (75.494%))
  Logic Levels:           3  (LUT3=1 LUT6=1 OBUF=1)
  Clock Uncertainty:      0.258ns  ((TSJ^2 + DJ^2)^1/2) / 2 + PE
    Total System Jitter     (TSJ):    0.050ns
    Discrete Jitter          (DJ):    0.198ns
    Phase Error              (PE):    0.156ns

    Location             Delay type                Incr(ns)  Path(ns)    Netlist Resource(s)
  -------------------------------------------------------------------    -------------------
                         (clock clk_out2_pll rise edge)
                                                      0.000     0.000 r  
    AD12                                              0.000     0.000 r  i_sys_clk_p (IN)
                         net (fo=0)                   0.000     0.000    pll_inst/inst/clk_in1_p
    AD12                 IBUFDS (Prop_ibufds_I_O)     0.906     0.906 r  pll_inst/inst/clkin1_ibufgds/O
                         net (fo=1, routed)           2.299     3.205    pll_inst/inst/clk_in1_pll_buf
    BUFGCTRL_X0Y3        BUFG (Prop_bufg_I_O)         0.093     3.298 r  pll_inst/inst/clkin1_bufg1/O
                         net (fo=1, routed)           1.959     5.257    pll_inst/inst/clk_in1_pll
    PLLE2_ADV_X1Y0       PLLE2_ADV (Prop_plle2_adv_CLKIN1_CLKOUT1)
                                                     -4.519     0.738 r  pll_inst/inst/plle2_adv_inst/CLKOUT1
                         net (fo=1, routed)           2.467     3.205    pll_inst/inst/clk_out2_pll
    BUFGCTRL_X0Y0        BUFG (Prop_bufg_I_O)         0.093     3.298 r  pll_inst/inst/clkout2_buf/O
                         net (fo=34223, routed)       1.287     4.585    student_top_inst/bridge_inst/seg_driver/clk_out2
    SLICE_X23Y241        FDCE                                         r  student_top_inst/bridge_inst/seg_driver/count_reg[4]/C
  -------------------------------------------------------------------    -------------------
    SLICE_X23Y241        FDCE (Prop_fdce_C_Q)         0.204     4.789 r  student_top_inst/bridge_inst/seg_driver/count_reg[4]/Q
                         net (fo=47, routed)          1.425     6.214    student_top_inst/bridge_inst/seg_driver/Q[0]
    SLICE_X29Y265        LUT3 (Prop_lut3_I1_O)        0.123     6.337 f  student_top_inst/bridge_inst/seg_driver/virtual_seg_OBUF[26]_inst_i_3/O
                         net (fo=7, routed)           0.974     7.311    student_top_inst/bridge_inst/seg_driver/virtual_seg_OBUF[26]_inst_i_3_n_0
    SLICE_X24Y265        LUT6 (Prop_lut6_I5_O)        0.043     7.354 r  student_top_inst/bridge_inst/seg_driver/virtual_seg_OBUF[21]_inst_i_1/O
                         net (fo=2, routed)           6.108    13.462    virtual_seg_OBUF[21]
    AG27                 OBUF (Prop_obuf_I_O)         2.392    15.854 r  virtual_seg_OBUF[21]_inst/O
                         net (fo=0)                   0.000    15.854    virtual_seg[21]
    AG27                                                              r  virtual_seg[21] (OUT)
  -------------------------------------------------------------------    -------------------

Slack:                    inf
  Source:                 student_top_inst/bridge_inst/seg_driver/count_reg[4]/C
                            (rising edge-triggered cell FDCE clocked by clk_out2_pll  {rise@0.000ns fall@10.000ns period=20.000ns})
  Destination:            virtual_seg[30]
                            (output port)
  Path Group:             (none)
  Path Type:              Max at Slow Process Corner
  Data Path Delay:        11.104ns  (logic 2.887ns (26.001%)  route 8.217ns (73.999%))
  Logic Levels:           3  (LUT3=1 LUT6=1 OBUF=1)
  Clock Uncertainty:      0.258ns  ((TSJ^2 + DJ^2)^1/2) / 2 + PE
    Total System Jitter     (TSJ):    0.050ns
    Discrete Jitter          (DJ):    0.198ns
    Phase Error              (PE):    0.156ns

    Location             Delay type                Incr(ns)  Path(ns)    Netlist Resource(s)
  -------------------------------------------------------------------    -------------------
                         (clock clk_out2_pll rise edge)
                                                      0.000     0.000 r  
    AD12                                              0.000     0.000 r  i_sys_clk_p (IN)
                         net (fo=0)                   0.000     0.000    pll_inst/inst/clk_in1_p
    AD12                 IBUFDS (Prop_ibufds_I_O)     0.906     0.906 r  pll_inst/inst/clkin1_ibufgds/O
                         net (fo=1, routed)           2.299     3.205    pll_inst/inst/clk_in1_pll_buf
    BUFGCTRL_X0Y3        BUFG (Prop_bufg_I_O)         0.093     3.298 r  pll_inst/inst/clkin1_bufg1/O
                         net (fo=1, routed)           1.959     5.257    pll_inst/inst/clk_in1_pll
    PLLE2_ADV_X1Y0       PLLE2_ADV (Prop_plle2_adv_CLKIN1_CLKOUT1)
                                                     -4.519     0.738 r  pll_inst/inst/plle2_adv_inst/CLKOUT1
                         net (fo=1, routed)           2.467     3.205    pll_inst/inst/clk_out2_pll
    BUFGCTRL_X0Y0        BUFG (Prop_bufg_I_O)         0.093     3.298 r  pll_inst/inst/clkout2_buf/O
                         net (fo=34223, routed)       1.287     4.585    student_top_inst/bridge_inst/seg_driver/clk_out2
    SLICE_X23Y241        FDCE                                         r  student_top_inst/bridge_inst/seg_driver/count_reg[4]/C
  -------------------------------------------------------------------    -------------------
    SLICE_X23Y241        FDCE (Prop_fdce_C_Q)         0.204     4.789 r  student_top_inst/bridge_inst/seg_driver/count_reg[4]/Q
                         net (fo=47, routed)          1.254     6.043    student_top_inst/bridge_inst/seg_driver/Q[0]
    SLICE_X29Y265        LUT3 (Prop_lut3_I1_O)        0.134     6.177 r  student_top_inst/bridge_inst/seg_driver/virtual_seg_OBUF[36]_inst_i_4/O
                         net (fo=7, routed)           1.012     7.189    student_top_inst/bridge_inst/seg_driver/virtual_seg_OBUF[36]_inst_i_4_n_0
    SLICE_X26Y265        LUT6 (Prop_lut6_I0_O)        0.137     7.326 r  student_top_inst/bridge_inst/seg_driver/virtual_seg_OBUF[30]_inst_i_1/O
                         net (fo=2, routed)           5.951    13.276    virtual_seg_OBUF[30]
    AK26                 OBUF (Prop_obuf_I_O)         2.412    15.688 r  virtual_seg_OBUF[30]_inst/O
                         net (fo=0)                   0.000    15.688    virtual_seg[30]
    AK26                                                              r  virtual_seg[30] (OUT)
  -------------------------------------------------------------------    -------------------

Slack:                    inf
  Source:                 student_top_inst/bridge_inst/seg_driver/count_reg[4]/C
                            (rising edge-triggered cell FDCE clocked by clk_out2_pll  {rise@0.000ns fall@10.000ns period=20.000ns})
  Destination:            virtual_seg[32]
                            (output port)
  Path Group:             (none)
  Path Type:              Max at Slow Process Corner
  Data Path Delay:        10.913ns  (logic 2.786ns (25.528%)  route 8.127ns (74.472%))
  Logic Levels:           3  (LUT3=1 LUT6=1 OBUF=1)
  Clock Uncertainty:      0.258ns  ((TSJ^2 + DJ^2)^1/2) / 2 + PE
    Total System Jitter     (TSJ):    0.050ns
    Discrete Jitter          (DJ):    0.198ns
    Phase Error              (PE):    0.156ns

    Location             Delay type                Incr(ns)  Path(ns)    Netlist Resource(s)
  -------------------------------------------------------------------    -------------------
                         (clock clk_out2_pll rise edge)
                                                      0.000     0.000 r  
    AD12                                              0.000     0.000 r  i_sys_clk_p (IN)
                         net (fo=0)                   0.000     0.000    pll_inst/inst/clk_in1_p
    AD12                 IBUFDS (Prop_ibufds_I_O)     0.906     0.906 r  pll_inst/inst/clkin1_ibufgds/O
                         net (fo=1, routed)           2.299     3.205    pll_inst/inst/clk_in1_pll_buf
    BUFGCTRL_X0Y3        BUFG (Prop_bufg_I_O)         0.093     3.298 r  pll_inst/inst/clkin1_bufg1/O
                         net (fo=1, routed)           1.959     5.257    pll_inst/inst/clk_in1_pll
    PLLE2_ADV_X1Y0       PLLE2_ADV (Prop_plle2_adv_CLKIN1_CLKOUT1)
                                                     -4.519     0.738 r  pll_inst/inst/plle2_adv_inst/CLKOUT1
                         net (fo=1, routed)           2.467     3.205    pll_inst/inst/clk_out2_pll
    BUFGCTRL_X0Y0        BUFG (Prop_bufg_I_O)         0.093     3.298 r  pll_inst/inst/clkout2_buf/O
                         net (fo=34223, routed)       1.287     4.585    student_top_inst/bridge_inst/seg_driver/clk_out2
    SLICE_X23Y241        FDCE                                         r  student_top_inst/bridge_inst/seg_driver/count_reg[4]/C
  -------------------------------------------------------------------    -------------------
    SLICE_X23Y241        FDCE (Prop_fdce_C_Q)         0.204     4.789 r  student_top_inst/bridge_inst/seg_driver/count_reg[4]/Q
                         net (fo=47, routed)          1.254     6.043    student_top_inst/bridge_inst/seg_driver/Q[0]
    SLICE_X29Y265        LUT3 (Prop_lut3_I1_O)        0.123     6.166 r  student_top_inst/bridge_inst/seg_driver/virtual_seg_OBUF[36]_inst_i_3/O
                         net (fo=7, routed)           0.885     7.051    student_top_inst/bridge_inst/seg_driver/virtual_seg_OBUF[36]_inst_i_3_n_0
    SLICE_X26Y266        LUT6 (Prop_lut6_I0_O)        0.043     7.094 r  student_top_inst/bridge_inst/seg_driver/virtual_seg_OBUF[32]_inst_i_1/O
                         net (fo=2, routed)           5.988    13.082    virtual_seg_OBUF[32]
    AJ27                 OBUF (Prop_obuf_I_O)         2.416    15.498 r  virtual_seg_OBUF[32]_inst/O
                         net (fo=0)                   0.000    15.498    virtual_seg[32]
    AJ27                                                              r  virtual_seg[32] (OUT)
  -------------------------------------------------------------------    -------------------

Slack:                    inf
  Source:                 student_top_inst/bridge_inst/seg_driver/count_reg[4]/C
                            (rising edge-triggered cell FDCE clocked by clk_out2_pll  {rise@0.000ns fall@10.000ns period=20.000ns})
  Destination:            virtual_seg[9]
                            (output port)
  Path Group:             (none)
  Path Type:              Max at Slow Process Corner
  Data Path Delay:        10.898ns  (logic 2.709ns (24.853%)  route 8.190ns (75.147%))
  Logic Levels:           2  (LUT1=1 OBUF=1)
  Clock Uncertainty:      0.258ns  ((TSJ^2 + DJ^2)^1/2) / 2 + PE
    Total System Jitter     (TSJ):    0.050ns
    Discrete Jitter          (DJ):    0.198ns
    Phase Error              (PE):    0.156ns

    Location             Delay type                Incr(ns)  Path(ns)    Netlist Resource(s)
  -------------------------------------------------------------------    -------------------
                         (clock clk_out2_pll rise edge)
                                                      0.000     0.000 r  
    AD12                                              0.000     0.000 r  i_sys_clk_p (IN)
                         net (fo=0)                   0.000     0.000    pll_inst/inst/clk_in1_p
    AD12                 IBUFDS (Prop_ibufds_I_O)     0.906     0.906 r  pll_inst/inst/clkin1_ibufgds/O
                         net (fo=1, routed)           2.299     3.205    pll_inst/inst/clk_in1_pll_buf
    BUFGCTRL_X0Y3        BUFG (Prop_bufg_I_O)         0.093     3.298 r  pll_inst/inst/clkin1_bufg1/O
                         net (fo=1, routed)           1.959     5.257    pll_inst/inst/clk_in1_pll
    PLLE2_ADV_X1Y0       PLLE2_ADV (Prop_plle2_adv_CLKIN1_CLKOUT1)
                                                     -4.519     0.738 r  pll_inst/inst/plle2_adv_inst/CLKOUT1
                         net (fo=1, routed)           2.467     3.205    pll_inst/inst/clk_out2_pll
    BUFGCTRL_X0Y0        BUFG (Prop_bufg_I_O)         0.093     3.298 r  pll_inst/inst/clkout2_buf/O
                         net (fo=34223, routed)       1.287     4.585    student_top_inst/bridge_inst/seg_driver/clk_out2
    SLICE_X23Y241        FDCE                                         r  student_top_inst/bridge_inst/seg_driver/count_reg[4]/C
  -------------------------------------------------------------------    -------------------
    SLICE_X23Y241        FDCE (Prop_fdce_C_Q)         0.204     4.789 f  student_top_inst/bridge_inst/seg_driver/count_reg[4]/Q
                         net (fo=47, routed)          2.449     7.238    student_top_inst/bridge_inst/seg_driver/Q[0]
    SLICE_X0Y170         LUT1 (Prop_lut1_I0_O)        0.123     7.361 r  student_top_inst/bridge_inst/seg_driver/virtual_seg_OBUF[39]_inst_i_1/O
                         net (fo=5, routed)           5.740    13.101    virtual_seg_OBUF[9]
    L16                  OBUF (Prop_obuf_I_O)         2.382    15.483 r  virtual_seg_OBUF[9]_inst/O
                         net (fo=0)                   0.000    15.483    virtual_seg[9]
    L16                                                               r  virtual_seg[9] (OUT)
  -------------------------------------------------------------------    -------------------

Slack:                    inf
  Source:                 student_top_inst/bridge_inst/seg_driver/count_reg[4]/C
                            (rising edge-triggered cell FDCE clocked by clk_out2_pll  {rise@0.000ns fall@10.000ns period=20.000ns})
  Destination:            virtual_seg[20]
                            (output port)
  Path Group:             (none)
  Path Type:              Max at Slow Process Corner
  Data Path Delay:        10.830ns  (logic 2.760ns (25.482%)  route 8.070ns (74.518%))
  Logic Levels:           3  (LUT3=1 LUT6=1 OBUF=1)
  Clock Uncertainty:      0.258ns  ((TSJ^2 + DJ^2)^1/2) / 2 + PE
    Total System Jitter     (TSJ):    0.050ns
    Discrete Jitter          (DJ):    0.198ns
    Phase Error              (PE):    0.156ns

    Location             Delay type                Incr(ns)  Path(ns)    Netlist Resource(s)
  -------------------------------------------------------------------    -------------------
                         (clock clk_out2_pll rise edge)
                                                      0.000     0.000 r  
    AD12                                              0.000     0.000 r  i_sys_clk_p (IN)
                         net (fo=0)                   0.000     0.000    pll_inst/inst/clk_in1_p
    AD12                 IBUFDS (Prop_ibufds_I_O)     0.906     0.906 r  pll_inst/inst/clkin1_ibufgds/O
                         net (fo=1, routed)           2.299     3.205    pll_inst/inst/clk_in1_pll_buf
    BUFGCTRL_X0Y3        BUFG (Prop_bufg_I_O)         0.093     3.298 r  pll_inst/inst/clkin1_bufg1/O
                         net (fo=1, routed)           1.959     5.257    pll_inst/inst/clk_in1_pll
    PLLE2_ADV_X1Y0       PLLE2_ADV (Prop_plle2_adv_CLKIN1_CLKOUT1)
                                                     -4.519     0.738 r  pll_inst/inst/plle2_adv_inst/CLKOUT1
                         net (fo=1, routed)           2.467     3.205    pll_inst/inst/clk_out2_pll
    BUFGCTRL_X0Y0        BUFG (Prop_bufg_I_O)         0.093     3.298 r  pll_inst/inst/clkout2_buf/O
                         net (fo=34223, routed)       1.287     4.585    student_top_inst/bridge_inst/seg_driver/clk_out2
    SLICE_X23Y241        FDCE                                         r  student_top_inst/bridge_inst/seg_driver/count_reg[4]/C
  -------------------------------------------------------------------    -------------------
    SLICE_X23Y241        FDCE (Prop_fdce_C_Q)         0.204     4.789 r  student_top_inst/bridge_inst/seg_driver/count_reg[4]/Q
                         net (fo=47, routed)          1.425     6.214    student_top_inst/bridge_inst/seg_driver/Q[0]
    SLICE_X29Y265        LUT3 (Prop_lut3_I1_O)        0.123     6.337 r  student_top_inst/bridge_inst/seg_driver/virtual_seg_OBUF[26]_inst_i_3/O
                         net (fo=7, routed)           0.985     7.322    student_top_inst/bridge_inst/seg_driver/virtual_seg_OBUF[26]_inst_i_3_n_0
    SLICE_X24Y268        LUT6 (Prop_lut6_I1_O)        0.043     7.365 r  student_top_inst/bridge_inst/seg_driver/virtual_seg_OBUF[20]_inst_i_1/O
                         net (fo=2, routed)           5.660    13.025    virtual_seg_OBUF[20]
    AG28                 OBUF (Prop_obuf_I_O)         2.390    15.415 r  virtual_seg_OBUF[20]_inst/O
                         net (fo=0)                   0.000    15.415    virtual_seg[20]
    AG28                                                              r  virtual_seg[20] (OUT)
  -------------------------------------------------------------------    -------------------

Slack:                    inf
  Source:                 student_top_inst/bridge_inst/seg_driver/count_reg[4]/C
                            (rising edge-triggered cell FDCE clocked by clk_out2_pll  {rise@0.000ns fall@10.000ns period=20.000ns})
  Destination:            virtual_seg[24]
                            (output port)
  Path Group:             (none)
  Path Type:              Max at Slow Process Corner
  Data Path Delay:        10.795ns  (logic 2.749ns (25.462%)  route 8.047ns (74.538%))
  Logic Levels:           3  (LUT3=1 LUT6=1 OBUF=1)
  Clock Uncertainty:      0.258ns  ((TSJ^2 + DJ^2)^1/2) / 2 + PE
    Total System Jitter     (TSJ):    0.050ns
    Discrete Jitter          (DJ):    0.198ns
    Phase Error              (PE):    0.156ns

    Location             Delay type                Incr(ns)  Path(ns)    Netlist Resource(s)
  -------------------------------------------------------------------    -------------------
                         (clock clk_out2_pll rise edge)
                                                      0.000     0.000 r  
    AD12                                              0.000     0.000 r  i_sys_clk_p (IN)
                         net (fo=0)                   0.000     0.000    pll_inst/inst/clk_in1_p
    AD12                 IBUFDS (Prop_ibufds_I_O)     0.906     0.906 r  pll_inst/inst/clkin1_ibufgds/O
                         net (fo=1, routed)           2.299     3.205    pll_inst/inst/clk_in1_pll_buf
    BUFGCTRL_X0Y3        BUFG (Prop_bufg_I_O)         0.093     3.298 r  pll_inst/inst/clkin1_bufg1/O
                         net (fo=1, routed)           1.959     5.257    pll_inst/inst/clk_in1_pll
    PLLE2_ADV_X1Y0       PLLE2_ADV (Prop_plle2_adv_CLKIN1_CLKOUT1)
                                                     -4.519     0.738 r  pll_inst/inst/plle2_adv_inst/CLKOUT1
                         net (fo=1, routed)           2.467     3.205    pll_inst/inst/clk_out2_pll
    BUFGCTRL_X0Y0        BUFG (Prop_bufg_I_O)         0.093     3.298 r  pll_inst/inst/clkout2_buf/O
                         net (fo=34223, routed)       1.287     4.585    student_top_inst/bridge_inst/seg_driver/clk_out2
    SLICE_X23Y241        FDCE                                         r  student_top_inst/bridge_inst/seg_driver/count_reg[4]/C
  -------------------------------------------------------------------    -------------------
    SLICE_X23Y241        FDCE (Prop_fdce_C_Q)         0.204     4.789 r  student_top_inst/bridge_inst/seg_driver/count_reg[4]/Q
                         net (fo=47, routed)          1.425     6.214    student_top_inst/bridge_inst/seg_driver/Q[0]
    SLICE_X29Y265        LUT3 (Prop_lut3_I1_O)        0.123     6.337 r  student_top_inst/bridge_inst/seg_driver/virtual_seg_OBUF[26]_inst_i_3/O
                         net (fo=7, routed)           0.872     7.209    student_top_inst/bridge_inst/seg_driver/virtual_seg_OBUF[26]_inst_i_3_n_0
    SLICE_X24Y267        LUT6 (Prop_lut6_I5_O)        0.043     7.252 r  student_top_inst/bridge_inst/seg_driver/virtual_seg_OBUF[24]_inst_i_1/O
                         net (fo=2, routed)           5.750    13.001    virtual_seg_OBUF[24]
    AF26                 OBUF (Prop_obuf_I_O)         2.379    15.380 r  virtual_seg_OBUF[24]_inst/O
                         net (fo=0)                   0.000    15.380    virtual_seg[24]
    AF26                                                              r  virtual_seg[24] (OUT)
  -------------------------------------------------------------------    -------------------

Slack:                    inf
  Source:                 student_top_inst/bridge_inst/seg_driver/count_reg[4]/C
                            (rising edge-triggered cell FDCE clocked by clk_out2_pll  {rise@0.000ns fall@10.000ns period=20.000ns})
  Destination:            virtual_seg[26]
                            (output port)
  Path Group:             (none)
  Path Type:              Max at Slow Process Corner
  Data Path Delay:        10.695ns  (logic 2.879ns (26.918%)  route 7.816ns (73.082%))
  Logic Levels:           3  (LUT3=1 LUT6=1 OBUF=1)
  Clock Uncertainty:      0.258ns  ((TSJ^2 + DJ^2)^1/2) / 2 + PE
    Total System Jitter     (TSJ):    0.050ns
    Discrete Jitter          (DJ):    0.198ns
    Phase Error              (PE):    0.156ns

    Location             Delay type                Incr(ns)  Path(ns)    Netlist Resource(s)
  -------------------------------------------------------------------    -------------------
                         (clock clk_out2_pll rise edge)
                                                      0.000     0.000 r  
    AD12                                              0.000     0.000 r  i_sys_clk_p (IN)
                         net (fo=0)                   0.000     0.000    pll_inst/inst/clk_in1_p
    AD12                 IBUFDS (Prop_ibufds_I_O)     0.906     0.906 r  pll_inst/inst/clkin1_ibufgds/O
                         net (fo=1, routed)           2.299     3.205    pll_inst/inst/clk_in1_pll_buf
    BUFGCTRL_X0Y3        BUFG (Prop_bufg_I_O)         0.093     3.298 r  pll_inst/inst/clkin1_bufg1/O
                         net (fo=1, routed)           1.959     5.257    pll_inst/inst/clk_in1_pll
    PLLE2_ADV_X1Y0       PLLE2_ADV (Prop_plle2_adv_CLKIN1_CLKOUT1)
                                                     -4.519     0.738 r  pll_inst/inst/plle2_adv_inst/CLKOUT1
                         net (fo=1, routed)           2.467     3.205    pll_inst/inst/clk_out2_pll
    BUFGCTRL_X0Y0        BUFG (Prop_bufg_I_O)         0.093     3.298 r  pll_inst/inst/clkout2_buf/O
                         net (fo=34223, routed)       1.287     4.585    student_top_inst/bridge_inst/seg_driver/clk_out2
    SLICE_X23Y241        FDCE                                         r  student_top_inst/bridge_inst/seg_driver/count_reg[4]/C
  -------------------------------------------------------------------    -------------------
    SLICE_X23Y241        FDCE (Prop_fdce_C_Q)         0.204     4.789 r  student_top_inst/bridge_inst/seg_driver/count_reg[4]/Q
                         net (fo=47, routed)          1.425     6.214    student_top_inst/bridge_inst/seg_driver/Q[0]
    SLICE_X29Y265        LUT3 (Prop_lut3_I1_O)        0.129     6.343 r  student_top_inst/bridge_inst/seg_driver/virtual_seg_OBUF[26]_inst_i_4/O
                         net (fo=7, routed)           0.626     6.968    student_top_inst/bridge_inst/seg_driver/virtual_seg_OBUF[26]_inst_i_4_n_0
    SLICE_X25Y265        LUT6 (Prop_lut6_I5_O)        0.136     7.104 r  student_top_inst/bridge_inst/seg_driver/virtual_seg_OBUF[26]_inst_i_1/O
                         net (fo=2, routed)           5.766    12.870    virtual_seg_OBUF[26]
    AJ26                 OBUF (Prop_obuf_I_O)         2.410    15.280 r  virtual_seg_OBUF[26]_inst/O
                         net (fo=0)                   0.000    15.280    virtual_seg[26]
    AJ26                                                              r  virtual_seg[26] (OUT)
  -------------------------------------------------------------------    -------------------

Slack:                    inf
  Source:                 student_top_inst/bridge_inst/seg_driver/count_reg[4]/C
                            (rising edge-triggered cell FDCE clocked by clk_out2_pll  {rise@0.000ns fall@10.000ns period=20.000ns})
  Destination:            virtual_seg[33]
                            (output port)
  Path Group:             (none)
  Path Type:              Max at Slow Process Corner
  Data Path Delay:        10.638ns  (logic 2.790ns (26.224%)  route 7.848ns (73.776%))
  Logic Levels:           3  (LUT3=1 LUT6=1 OBUF=1)
  Clock Uncertainty:      0.258ns  ((TSJ^2 + DJ^2)^1/2) / 2 + PE
    Total System Jitter     (TSJ):    0.050ns
    Discrete Jitter          (DJ):    0.198ns
    Phase Error              (PE):    0.156ns

    Location             Delay type                Incr(ns)  Path(ns)    Netlist Resource(s)
  -------------------------------------------------------------------    -------------------
                         (clock clk_out2_pll rise edge)
                                                      0.000     0.000 r  
    AD12                                              0.000     0.000 r  i_sys_clk_p (IN)
                         net (fo=0)                   0.000     0.000    pll_inst/inst/clk_in1_p
    AD12                 IBUFDS (Prop_ibufds_I_O)     0.906     0.906 r  pll_inst/inst/clkin1_ibufgds/O
                         net (fo=1, routed)           2.299     3.205    pll_inst/inst/clk_in1_pll_buf
    BUFGCTRL_X0Y3        BUFG (Prop_bufg_I_O)         0.093     3.298 r  pll_inst/inst/clkin1_bufg1/O
                         net (fo=1, routed)           1.959     5.257    pll_inst/inst/clk_in1_pll
    PLLE2_ADV_X1Y0       PLLE2_ADV (Prop_plle2_adv_CLKIN1_CLKOUT1)
                                                     -4.519     0.738 r  pll_inst/inst/plle2_adv_inst/CLKOUT1
                         net (fo=1, routed)           2.467     3.205    pll_inst/inst/clk_out2_pll
    BUFGCTRL_X0Y0        BUFG (Prop_bufg_I_O)         0.093     3.298 r  pll_inst/inst/clkout2_buf/O
                         net (fo=34223, routed)       1.287     4.585    student_top_inst/bridge_inst/seg_driver/clk_out2
    SLICE_X23Y241        FDCE                                         r  student_top_inst/bridge_inst/seg_driver/count_reg[4]/C
  -------------------------------------------------------------------    -------------------
    SLICE_X23Y241        FDCE (Prop_fdce_C_Q)         0.204     4.789 r  student_top_inst/bridge_inst/seg_driver/count_reg[4]/Q
                         net (fo=47, routed)          1.254     6.043    student_top_inst/bridge_inst/seg_driver/Q[0]
    SLICE_X29Y265        LUT3 (Prop_lut3_I1_O)        0.123     6.166 r  student_top_inst/bridge_inst/seg_driver/virtual_seg_OBUF[36]_inst_i_3/O
                         net (fo=7, routed)           0.885     7.050    student_top_inst/bridge_inst/seg_driver/virtual_seg_OBUF[36]_inst_i_3_n_0
    SLICE_X26Y265        LUT6 (Prop_lut6_I1_O)        0.043     7.093 r  student_top_inst/bridge_inst/seg_driver/virtual_seg_OBUF[33]_inst_i_1/O
                         net (fo=2, routed)           5.709    12.803    virtual_seg_OBUF[33]
    AE30                 OBUF (Prop_obuf_I_O)         2.420    15.222 r  virtual_seg_OBUF[33]_inst/O
                         net (fo=0)                   0.000    15.222    virtual_seg[33]
    AE30                                                              r  virtual_seg[33] (OUT)
  -------------------------------------------------------------------    -------------------

Slack:                    inf
  Source:                 student_top_inst/bridge_inst/seg_driver/count_reg[4]/C
                            (rising edge-triggered cell FDCE clocked by clk_out2_pll  {rise@0.000ns fall@10.000ns period=20.000ns})
  Destination:            virtual_seg[19]
                            (output port)
  Path Group:             (none)
  Path Type:              Max at Slow Process Corner
  Data Path Delay:        10.557ns  (logic 2.741ns (25.963%)  route 7.816ns (74.037%))
  Logic Levels:           2  (LUT1=1 OBUF=1)
  Clock Uncertainty:      0.258ns  ((TSJ^2 + DJ^2)^1/2) / 2 + PE
    Total System Jitter     (TSJ):    0.050ns
    Discrete Jitter          (DJ):    0.198ns
    Phase Error              (PE):    0.156ns

    Location             Delay type                Incr(ns)  Path(ns)    Netlist Resource(s)
  -------------------------------------------------------------------    -------------------
                         (clock clk_out2_pll rise edge)
                                                      0.000     0.000 r  
    AD12                                              0.000     0.000 r  i_sys_clk_p (IN)
                         net (fo=0)                   0.000     0.000    pll_inst/inst/clk_in1_p
    AD12                 IBUFDS (Prop_ibufds_I_O)     0.906     0.906 r  pll_inst/inst/clkin1_ibufgds/O
                         net (fo=1, routed)           2.299     3.205    pll_inst/inst/clk_in1_pll_buf
    BUFGCTRL_X0Y3        BUFG (Prop_bufg_I_O)         0.093     3.298 r  pll_inst/inst/clkin1_bufg1/O
                         net (fo=1, routed)           1.959     5.257    pll_inst/inst/clk_in1_pll
    PLLE2_ADV_X1Y0       PLLE2_ADV (Prop_plle2_adv_CLKIN1_CLKOUT1)
                                                     -4.519     0.738 r  pll_inst/inst/plle2_adv_inst/CLKOUT1
                         net (fo=1, routed)           2.467     3.205    pll_inst/inst/clk_out2_pll
    BUFGCTRL_X0Y0        BUFG (Prop_bufg_I_O)         0.093     3.298 r  pll_inst/inst/clkout2_buf/O
                         net (fo=34223, routed)       1.287     4.585    student_top_inst/bridge_inst/seg_driver/clk_out2
    SLICE_X23Y241        FDCE                                         r  student_top_inst/bridge_inst/seg_driver/count_reg[4]/C
  -------------------------------------------------------------------    -------------------
    SLICE_X23Y241        FDCE (Prop_fdce_C_Q)         0.204     4.789 f  student_top_inst/bridge_inst/seg_driver/count_reg[4]/Q
                         net (fo=47, routed)          2.449     7.238    student_top_inst/bridge_inst/seg_driver/Q[0]
    SLICE_X0Y170         LUT1 (Prop_lut1_I0_O)        0.123     7.361 r  student_top_inst/bridge_inst/seg_driver/virtual_seg_OBUF[39]_inst_i_1/O
                         net (fo=5, routed)           5.366    12.727    virtual_seg_OBUF[9]
    K11                  OBUF (Prop_obuf_I_O)         2.414    15.141 r  virtual_seg_OBUF[19]_inst/O
                         net (fo=0)                   0.000    15.141    virtual_seg[19]
    K11                                                               r  virtual_seg[19] (OUT)
  -------------------------------------------------------------------    -------------------





Min Delay Paths
--------------------------------------------------------------------------------------
Slack:                    inf
  Source:                 student_top_inst/Core_cpu/ins_reg[3]/C
                            (rising edge-triggered cell FDCE clocked by clk_out2_pll  {rise@0.000ns fall@10.000ns period=20.000ns})
  Destination:            student_top_inst/Core_cpu/u_ID/is_jalr_reg_reg/D
  Path Group:             (none)
  Path Type:              Min at Fast Process Corner
  Data Path Delay:        0.401ns  (logic 0.130ns (32.429%)  route 0.271ns (67.571%))
  Logic Levels:           1  (LUT3=1)
  Clock Uncertainty:      0.258ns  ((TSJ^2 + DJ^2)^1/2) / 2 + PE
    Total System Jitter     (TSJ):    0.050ns
    Discrete Jitter          (DJ):    0.198ns
    Phase Error              (PE):    0.156ns

    Location             Delay type                Incr(ns)  Path(ns)    Netlist Resource(s)
  -------------------------------------------------------------------    -------------------
                         (clock clk_out2_pll rise edge)
                                                      0.000     0.000 r  
    AD12                                              0.000     0.000 r  i_sys_clk_p (IN)
                         net (fo=0)                   0.000     0.000    pll_inst/inst/clk_in1_p
    AD12                 IBUFDS (Prop_ibufds_I_O)     0.388     0.388 r  pll_inst/inst/clkin1_ibufgds/O
                         net (fo=1, routed)           1.083     1.471    pll_inst/inst/clk_in1_pll_buf
    BUFGCTRL_X0Y3        BUFG (Prop_bufg_I_O)         0.026     1.497 r  pll_inst/inst/clkin1_bufg1/O
                         net (fo=1, routed)           0.767     2.264    pll_inst/inst/clk_in1_pll
    PLLE2_ADV_X1Y0       PLLE2_ADV (Prop_plle2_adv_CLKIN1_CLKOUT1)
                                                     -1.938     0.326 r  pll_inst/inst/plle2_adv_inst/CLKOUT1
                         net (fo=1, routed)           1.145     1.471    pll_inst/inst/clk_out2_pll
    BUFGCTRL_X0Y0        BUFG (Prop_bufg_I_O)         0.026     1.497 r  pll_inst/inst/clkout2_buf/O
                         net (fo=34223, routed)       0.570     2.067    student_top_inst/Core_cpu/clk_out2
    SLICE_X24Y238        FDCE                                         r  student_top_inst/Core_cpu/ins_reg[3]/C
  -------------------------------------------------------------------    -------------------
    SLICE_X24Y238        FDCE (Prop_fdce_C_Q)         0.100     2.167 f  student_top_inst/Core_cpu/ins_reg[3]/Q
                         net (fo=17, routed)          0.110     2.278    student_top_inst/Core_cpu/u_ID/Q[3]
    SLICE_X25Y238        LUT3 (Prop_lut3_I0_O)        0.030     2.308 r  student_top_inst/Core_cpu/u_ID/is_jalr_reg_reg_i_1/O
                         net (fo=1, routed)           0.161     2.468    student_top_inst/Core_cpu/u_ID/is_jalr_reg
    SLICE_X25Y238        LDCE                                         r  student_top_inst/Core_cpu/u_ID/is_jalr_reg_reg/D
  -------------------------------------------------------------------    -------------------

Slack:                    inf
  Source:                 student_top_inst/bridge_inst/LED_reg[10]_lopt_replica/C
                            (rising edge-triggered cell FDRE clocked by clk_out2_pll  {rise@0.000ns fall@10.000ns period=20.000ns})
  Destination:            virtual_led[10]
                            (output port)
  Path Group:             (none)
  Path Type:              Min at Fast Process Corner
  Data Path Delay:        1.858ns  (logic 1.425ns (76.696%)  route 0.433ns (23.304%))
  Logic Levels:           1  (OBUF=1)
  Clock Uncertainty:      0.258ns  ((TSJ^2 + DJ^2)^1/2) / 2 + PE
    Total System Jitter     (TSJ):    0.050ns
    Discrete Jitter          (DJ):    0.198ns
    Phase Error              (PE):    0.156ns

    Location             Delay type                Incr(ns)  Path(ns)    Netlist Resource(s)
  -------------------------------------------------------------------    -------------------
                         (clock clk_out2_pll rise edge)
                                                      0.000     0.000 r  
    AD12                                              0.000     0.000 r  i_sys_clk_p (IN)
                         net (fo=0)                   0.000     0.000    pll_inst/inst/clk_in1_p
    AD12                 IBUFDS (Prop_ibufds_I_O)     0.388     0.388 r  pll_inst/inst/clkin1_ibufgds/O
                         net (fo=1, routed)           1.083     1.471    pll_inst/inst/clk_in1_pll_buf
    BUFGCTRL_X0Y3        BUFG (Prop_bufg_I_O)         0.026     1.497 r  pll_inst/inst/clkin1_bufg1/O
                         net (fo=1, routed)           0.767     2.264    pll_inst/inst/clk_in1_pll
    PLLE2_ADV_X1Y0       PLLE2_ADV (Prop_plle2_adv_CLKIN1_CLKOUT1)
                                                     -1.938     0.326 r  pll_inst/inst/plle2_adv_inst/CLKOUT1
                         net (fo=1, routed)           1.145     1.471    pll_inst/inst/clk_out2_pll
    BUFGCTRL_X0Y0        BUFG (Prop_bufg_I_O)         0.026     1.497 r  pll_inst/inst/clkout2_buf/O
                         net (fo=34223, routed)       0.577     2.074    student_top_inst/bridge_inst/clk_out2
    SLICE_X11Y241        FDRE                                         r  student_top_inst/bridge_inst/LED_reg[10]_lopt_replica/C
  -------------------------------------------------------------------    -------------------
    SLICE_X11Y241        FDRE (Prop_fdre_C_Q)         0.100     2.174 r  student_top_inst/bridge_inst/LED_reg[10]_lopt_replica/Q
                         net (fo=1, routed)           0.433     2.607    lopt_1
    D24                  OBUF (Prop_obuf_I_O)         1.325     3.933 r  virtual_led_OBUF[10]_inst/O
                         net (fo=0)                   0.000     3.933    virtual_led[10]
    D24                                                               r  virtual_led[10] (OUT)
  -------------------------------------------------------------------    -------------------

Slack:                    inf
  Source:                 student_top_inst/bridge_inst/LED_reg[5]_lopt_replica/C
                            (rising edge-triggered cell FDRE clocked by clk_out2_pll  {rise@0.000ns fall@10.000ns period=20.000ns})
  Destination:            virtual_led[5]
                            (output port)
  Path Group:             (none)
  Path Type:              Min at Fast Process Corner
  Data Path Delay:        1.907ns  (logic 1.412ns (74.025%)  route 0.495ns (25.975%))
  Logic Levels:           1  (OBUF=1)
  Clock Uncertainty:      0.258ns  ((TSJ^2 + DJ^2)^1/2) / 2 + PE
    Total System Jitter     (TSJ):    0.050ns
    Discrete Jitter          (DJ):    0.198ns
    Phase Error              (PE):    0.156ns

    Location             Delay type                Incr(ns)  Path(ns)    Netlist Resource(s)
  -------------------------------------------------------------------    -------------------
                         (clock clk_out2_pll rise edge)
                                                      0.000     0.000 r  
    AD12                                              0.000     0.000 r  i_sys_clk_p (IN)
                         net (fo=0)                   0.000     0.000    pll_inst/inst/clk_in1_p
    AD12                 IBUFDS (Prop_ibufds_I_O)     0.388     0.388 r  pll_inst/inst/clkin1_ibufgds/O
                         net (fo=1, routed)           1.083     1.471    pll_inst/inst/clk_in1_pll_buf
    BUFGCTRL_X0Y3        BUFG (Prop_bufg_I_O)         0.026     1.497 r  pll_inst/inst/clkin1_bufg1/O
                         net (fo=1, routed)           0.767     2.264    pll_inst/inst/clk_in1_pll
    PLLE2_ADV_X1Y0       PLLE2_ADV (Prop_plle2_adv_CLKIN1_CLKOUT1)
                                                     -1.938     0.326 r  pll_inst/inst/plle2_adv_inst/CLKOUT1
                         net (fo=1, routed)           1.145     1.471    pll_inst/inst/clk_out2_pll
    BUFGCTRL_X0Y0        BUFG (Prop_bufg_I_O)         0.026     1.497 r  pll_inst/inst/clkout2_buf/O
                         net (fo=34223, routed)       0.578     2.075    student_top_inst/bridge_inst/clk_out2
    SLICE_X11Y243        FDRE                                         r  student_top_inst/bridge_inst/LED_reg[5]_lopt_replica/C
  -------------------------------------------------------------------    -------------------
    SLICE_X11Y243        FDRE (Prop_fdre_C_Q)         0.100     2.175 r  student_top_inst/bridge_inst/LED_reg[5]_lopt_replica/Q
                         net (fo=1, routed)           0.495     2.671    lopt_27
    F26                  OBUF (Prop_obuf_I_O)         1.312     3.983 r  virtual_led_OBUF[5]_inst/O
                         net (fo=0)                   0.000     3.983    virtual_led[5]
    F26                                                               r  virtual_led[5] (OUT)
  -------------------------------------------------------------------    -------------------

Slack:                    inf
  Source:                 student_top_inst/bridge_inst/LED_reg[0]_lopt_replica/C
                            (rising edge-triggered cell FDRE clocked by clk_out2_pll  {rise@0.000ns fall@10.000ns period=20.000ns})
  Destination:            virtual_led[0]
                            (output port)
  Path Group:             (none)
  Path Type:              Min at Fast Process Corner
  Data Path Delay:        1.934ns  (logic 1.401ns (72.446%)  route 0.533ns (27.554%))
  Logic Levels:           1  (OBUF=1)
  Clock Uncertainty:      0.258ns  ((TSJ^2 + DJ^2)^1/2) / 2 + PE
    Total System Jitter     (TSJ):    0.050ns
    Discrete Jitter          (DJ):    0.198ns
    Phase Error              (PE):    0.156ns

    Location             Delay type                Incr(ns)  Path(ns)    Netlist Resource(s)
  -------------------------------------------------------------------    -------------------
                         (clock clk_out2_pll rise edge)
                                                      0.000     0.000 r  
    AD12                                              0.000     0.000 r  i_sys_clk_p (IN)
                         net (fo=0)                   0.000     0.000    pll_inst/inst/clk_in1_p
    AD12                 IBUFDS (Prop_ibufds_I_O)     0.388     0.388 r  pll_inst/inst/clkin1_ibufgds/O
                         net (fo=1, routed)           1.083     1.471    pll_inst/inst/clk_in1_pll_buf
    BUFGCTRL_X0Y3        BUFG (Prop_bufg_I_O)         0.026     1.497 r  pll_inst/inst/clkin1_bufg1/O
                         net (fo=1, routed)           0.767     2.264    pll_inst/inst/clk_in1_pll
    PLLE2_ADV_X1Y0       PLLE2_ADV (Prop_plle2_adv_CLKIN1_CLKOUT1)
                                                     -1.938     0.326 r  pll_inst/inst/plle2_adv_inst/CLKOUT1
                         net (fo=1, routed)           1.145     1.471    pll_inst/inst/clk_out2_pll
    BUFGCTRL_X0Y0        BUFG (Prop_bufg_I_O)         0.026     1.497 r  pll_inst/inst/clkout2_buf/O
                         net (fo=34223, routed)       0.575     2.072    student_top_inst/bridge_inst/clk_out2
    SLICE_X11Y237        FDRE                                         r  student_top_inst/bridge_inst/LED_reg[0]_lopt_replica/C
  -------------------------------------------------------------------    -------------------
    SLICE_X11Y237        FDRE (Prop_fdre_C_Q)         0.100     2.172 r  student_top_inst/bridge_inst/LED_reg[0]_lopt_replica/Q
                         net (fo=1, routed)           0.533     2.705    lopt
    G24                  OBUF (Prop_obuf_I_O)         1.301     4.006 r  virtual_led_OBUF[0]_inst/O
                         net (fo=0)                   0.000     4.006    virtual_led[0]
    G24                                                               r  virtual_led[0] (OUT)
  -------------------------------------------------------------------    -------------------

Slack:                    inf
  Source:                 student_top_inst/bridge_inst/LED_reg[2]_lopt_replica/C
                            (rising edge-triggered cell FDRE clocked by clk_out2_pll  {rise@0.000ns fall@10.000ns period=20.000ns})
  Destination:            virtual_led[2]
                            (output port)
  Path Group:             (none)
  Path Type:              Min at Fast Process Corner
  Data Path Delay:        1.984ns  (logic 1.448ns (72.987%)  route 0.536ns (27.013%))
  Logic Levels:           1  (OBUF=1)
  Clock Uncertainty:      0.258ns  ((TSJ^2 + DJ^2)^1/2) / 2 + PE
    Total System Jitter     (TSJ):    0.050ns
    Discrete Jitter          (DJ):    0.198ns
    Phase Error              (PE):    0.156ns

    Location             Delay type                Incr(ns)  Path(ns)    Netlist Resource(s)
  -------------------------------------------------------------------    -------------------
                         (clock clk_out2_pll rise edge)
                                                      0.000     0.000 r  
    AD12                                              0.000     0.000 r  i_sys_clk_p (IN)
                         net (fo=0)                   0.000     0.000    pll_inst/inst/clk_in1_p
    AD12                 IBUFDS (Prop_ibufds_I_O)     0.388     0.388 r  pll_inst/inst/clkin1_ibufgds/O
                         net (fo=1, routed)           1.083     1.471    pll_inst/inst/clk_in1_pll_buf
    BUFGCTRL_X0Y3        BUFG (Prop_bufg_I_O)         0.026     1.497 r  pll_inst/inst/clkin1_bufg1/O
                         net (fo=1, routed)           0.767     2.264    pll_inst/inst/clk_in1_pll
    PLLE2_ADV_X1Y0       PLLE2_ADV (Prop_plle2_adv_CLKIN1_CLKOUT1)
                                                     -1.938     0.326 r  pll_inst/inst/plle2_adv_inst/CLKOUT1
                         net (fo=1, routed)           1.145     1.471    pll_inst/inst/clk_out2_pll
    BUFGCTRL_X0Y0        BUFG (Prop_bufg_I_O)         0.026     1.497 r  pll_inst/inst/clkout2_buf/O
                         net (fo=34223, routed)       0.572     2.069    student_top_inst/bridge_inst/clk_out2
    SLICE_X13Y233        FDRE                                         r  student_top_inst/bridge_inst/LED_reg[2]_lopt_replica/C
  -------------------------------------------------------------------    -------------------
    SLICE_X13Y233        FDRE (Prop_fdre_C_Q)         0.100     2.169 r  student_top_inst/bridge_inst/LED_reg[2]_lopt_replica/Q
                         net (fo=1, routed)           0.536     2.705    lopt_22
    C24                  OBUF (Prop_obuf_I_O)         1.348     4.053 r  virtual_led_OBUF[2]_inst/O
                         net (fo=0)                   0.000     4.053    virtual_led[2]
    C24                                                               r  virtual_led[2] (OUT)
  -------------------------------------------------------------------    -------------------

Slack:                    inf
  Source:                 student_top_inst/bridge_inst/LED_reg[9]_lopt_replica/C
                            (rising edge-triggered cell FDRE clocked by clk_out2_pll  {rise@0.000ns fall@10.000ns period=20.000ns})
  Destination:            virtual_led[9]
                            (output port)
  Path Group:             (none)
  Path Type:              Min at Fast Process Corner
  Data Path Delay:        1.993ns  (logic 1.410ns (70.730%)  route 0.583ns (29.270%))
  Logic Levels:           1  (OBUF=1)
  Clock Uncertainty:      0.258ns  ((TSJ^2 + DJ^2)^1/2) / 2 + PE
    Total System Jitter     (TSJ):    0.050ns
    Discrete Jitter          (DJ):    0.198ns
    Phase Error              (PE):    0.156ns

    Location             Delay type                Incr(ns)  Path(ns)    Netlist Resource(s)
  -------------------------------------------------------------------    -------------------
                         (clock clk_out2_pll rise edge)
                                                      0.000     0.000 r  
    AD12                                              0.000     0.000 r  i_sys_clk_p (IN)
                         net (fo=0)                   0.000     0.000    pll_inst/inst/clk_in1_p
    AD12                 IBUFDS (Prop_ibufds_I_O)     0.388     0.388 r  pll_inst/inst/clkin1_ibufgds/O
                         net (fo=1, routed)           1.083     1.471    pll_inst/inst/clk_in1_pll_buf
    BUFGCTRL_X0Y3        BUFG (Prop_bufg_I_O)         0.026     1.497 r  pll_inst/inst/clkin1_bufg1/O
                         net (fo=1, routed)           0.767     2.264    pll_inst/inst/clk_in1_pll
    PLLE2_ADV_X1Y0       PLLE2_ADV (Prop_plle2_adv_CLKIN1_CLKOUT1)
                                                     -1.938     0.326 r  pll_inst/inst/plle2_adv_inst/CLKOUT1
                         net (fo=1, routed)           1.145     1.471    pll_inst/inst/clk_out2_pll
    BUFGCTRL_X0Y0        BUFG (Prop_bufg_I_O)         0.026     1.497 r  pll_inst/inst/clkout2_buf/O
                         net (fo=34223, routed)       0.575     2.072    student_top_inst/bridge_inst/clk_out2
    SLICE_X21Y242        FDRE                                         r  student_top_inst/bridge_inst/LED_reg[9]_lopt_replica/C
  -------------------------------------------------------------------    -------------------
    SLICE_X21Y242        FDRE (Prop_fdre_C_Q)         0.100     2.172 r  student_top_inst/bridge_inst/LED_reg[9]_lopt_replica/Q
                         net (fo=1, routed)           0.583     2.756    lopt_31
    E23                  OBUF (Prop_obuf_I_O)         1.310     4.066 r  virtual_led_OBUF[9]_inst/O
                         net (fo=0)                   0.000     4.066    virtual_led[9]
    E23                                                               r  virtual_led[9] (OUT)
  -------------------------------------------------------------------    -------------------

Slack:                    inf
  Source:                 student_top_inst/bridge_inst/LED_reg[8]_lopt_replica/C
                            (rising edge-triggered cell FDRE clocked by clk_out2_pll  {rise@0.000ns fall@10.000ns period=20.000ns})
  Destination:            virtual_led[8]
                            (output port)
  Path Group:             (none)
  Path Type:              Min at Fast Process Corner
  Data Path Delay:        2.011ns  (logic 1.399ns (69.562%)  route 0.612ns (30.438%))
  Logic Levels:           1  (OBUF=1)
  Clock Uncertainty:      0.258ns  ((TSJ^2 + DJ^2)^1/2) / 2 + PE
    Total System Jitter     (TSJ):    0.050ns
    Discrete Jitter          (DJ):    0.198ns
    Phase Error              (PE):    0.156ns

    Location             Delay type                Incr(ns)  Path(ns)    Netlist Resource(s)
  -------------------------------------------------------------------    -------------------
                         (clock clk_out2_pll rise edge)
                                                      0.000     0.000 r  
    AD12                                              0.000     0.000 r  i_sys_clk_p (IN)
                         net (fo=0)                   0.000     0.000    pll_inst/inst/clk_in1_p
    AD12                 IBUFDS (Prop_ibufds_I_O)     0.388     0.388 r  pll_inst/inst/clkin1_ibufgds/O
                         net (fo=1, routed)           1.083     1.471    pll_inst/inst/clk_in1_pll_buf
    BUFGCTRL_X0Y3        BUFG (Prop_bufg_I_O)         0.026     1.497 r  pll_inst/inst/clkin1_bufg1/O
                         net (fo=1, routed)           0.767     2.264    pll_inst/inst/clk_in1_pll
    PLLE2_ADV_X1Y0       PLLE2_ADV (Prop_plle2_adv_CLKIN1_CLKOUT1)
                                                     -1.938     0.326 r  pll_inst/inst/plle2_adv_inst/CLKOUT1
                         net (fo=1, routed)           1.145     1.471    pll_inst/inst/clk_out2_pll
    BUFGCTRL_X0Y0        BUFG (Prop_bufg_I_O)         0.026     1.497 r  pll_inst/inst/clkout2_buf/O
                         net (fo=34223, routed)       0.573     2.070    student_top_inst/bridge_inst/clk_out2
    SLICE_X23Y238        FDRE                                         r  student_top_inst/bridge_inst/LED_reg[8]_lopt_replica/C
  -------------------------------------------------------------------    -------------------
    SLICE_X23Y238        FDRE (Prop_fdre_C_Q)         0.100     2.170 r  student_top_inst/bridge_inst/LED_reg[8]_lopt_replica/Q
                         net (fo=1, routed)           0.612     2.783    lopt_30
    G23                  OBUF (Prop_obuf_I_O)         1.299     4.082 r  virtual_led_OBUF[8]_inst/O
                         net (fo=0)                   0.000     4.082    virtual_led[8]
    G23                                                               r  virtual_led[8] (OUT)
  -------------------------------------------------------------------    -------------------

Slack:                    inf
  Source:                 student_top_inst/bridge_inst/LED_reg[7]_lopt_replica/C
                            (rising edge-triggered cell FDRE clocked by clk_out2_pll  {rise@0.000ns fall@10.000ns period=20.000ns})
  Destination:            virtual_led[7]
                            (output port)
  Path Group:             (none)
  Path Type:              Min at Fast Process Corner
  Data Path Delay:        2.054ns  (logic 1.454ns (70.784%)  route 0.600ns (29.216%))
  Logic Levels:           1  (OBUF=1)
  Clock Uncertainty:      0.258ns  ((TSJ^2 + DJ^2)^1/2) / 2 + PE
    Total System Jitter     (TSJ):    0.050ns
    Discrete Jitter          (DJ):    0.198ns
    Phase Error              (PE):    0.156ns

    Location             Delay type                Incr(ns)  Path(ns)    Netlist Resource(s)
  -------------------------------------------------------------------    -------------------
                         (clock clk_out2_pll rise edge)
                                                      0.000     0.000 r  
    AD12                                              0.000     0.000 r  i_sys_clk_p (IN)
                         net (fo=0)                   0.000     0.000    pll_inst/inst/clk_in1_p
    AD12                 IBUFDS (Prop_ibufds_I_O)     0.388     0.388 r  pll_inst/inst/clkin1_ibufgds/O
                         net (fo=1, routed)           1.083     1.471    pll_inst/inst/clk_in1_pll_buf
    BUFGCTRL_X0Y3        BUFG (Prop_bufg_I_O)         0.026     1.497 r  pll_inst/inst/clkin1_bufg1/O
                         net (fo=1, routed)           0.767     2.264    pll_inst/inst/clk_in1_pll
    PLLE2_ADV_X1Y0       PLLE2_ADV (Prop_plle2_adv_CLKIN1_CLKOUT1)
                                                     -1.938     0.326 r  pll_inst/inst/plle2_adv_inst/CLKOUT1
                         net (fo=1, routed)           1.145     1.471    pll_inst/inst/clk_out2_pll
    BUFGCTRL_X0Y0        BUFG (Prop_bufg_I_O)         0.026     1.497 r  pll_inst/inst/clkout2_buf/O
                         net (fo=34223, routed)       0.567     2.064    student_top_inst/bridge_inst/clk_out2
    SLICE_X13Y221        FDRE                                         r  student_top_inst/bridge_inst/LED_reg[7]_lopt_replica/C
  -------------------------------------------------------------------    -------------------
    SLICE_X13Y221        FDRE (Prop_fdre_C_Q)         0.100     2.164 r  student_top_inst/bridge_inst/LED_reg[7]_lopt_replica/Q
                         net (fo=1, routed)           0.600     2.764    lopt_29
    E29                  OBUF (Prop_obuf_I_O)         1.354     4.118 r  virtual_led_OBUF[7]_inst/O
                         net (fo=0)                   0.000     4.118    virtual_led[7]
    E29                                                               r  virtual_led[7] (OUT)
  -------------------------------------------------------------------    -------------------

Slack:                    inf
  Source:                 student_top_inst/bridge_inst/LED_reg[4]_lopt_replica/C
                            (rising edge-triggered cell FDRE clocked by clk_out2_pll  {rise@0.000ns fall@10.000ns period=20.000ns})
  Destination:            virtual_led[4]
                            (output port)
  Path Group:             (none)
  Path Type:              Min at Fast Process Corner
  Data Path Delay:        2.114ns  (logic 1.451ns (68.617%)  route 0.664ns (31.383%))
  Logic Levels:           1  (OBUF=1)
  Clock Uncertainty:      0.258ns  ((TSJ^2 + DJ^2)^1/2) / 2 + PE
    Total System Jitter     (TSJ):    0.050ns
    Discrete Jitter          (DJ):    0.198ns
    Phase Error              (PE):    0.156ns

    Location             Delay type                Incr(ns)  Path(ns)    Netlist Resource(s)
  -------------------------------------------------------------------    -------------------
                         (clock clk_out2_pll rise edge)
                                                      0.000     0.000 r  
    AD12                                              0.000     0.000 r  i_sys_clk_p (IN)
                         net (fo=0)                   0.000     0.000    pll_inst/inst/clk_in1_p
    AD12                 IBUFDS (Prop_ibufds_I_O)     0.388     0.388 r  pll_inst/inst/clkin1_ibufgds/O
                         net (fo=1, routed)           1.083     1.471    pll_inst/inst/clk_in1_pll_buf
    BUFGCTRL_X0Y3        BUFG (Prop_bufg_I_O)         0.026     1.497 r  pll_inst/inst/clkin1_bufg1/O
                         net (fo=1, routed)           0.767     2.264    pll_inst/inst/clk_in1_pll
    PLLE2_ADV_X1Y0       PLLE2_ADV (Prop_plle2_adv_CLKIN1_CLKOUT1)
                                                     -1.938     0.326 r  pll_inst/inst/plle2_adv_inst/CLKOUT1
                         net (fo=1, routed)           1.145     1.471    pll_inst/inst/clk_out2_pll
    BUFGCTRL_X0Y0        BUFG (Prop_bufg_I_O)         0.026     1.497 r  pll_inst/inst/clkout2_buf/O
                         net (fo=34223, routed)       0.561     2.058    student_top_inst/bridge_inst/clk_out2
    SLICE_X26Y227        FDRE                                         r  student_top_inst/bridge_inst/LED_reg[4]_lopt_replica/C
  -------------------------------------------------------------------    -------------------
    SLICE_X26Y227        FDRE (Prop_fdre_C_Q)         0.100     2.158 r  student_top_inst/bridge_inst/LED_reg[4]_lopt_replica/Q
                         net (fo=1, routed)           0.664     2.822    lopt_26
    C26                  OBUF (Prop_obuf_I_O)         1.351     4.173 r  virtual_led_OBUF[4]_inst/O
                         net (fo=0)                   0.000     4.173    virtual_led[4]
    C26                                                               r  virtual_led[4] (OUT)
  -------------------------------------------------------------------    -------------------

Slack:                    inf
  Source:                 student_top_inst/bridge_inst/LED_reg[3]_lopt_replica/C
                            (rising edge-triggered cell FDRE clocked by clk_out2_pll  {rise@0.000ns fall@10.000ns period=20.000ns})
  Destination:            virtual_led[3]
                            (output port)
  Path Group:             (none)
  Path Type:              Min at Fast Process Corner
  Data Path Delay:        2.124ns  (logic 1.417ns (66.717%)  route 0.707ns (33.283%))
  Logic Levels:           1  (OBUF=1)
  Clock Uncertainty:      0.258ns  ((TSJ^2 + DJ^2)^1/2) / 2 + PE
    Total System Jitter     (TSJ):    0.050ns
    Discrete Jitter          (DJ):    0.198ns
    Phase Error              (PE):    0.156ns

    Location             Delay type                Incr(ns)  Path(ns)    Netlist Resource(s)
  -------------------------------------------------------------------    -------------------
                         (clock clk_out2_pll rise edge)
                                                      0.000     0.000 r  
    AD12                                              0.000     0.000 r  i_sys_clk_p (IN)
                         net (fo=0)                   0.000     0.000    pll_inst/inst/clk_in1_p
    AD12                 IBUFDS (Prop_ibufds_I_O)     0.388     0.388 r  pll_inst/inst/clkin1_ibufgds/O
                         net (fo=1, routed)           1.083     1.471    pll_inst/inst/clk_in1_pll_buf
    BUFGCTRL_X0Y3        BUFG (Prop_bufg_I_O)         0.026     1.497 r  pll_inst/inst/clkin1_bufg1/O
                         net (fo=1, routed)           0.767     2.264    pll_inst/inst/clk_in1_pll
    PLLE2_ADV_X1Y0       PLLE2_ADV (Prop_plle2_adv_CLKIN1_CLKOUT1)
                                                     -1.938     0.326 r  pll_inst/inst/plle2_adv_inst/CLKOUT1
                         net (fo=1, routed)           1.145     1.471    pll_inst/inst/clk_out2_pll
    BUFGCTRL_X0Y0        BUFG (Prop_bufg_I_O)         0.026     1.497 r  pll_inst/inst/clkout2_buf/O
                         net (fo=34223, routed)       0.574     2.071    student_top_inst/bridge_inst/clk_out2
    SLICE_X23Y240        FDRE                                         r  student_top_inst/bridge_inst/LED_reg[3]_lopt_replica/C
  -------------------------------------------------------------------    -------------------
    SLICE_X23Y240        FDRE (Prop_fdre_C_Q)         0.100     2.171 r  student_top_inst/bridge_inst/LED_reg[3]_lopt_replica/Q
                         net (fo=1, routed)           0.707     2.878    lopt_25
    E25                  OBUF (Prop_obuf_I_O)         1.317     4.195 r  virtual_led_OBUF[3]_inst/O
                         net (fo=0)                   0.000     4.195    virtual_led[3]
    E25                                                               r  virtual_led[3] (OUT)
  -------------------------------------------------------------------    -------------------





--------------------------------------------------------------------------------------
Path Group:  (none)
From Clock:  
  To Clock:  clk_out1_pll

Max Delay             1 Endpoint
Min Delay             1 Endpoint
--------------------------------------------------------------------------------------


Max Delay Paths
--------------------------------------------------------------------------------------
Slack:                    inf
  Source:                 i_uart_rx
                            (input port)
  Destination:            uart_inst/rx_d0_reg/D
                            (rising edge-triggered cell FDPE clocked by clk_out1_pll  {rise@0.000ns fall@10.000ns period=20.000ns})
  Path Group:             (none)
  Path Type:              Setup (Max at Slow Process Corner)
  Data Path Delay:        2.968ns  (logic 1.533ns (51.653%)  route 1.435ns (48.347%))
  Logic Levels:           1  (IBUF=1)
  Clock Path Skew:        4.314ns (DCD - SCD + CPR)
    Destination Clock Delay (DCD):    4.314ns
    Source Clock Delay      (SCD):    0.000ns
    Clock Pessimism Removal (CPR):    0.000ns
  Clock Uncertainty:      0.258ns  ((TSJ^2 + DJ^2)^1/2) / 2 + PE
    Total System Jitter     (TSJ):    0.050ns
    Discrete Jitter          (DJ):    0.198ns
    Phase Error              (PE):    0.156ns

    Location             Delay type                Incr(ns)  Path(ns)    Netlist Resource(s)
  -------------------------------------------------------------------    -------------------
    D18                                               0.000     0.000 r  i_uart_rx (IN)
                         net (fo=0)                   0.000     0.000    i_uart_rx
    D18                  IBUF (Prop_ibuf_I_O)         1.533     1.533 r  i_uart_rx_IBUF_inst/O
                         net (fo=1, routed)           1.435     2.968    uart_inst/i_uart_rx_IBUF
    SLICE_X36Y274        FDPE                                         r  uart_inst/rx_d0_reg/D
  -------------------------------------------------------------------    -------------------

                         (clock clk_out1_pll rise edge)
                                                      0.000     0.000 r  
    AD12                                              0.000     0.000 r  i_sys_clk_p (IN)
                         net (fo=0)                   0.000     0.000    pll_inst/inst/clk_in1_p
    AD12                 IBUFDS (Prop_ibufds_I_O)     0.803     0.803 r  pll_inst/inst/clkin1_ibufgds/O
                         net (fo=1, routed)           2.173     2.976    pll_inst/inst/clk_in1_pll_buf
    BUFGCTRL_X0Y3        BUFG (Prop_bufg_I_O)         0.083     3.059 r  pll_inst/inst/clkin1_bufg1/O
                         net (fo=1, routed)           1.796     4.855    pll_inst/inst/clk_in1_pll
    PLLE2_ADV_X1Y0       PLLE2_ADV (Prop_plle2_adv_CLKIN1_CLKOUT0)
                                                     -4.213     0.642 r  pll_inst/inst/plle2_adv_inst/CLKOUT0
                         net (fo=1, routed)           2.334     2.976    pll_inst/inst/clk_out1_pll
    BUFGCTRL_X0Y1        BUFG (Prop_bufg_I_O)         0.083     3.059 r  pll_inst/inst/clkout1_buf/O
                         net (fo=353, routed)         1.255     4.314    uart_inst/clk_out1
    SLICE_X36Y274        FDPE                                         r  uart_inst/rx_d0_reg/C





Min Delay Paths
--------------------------------------------------------------------------------------
Slack:                    inf
  Source:                 i_uart_rx
                            (input port)
  Destination:            uart_inst/rx_d0_reg/D
                            (rising edge-triggered cell FDPE clocked by clk_out1_pll  {rise@0.000ns fall@10.000ns period=20.000ns})
  Path Group:             (none)
  Path Type:              Hold (Min at Fast Process Corner)
  Data Path Delay:        1.261ns  (logic 0.458ns (36.308%)  route 0.803ns (63.692%))
  Logic Levels:           1  (IBUF=1)
  Clock Path Skew:        2.510ns (DCD - SCD - CPR)
    Destination Clock Delay (DCD):    2.510ns
    Source Clock Delay      (SCD):    0.000ns
    Clock Pessimism Removal (CPR):    -0.000ns

    Location             Delay type                Incr(ns)  Path(ns)    Netlist Resource(s)
  -------------------------------------------------------------------    -------------------
    D18                                               0.000     0.000 r  i_uart_rx (IN)
                         net (fo=0)                   0.000     0.000    i_uart_rx
    D18                  IBUF (Prop_ibuf_I_O)         0.458     0.458 r  i_uart_rx_IBUF_inst/O
                         net (fo=1, routed)           0.803     1.261    uart_inst/i_uart_rx_IBUF
    SLICE_X36Y274        FDPE                                         r  uart_inst/rx_d0_reg/D
  -------------------------------------------------------------------    -------------------

                         (clock clk_out1_pll rise edge)
                                                      0.000     0.000 r  
    AD12                                              0.000     0.000 r  i_sys_clk_p (IN)
                         net (fo=0)                   0.000     0.000    pll_inst/inst/clk_in1_p
    AD12                 IBUFDS (Prop_ibufds_I_O)     0.470     0.470 r  pll_inst/inst/clkin1_ibufgds/O
                         net (fo=1, routed)           1.154     1.624    pll_inst/inst/clk_in1_pll_buf
    BUFGCTRL_X0Y3        BUFG (Prop_bufg_I_O)         0.030     1.654 r  pll_inst/inst/clkin1_bufg1/O
                         net (fo=1, routed)           1.037     2.691    pll_inst/inst/clk_in1_pll
    PLLE2_ADV_X1Y0       PLLE2_ADV (Prop_plle2_adv_CLKIN1_CLKOUT0)
                                                     -2.283     0.408 r  pll_inst/inst/plle2_adv_inst/CLKOUT0
                         net (fo=1, routed)           1.216     1.624    pll_inst/inst/clk_out1_pll
    BUFGCTRL_X0Y1        BUFG (Prop_bufg_I_O)         0.030     1.654 r  pll_inst/inst/clkout1_buf/O
                         net (fo=353, routed)         0.856     2.510    uart_inst/clk_out1
    SLICE_X36Y274        FDPE                                         r  uart_inst/rx_d0_reg/C





--------------------------------------------------------------------------------------
Path Group:  (none)
From Clock:  
  To Clock:  clk_out2_pll

Max Delay             1 Endpoint
Min Delay             1 Endpoint
--------------------------------------------------------------------------------------


Max Delay Paths
--------------------------------------------------------------------------------------
Slack:                    inf
  Source:                 student_top_inst/Core_cpu/u_ID/is_jalr_reg_reg/G
                            (positive level-sensitive latch)
  Destination:            student_top_inst/Core_cpu/is_jalr_ex_reg/D
                            (rising edge-triggered cell FDCE clocked by clk_out2_pll  {rise@0.000ns fall@10.000ns period=20.000ns})
  Path Group:             (none)
  Path Type:              Setup (Max at Slow Process Corner)
  Data Path Delay:        0.877ns  (logic 0.336ns (38.307%)  route 0.541ns (61.693%))
  Logic Levels:           2  (LDCE=1 LUT2=1)
  Clock Uncertainty:      0.258ns  ((TSJ^2 + DJ^2)^1/2) / 2 + PE
    Total System Jitter     (TSJ):    0.050ns
    Discrete Jitter          (DJ):    0.198ns
    Phase Error              (PE):    0.156ns

    Location             Delay type                Incr(ns)  Path(ns)    Netlist Resource(s)
  -------------------------------------------------------------------    -------------------
    SLICE_X25Y238        LDCE                         0.000     0.000 r  student_top_inst/Core_cpu/u_ID/is_jalr_reg_reg/G
    SLICE_X25Y238        LDCE (EnToQ_ldce_G_Q)        0.293     0.293 r  student_top_inst/Core_cpu/u_ID/is_jalr_reg_reg/Q
                         net (fo=1, routed)           0.541     0.834    student_top_inst/Core_cpu/u_ID/is_jalr_id
    SLICE_X25Y242        LUT2 (Prop_lut2_I0_O)        0.043     0.877 r  student_top_inst/Core_cpu/u_ID/is_jalr_ex_i_1/O
                         net (fo=1, routed)           0.000     0.877    student_top_inst/Core_cpu/is_jalr_ex
    SLICE_X25Y242        FDCE                                         r  student_top_inst/Core_cpu/is_jalr_ex_reg/D
  -------------------------------------------------------------------    -------------------

                         (clock clk_out2_pll rise edge)
                                                      0.000     0.000 r  
    AD12                                              0.000     0.000 r  i_sys_clk_p (IN)
                         net (fo=0)                   0.000     0.000    pll_inst/inst/clk_in1_p
    AD12                 IBUFDS (Prop_ibufds_I_O)     0.803     0.803 r  pll_inst/inst/clkin1_ibufgds/O
                         net (fo=1, routed)           2.173     2.976    pll_inst/inst/clk_in1_pll_buf
    BUFGCTRL_X0Y3        BUFG (Prop_bufg_I_O)         0.083     3.059 r  pll_inst/inst/clkin1_bufg1/O
                         net (fo=1, routed)           1.796     4.855    pll_inst/inst/clk_in1_pll
    PLLE2_ADV_X1Y0       PLLE2_ADV (Prop_plle2_adv_CLKIN1_CLKOUT1)
                                                     -4.213     0.642 r  pll_inst/inst/plle2_adv_inst/CLKOUT1
                         net (fo=1, routed)           2.334     2.976    pll_inst/inst/clk_out2_pll
    BUFGCTRL_X0Y0        BUFG (Prop_bufg_I_O)         0.083     3.059 r  pll_inst/inst/clkout2_buf/O
                         net (fo=34223, routed)       1.144     4.203    student_top_inst/Core_cpu/clk_out2
    SLICE_X25Y242        FDCE                                         r  student_top_inst/Core_cpu/is_jalr_ex_reg/C





Min Delay Paths
--------------------------------------------------------------------------------------
Slack:                    inf
  Source:                 student_top_inst/Core_cpu/u_ID/is_jalr_reg_reg/G
                            (positive level-sensitive latch)
  Destination:            student_top_inst/Core_cpu/is_jalr_ex_reg/D
                            (rising edge-triggered cell FDCE clocked by clk_out2_pll  {rise@0.000ns fall@10.000ns period=20.000ns})
  Path Group:             (none)
  Path Type:              Hold (Min at Fast Process Corner)
  Data Path Delay:        0.432ns  (logic 0.156ns (36.101%)  route 0.276ns (63.899%))
  Logic Levels:           2  (LDCE=1 LUT2=1)
  Clock Uncertainty:      0.258ns  ((TSJ^2 + DJ^2)^1/2) / 2 + PE
    Total System Jitter     (TSJ):    0.050ns
    Discrete Jitter          (DJ):    0.198ns
    Phase Error              (PE):    0.156ns

    Location             Delay type                Incr(ns)  Path(ns)    Netlist Resource(s)
  -------------------------------------------------------------------    -------------------
    SLICE_X25Y238        LDCE                         0.000     0.000 r  student_top_inst/Core_cpu/u_ID/is_jalr_reg_reg/G
    SLICE_X25Y238        LDCE (EnToQ_ldce_G_Q)        0.128     0.128 r  student_top_inst/Core_cpu/u_ID/is_jalr_reg_reg/Q
                         net (fo=1, routed)           0.276     0.404    student_top_inst/Core_cpu/u_ID/is_jalr_id
    SLICE_X25Y242        LUT2 (Prop_lut2_I0_O)        0.028     0.432 r  student_top_inst/Core_cpu/u_ID/is_jalr_ex_i_1/O
                         net (fo=1, routed)           0.000     0.432    student_top_inst/Core_cpu/is_jalr_ex
    SLICE_X25Y242        FDCE                                         r  student_top_inst/Core_cpu/is_jalr_ex_reg/D
  -------------------------------------------------------------------    -------------------

                         (clock clk_out2_pll rise edge)
                                                      0.000     0.000 r  
    AD12                                              0.000     0.000 r  i_sys_clk_p (IN)
                         net (fo=0)                   0.000     0.000    pll_inst/inst/clk_in1_p
    AD12                 IBUFDS (Prop_ibufds_I_O)     0.470     0.470 r  pll_inst/inst/clkin1_ibufgds/O
                         net (fo=1, routed)           1.154     1.624    pll_inst/inst/clk_in1_pll_buf
    BUFGCTRL_X0Y3        BUFG (Prop_bufg_I_O)         0.030     1.654 r  pll_inst/inst/clkin1_bufg1/O
                         net (fo=1, routed)           1.037     2.691    pll_inst/inst/clk_in1_pll
    PLLE2_ADV_X1Y0       PLLE2_ADV (Prop_plle2_adv_CLKIN1_CLKOUT1)
                                                     -2.283     0.408 r  pll_inst/inst/plle2_adv_inst/CLKOUT1
                         net (fo=1, routed)           1.216     1.624    pll_inst/inst/clk_out2_pll
    BUFGCTRL_X0Y0        BUFG (Prop_bufg_I_O)         0.030     1.654 r  pll_inst/inst/clkout2_buf/O
                         net (fo=34223, routed)       0.776     2.430    student_top_inst/Core_cpu/clk_out2
    SLICE_X25Y242        FDCE                                         r  student_top_inst/Core_cpu/is_jalr_ex_reg/C





